===== SAMPLE 11:18:45 (elapsed 0s) =====
--- runs ---
RUN-260715-9eb74d running ? ?
--- log sizes (bytes) ---
212	/Users/alexis/src/relux-works/skill-swift-relux/.temp/orch-loop-probe/demo-project/.temp/logwork/TASK-260715-17r8i9/-analyst--orchestrator--codex-.log
--- board ---
summary:{"active":[],"blocked":[],"byType":{"bug":{"total":0,"todo":0,"active":0,"done":0,"closed":0,"blocked":0},"epic":{"total":1,"todo":1,"active":0,"done":0,"closed":0,"blocked":0},"story":{"total":1,"todo":1,"active":0,"done":0,"closed":0,"blocked":0},"task":{"total":1,"todo":1,"active":0,"done":0,"closed":0,"blocked":0}}}
===== SAMPLE 11:19:05 (elapsed 20s) =====
--- runs ---
RUN-260715-9eb74d running ? ?
--- log sizes (bytes) ---
276	/Users/alexis/src/relux-works/skill-swift-relux/.temp/orch-loop-probe/demo-project/.temp/logwork/TASK-260715-17r8i9/-analyst--orchestrator--codex-.log
--- board ---
summary:{"active":[],"blocked":[],"byType":{"bug":{"total":0,"todo":0,"active":0,"done":0,"closed":0,"blocked":0},"epic":{"total":1,"todo":1,"active":0,"done":0,"closed":0,"blocked":0},"story":{"total":1,"todo":1,"active":0,"done":0,"closed":0,"blocked":0},"task":{"total":1,"todo":1,"active":0,"done":0,"closed":0,"blocked":0}}}
===== SAMPLE 11:19:25 (elapsed 40s) =====
--- runs ---
RUN-260715-9eb74d running ? ?
--- log sizes (bytes) ---
276	/Users/alexis/src/relux-works/skill-swift-relux/.temp/orch-loop-probe/demo-project/.temp/logwork/TASK-260715-17r8i9/-analyst--orchestrator--codex-.log
--- board ---
summary:{"active":[],"blocked":[],"byType":{"bug":{"total":0,"todo":0,"active":0,"done":0,"closed":0,"blocked":0},"epic":{"total":1,"todo":1,"active":0,"done":0,"closed":0,"blocked":0},"story":{"total":1,"todo":1,"active":0,"done":0,"closed":0,"blocked":0},"task":{"total":1,"todo":1,"active":0,"done":0,"closed":0,"blocked":0}}}
===== SAMPLE 11:19:45 (elapsed 60s) =====
--- runs ---
RUN-260715-9eb74d running ? ?
--- log sizes (bytes) ---
276	/Users/alexis/src/relux-works/skill-swift-relux/.temp/orch-loop-probe/demo-project/.temp/logwork/TASK-260715-17r8i9/-analyst--orchestrator--codex-.log
--- board ---
summary:{"active":[],"blocked":[],"byType":{"bug":{"total":0,"todo":0,"active":0,"done":0,"closed":0,"blocked":0},"epic":{"total":1,"todo":1,"active":0,"done":0,"closed":0,"blocked":0},"story":{"total":1,"todo":1,"active":0,"done":0,"closed":0,"blocked":0},"task":{"total":1,"todo":1,"active":0,"done":0,"closed":0,"blocked":0}}}
===== SAMPLE 11:20:05 (elapsed 80s) =====
--- runs ---
RUN-260715-9eb74d running ? ?
--- log sizes (bytes) ---
276	/Users/alexis/src/relux-works/skill-swift-relux/.temp/orch-loop-probe/demo-project/.temp/logwork/TASK-260715-17r8i9/-analyst--orchestrator--codex-.log
--- board ---
summary:{"active":[{"id":"EPIC-260715-hb60an","name":"wordstats-cli","status":"analysis"},{"id":"STORY-260715-l2vzgc","name":"orchestration","status":"analysis"},{"id":"TASK-260715-17r8i9","name":"orchestrate-wordstats-delivery","status":"analysis"}],"blocked":[],"byType":{"bug":{"total":0,"todo":0,"active":0,"done":0,"closed":0,"blocked":0},"epic":{"total":1,"todo":0,"active":1,"done":0,"closed":0,"blocked":0},"story":{"total":1,"todo":0,"active":1,"done":0,"closed":0,"blocked":0},"task":{"total":2,"todo":1,"active":1,"done":0,"closed":0,"blocked":0}}}
===== SAMPLE 11:20:25 (elapsed 100s) =====
--- runs ---
RUN-260715-9eb74d running ? ?
--- log sizes (bytes) ---
276	/Users/alexis/src/relux-works/skill-swift-relux/.temp/orch-loop-probe/demo-project/.temp/logwork/TASK-260715-17r8i9/-analyst--orchestrator--codex-.log
--- board ---
summary:{"active":[{"id":"EPIC-260715-hb60an","name":"wordstats-cli","status":"analysis"},{"id":"STORY-260715-l2vzgc","name":"orchestration","status":"analysis"},{"id":"TASK-260715-17r8i9","name":"orchestrate-wordstats-delivery","status":"analysis"}],"blocked":[],"byType":{"bug":{"total":0,"todo":0,"active":0,"done":0,"closed":0,"blocked":0},"epic":{"total":1,"todo":0,"active":1,"done":0,"closed":0,"blocked":0},"story":{"total":1,"todo":0,"active":1,"done":0,"closed":0,"blocked":0},"task":{"total":2,"todo":1,"active":1,"done":0,"closed":0,"blocked":0}}}
===== SAMPLE 11:20:45 (elapsed 120s) =====
--- runs ---
RUN-260715-91953c running ? ?
RUN-260715-9eb74d running ? ?
--- log sizes (bytes) ---
340	/Users/alexis/src/relux-works/skill-swift-relux/.temp/orch-loop-probe/demo-project/.temp/logwork/TASK-260715-17r8i9/-analyst--orchestrator--codex-.log
12	/Users/alexis/src/relux-works/skill-swift-relux/.temp/orch-loop-probe/demo-project/.temp/logwork/TASK-260715-20iwb4/-analyst--solution-architect--codex-.log
--- board ---
summary:{"active":[{"id":"EPIC-260715-hb60an","name":"wordstats-cli","status":"analysis"},{"id":"STORY-260715-l2vzgc","name":"orchestration","status":"analysis"},{"id":"TASK-260715-17r8i9","name":"orchestrate-wordstats-delivery","status":"analysis"}],"blocked":[],"byType":{"bug":{"total":0,"todo":0,"active":0,"done":0,"closed":0,"blocked":0},"epic":{"total":1,"todo":0,"active":1,"done":0,"closed":0,"blocked":0},"story":{"total":1,"todo":0,"active":1,"done":0,"closed":0,"blocked":0},"task":{"total":2,"todo":1,"active":1,"done":0,"closed":0,"blocked":0}}}
===== SAMPLE 11:21:05 (elapsed 140s) =====
--- runs ---
RUN-260715-91953c running ? ?
RUN-260715-9eb74d running ? ?
--- log sizes (bytes) ---
340	/Users/alexis/src/relux-works/skill-swift-relux/.temp/orch-loop-probe/demo-project/.temp/logwork/TASK-260715-17r8i9/-analyst--orchestrator--codex-.log
144	/Users/alexis/src/relux-works/skill-swift-relux/.temp/orch-loop-probe/demo-project/.temp/logwork/TASK-260715-20iwb4/-analyst--solution-architect--codex-.log
--- board ---
summary:{"active":[{"id":"EPIC-260715-hb60an","name":"wordstats-cli","status":"analysis"},{"id":"STORY-260715-l2vzgc","name":"orchestration","status":"analysis"},{"id":"TASK-260715-17r8i9","name":"orchestrate-wordstats-delivery","status":"analysis"},{"id":"TASK-260715-20iwb4","name":"decompose-wordstats-spec","status":"analysis"}],"blocked":[],"byType":{"bug":{"total":0,"todo":0,"active":0,"done":0,"closed":0,"blocked":0},"epic":{"total":1,"todo":0,"active":1,"done":0,"closed":0,"blocked":0},"story":{"total":1,"todo":0,"active":1,"done":0,"closed":0,"blocked":0},"task":{"total":2,"todo":0,"active":2,"done":0,"closed":0,"blocked":0}}}
===== SAMPLE 11:21:25 (elapsed 160s) =====
--- runs ---
RUN-260715-91953c running ? ?
RUN-260715-9eb74d running ? ?
--- log sizes (bytes) ---
340	/Users/alexis/src/relux-works/skill-swift-relux/.temp/orch-loop-probe/demo-project/.temp/logwork/TASK-260715-17r8i9/-analyst--orchestrator--codex-.log
208	/Users/alexis/src/relux-works/skill-swift-relux/.temp/orch-loop-probe/demo-project/.temp/logwork/TASK-260715-20iwb4/-analyst--solution-architect--codex-.log
--- board ---
summary:{"active":[{"id":"EPIC-260715-hb60an","name":"wordstats-cli","status":"analysis"},{"id":"STORY-260715-l2vzgc","name":"orchestration","status":"analysis"},{"id":"TASK-260715-17r8i9","name":"orchestrate-wordstats-delivery","status":"analysis"},{"id":"TASK-260715-20iwb4","name":"decompose-wordstats-spec","status":"analysis"}],"blocked":[],"byType":{"bug":{"total":0,"todo":0,"active":0,"done":0,"closed":0,"blocked":0},"epic":{"total":1,"todo":0,"active":1,"done":0,"closed":0,"blocked":0},"story":{"total":1,"todo":0,"active":1,"done":0,"closed":0,"blocked":0},"task":{"total":2,"todo":0,"active":2,"done":0,"closed":0,"blocked":0}}}
===== SAMPLE 11:21:45 (elapsed 180s) =====
--- runs ---
RUN-260715-91953c running ? ?
RUN-260715-9eb74d running ? ?
--- log sizes (bytes) ---
340	/Users/alexis/src/relux-works/skill-swift-relux/.temp/orch-loop-probe/demo-project/.temp/logwork/TASK-260715-17r8i9/-analyst--orchestrator--codex-.log
208	/Users/alexis/src/relux-works/skill-swift-relux/.temp/orch-loop-probe/demo-project/.temp/logwork/TASK-260715-20iwb4/-analyst--solution-architect--codex-.log
--- board ---
summary:{"active":[{"id":"EPIC-260715-hb60an","name":"wordstats-cli","status":"analysis"},{"id":"STORY-260715-l2vzgc","name":"orchestration","status":"analysis"},{"id":"TASK-260715-17r8i9","name":"orchestrate-wordstats-delivery","status":"analysis"},{"id":"TASK-260715-20iwb4","name":"decompose-wordstats-spec","status":"analysis"}],"blocked":[],"byType":{"bug":{"total":0,"todo":0,"active":0,"done":0,"closed":0,"blocked":0},"epic":{"total":1,"todo":0,"active":1,"done":0,"closed":0,"blocked":0},"story":{"total":1,"todo":0,"active":1,"done":0,"closed":0,"blocked":0},"task":{"total":2,"todo":0,"active":2,"done":0,"closed":0,"blocked":0}}}
===== SAMPLE 11:22:06 (elapsed 201s) =====
--- runs ---
RUN-260715-91953c running ? ?
RUN-260715-9eb74d running ? ?
--- log sizes (bytes) ---
340	/Users/alexis/src/relux-works/skill-swift-relux/.temp/orch-loop-probe/demo-project/.temp/logwork/TASK-260715-17r8i9/-analyst--orchestrator--codex-.log
208	/Users/alexis/src/relux-works/skill-swift-relux/.temp/orch-loop-probe/demo-project/.temp/logwork/TASK-260715-20iwb4/-analyst--solution-architect--codex-.log
--- board ---
summary:{"active":[{"id":"EPIC-260715-hb60an","name":"wordstats-cli","status":"analysis"},{"id":"STORY-260715-l2vzgc","name":"orchestration","status":"analysis"},{"id":"TASK-260715-17r8i9","name":"orchestrate-wordstats-delivery","status":"analysis"},{"id":"TASK-260715-20iwb4","name":"decompose-wordstats-spec","status":"analysis"}],"blocked":[],"byType":{"bug":{"total":0,"todo":0,"active":0,"done":0,"closed":0,"blocked":0},"epic":{"total":1,"todo":0,"active":1,"done":0,"closed":0,"blocked":0},"story":{"total":1,"todo":0,"active":1,"done":0,"closed":0,"blocked":0},"task":{"total":2,"todo":0,"active":2,"done":0,"closed":0,"blocked":0}}}
===== SAMPLE 11:22:26 (elapsed 221s) =====
--- runs ---
RUN-260715-91953c running ? ?
RUN-260715-9eb74d running ? ?
--- log sizes (bytes) ---
340	/Users/alexis/src/relux-works/skill-swift-relux/.temp/orch-loop-probe/demo-project/.temp/logwork/TASK-260715-17r8i9/-analyst--orchestrator--codex-.log
272	/Users/alexis/src/relux-works/skill-swift-relux/.temp/orch-loop-probe/demo-project/.temp/logwork/TASK-260715-20iwb4/-analyst--solution-architect--codex-.log
--- board ---
summary:{"active":[{"id":"EPIC-260715-hb60an","name":"wordstats-cli","status":"analysis"},{"id":"STORY-260715-l2vzgc","name":"orchestration","status":"analysis"},{"id":"TASK-260715-17r8i9","name":"orchestrate-wordstats-delivery","status":"analysis"},{"id":"TASK-260715-20iwb4","name":"decompose-wordstats-spec","status":"analysis"}],"blocked":[],"byType":{"bug":{"total":0,"todo":0,"active":0,"done":0,"closed":0,"blocked":0},"epic":{"total":1,"todo":0,"active":1,"done":0,"closed":0,"blocked":0},"story":{"total":1,"todo":0,"active":1,"done":0,"closed":0,"blocked":0},"task":{"total":2,"todo":0,"active":2,"done":0,"closed":0,"blocked":0}}}
===== SAMPLE 11:22:46 (elapsed 241s) =====
--- runs ---
RUN-260715-91953c running ? ?
RUN-260715-9eb74d running ? ?
--- log sizes (bytes) ---
340	/Users/alexis/src/relux-works/skill-swift-relux/.temp/orch-loop-probe/demo-project/.temp/logwork/TASK-260715-17r8i9/-analyst--orchestrator--codex-.log
272	/Users/alexis/src/relux-works/skill-swift-relux/.temp/orch-loop-probe/demo-project/.temp/logwork/TASK-260715-20iwb4/-analyst--solution-architect--codex-.log
--- board ---
summary:{"active":[{"id":"EPIC-260715-hb60an","name":"wordstats-cli","status":"analysis"},{"id":"STORY-260715-l2vzgc","name":"orchestration","status":"analysis"},{"id":"TASK-260715-17r8i9","name":"orchestrate-wordstats-delivery","status":"analysis"},{"id":"TASK-260715-20iwb4","name":"decompose-wordstats-spec","status":"analysis"}],"blocked":[],"byType":{"bug":{"total":0,"todo":0,"active":0,"done":0,"closed":0,"blocked":0},"epic":{"total":1,"todo":0,"active":1,"done":0,"closed":0,"blocked":0},"story":{"total":1,"todo":0,"active":1,"done":0,"closed":0,"blocked":0},"task":{"total":2,"todo":0,"active":2,"done":0,"closed":0,"blocked":0}}}
WAKE (interval elapsed, root=running)
===== SAMPLE 11:23:06 (elapsed 0s) =====
--- runs ---
RUN-260715-91953c running ? ?
RUN-260715-9eb74d running ? ?
--- log sizes (bytes) ---
340	/Users/alexis/src/relux-works/skill-swift-relux/.temp/orch-loop-probe/demo-project/.temp/logwork/TASK-260715-17r8i9/-analyst--orchestrator--codex-.log
272	/Users/alexis/src/relux-works/skill-swift-relux/.temp/orch-loop-probe/demo-project/.temp/logwork/TASK-260715-20iwb4/-analyst--solution-architect--codex-.log
--- board ---
summary:{"active":[{"id":"EPIC-260715-hb60an","name":"wordstats-cli","status":"analysis"},{"id":"STORY-260715-l2vzgc","name":"orchestration","status":"analysis"},{"id":"TASK-260715-17r8i9","name":"orchestrate-wordstats-delivery","status":"analysis"},{"id":"TASK-260715-20iwb4","name":"decompose-wordstats-spec","status":"analysis"}],"blocked":[],"byType":{"bug":{"total":0,"todo":0,"active":0,"done":0,"closed":0,"blocked":0},"epic":{"total":1,"todo":0,"active":1,"done":0,"closed":0,"blocked":0},"story":{"total":1,"todo":0,"active":1,"done":0,"closed":0,"blocked":0},"task":{"total":2,"todo":0,"active":2,"done":0,"closed":0,"blocked":0}}}
===== SAMPLE 11:23:26 (elapsed 20s) =====
--- runs ---
RUN-260715-91953c running ? ?
RUN-260715-9eb74d running ? ?
--- log sizes (bytes) ---
340	/Users/alexis/src/relux-works/skill-swift-relux/.temp/orch-loop-probe/demo-project/.temp/logwork/TASK-260715-17r8i9/-analyst--orchestrator--codex-.log
272	/Users/alexis/src/relux-works/skill-swift-relux/.temp/orch-loop-probe/demo-project/.temp/logwork/TASK-260715-20iwb4/-analyst--solution-architect--codex-.log
--- board ---
summary:{"active":[{"id":"EPIC-260715-hb60an","name":"wordstats-cli","status":"analysis"},{"id":"STORY-260715-l2vzgc","name":"orchestration","status":"analysis"},{"id":"TASK-260715-17r8i9","name":"orchestrate-wordstats-delivery","status":"analysis"},{"id":"TASK-260715-20iwb4","name":"decompose-wordstats-spec","status":"analysis"}],"blocked":[],"byType":{"bug":{"total":0,"todo":0,"active":0,"done":0,"closed":0,"blocked":0},"epic":{"total":1,"todo":0,"active":1,"done":0,"closed":0,"blocked":0},"story":{"total":1,"todo":0,"active":1,"done":0,"closed":0,"blocked":0},"task":{"total":2,"todo":0,"active":2,"done":0,"closed":0,"blocked":0}}}
===== SAMPLE 11:23:46 (elapsed 40s) =====
--- runs ---
RUN-260715-91953c running ? ?
RUN-260715-9eb74d running ? ?
--- log sizes (bytes) ---
404	/Users/alexis/src/relux-works/skill-swift-relux/.temp/orch-loop-probe/demo-project/.temp/logwork/TASK-260715-17r8i9/-analyst--orchestrator--codex-.log
272	/Users/alexis/src/relux-works/skill-swift-relux/.temp/orch-loop-probe/demo-project/.temp/logwork/TASK-260715-20iwb4/-analyst--solution-architect--codex-.log
--- board ---
summary:{"active":[{"id":"EPIC-260715-hb60an","name":"wordstats-cli","status":"analysis"},{"id":"STORY-260715-l2vzgc","name":"orchestration","status":"analysis"},{"id":"TASK-260715-17r8i9","name":"orchestrate-wordstats-delivery","status":"analysis"},{"id":"TASK-260715-20iwb4","name":"decompose-wordstats-spec","status":"analysis"}],"blocked":[],"byType":{"bug":{"total":0,"todo":0,"active":0,"done":0,"closed":0,"blocked":0},"epic":{"total":1,"todo":0,"active":1,"done":0,"closed":0,"blocked":0},"story":{"total":1,"todo":0,"active":1,"done":0,"closed":0,"blocked":0},"task":{"total":2,"todo":0,"active":2,"done":0,"closed":0,"blocked":0}}}
===== SAMPLE 11:24:06 (elapsed 60s) =====
--- runs ---
RUN-260715-91953c running ? ?
RUN-260715-9eb74d running ? ?
--- log sizes (bytes) ---
404	/Users/alexis/src/relux-works/skill-swift-relux/.temp/orch-loop-probe/demo-project/.temp/logwork/TASK-260715-17r8i9/-analyst--orchestrator--codex-.log
272	/Users/alexis/src/relux-works/skill-swift-relux/.temp/orch-loop-probe/demo-project/.temp/logwork/TASK-260715-20iwb4/-analyst--solution-architect--codex-.log
--- board ---
summary:{"active":[{"id":"EPIC-260715-hb60an","name":"wordstats-cli","status":"analysis"},{"id":"STORY-260715-l2vzgc","name":"orchestration","status":"analysis"},{"id":"TASK-260715-17r8i9","name":"orchestrate-wordstats-delivery","status":"analysis"},{"id":"TASK-260715-20iwb4","name":"decompose-wordstats-spec","status":"analysis"}],"blocked":[],"byType":{"bug":{"total":0,"todo":0,"active":0,"done":0,"closed":0,"blocked":0},"epic":{"total":1,"todo":0,"active":1,"done":0,"closed":0,"blocked":0},"story":{"total":6,"todo":5,"active":1,"done":0,"closed":0,"blocked":0},"task":{"total":2,"todo":0,"active":2,"done":0,"closed":0,"blocked":0}}}
===== SAMPLE 11:24:26 (elapsed 80s) =====
--- runs ---
RUN-260715-91953c running ? ?
RUN-260715-9eb74d running ? ?
--- log sizes (bytes) ---
404	/Users/alexis/src/relux-works/skill-swift-relux/.temp/orch-loop-probe/demo-project/.temp/logwork/TASK-260715-17r8i9/-analyst--orchestrator--codex-.log
272	/Users/alexis/src/relux-works/skill-swift-relux/.temp/orch-loop-probe/demo-project/.temp/logwork/TASK-260715-20iwb4/-analyst--solution-architect--codex-.log
--- board ---
summary:{"active":[{"id":"EPIC-260715-hb60an","name":"wordstats-cli","status":"analysis"},{"id":"STORY-260715-l2vzgc","name":"orchestration","status":"analysis"},{"id":"TASK-260715-17r8i9","name":"orchestrate-wordstats-delivery","status":"analysis"},{"id":"TASK-260715-20iwb4","name":"decompose-wordstats-spec","status":"analysis"}],"blocked":[],"byType":{"bug":{"total":0,"todo":0,"active":0,"done":0,"closed":0,"blocked":0},"epic":{"total":1,"todo":0,"active":1,"done":0,"closed":0,"blocked":0},"story":{"total":6,"todo":5,"active":1,"done":0,"closed":0,"blocked":0},"task":{"total":2,"todo":0,"active":2,"done":0,"closed":0,"blocked":0}}}
===== SAMPLE 11:24:46 (elapsed 100s) =====
--- runs ---
RUN-260715-91953c running ? ?
RUN-260715-9eb74d running ? ?
--- log sizes (bytes) ---
404	/Users/alexis/src/relux-works/skill-swift-relux/.temp/orch-loop-probe/demo-project/.temp/logwork/TASK-260715-17r8i9/-analyst--orchestrator--codex-.log
272	/Users/alexis/src/relux-works/skill-swift-relux/.temp/orch-loop-probe/demo-project/.temp/logwork/TASK-260715-20iwb4/-analyst--solution-architect--codex-.log
--- board ---
summary:{"active":[{"id":"EPIC-260715-hb60an","name":"wordstats-cli","status":"analysis"},{"id":"STORY-260715-l2vzgc","name":"orchestration","status":"analysis"},{"id":"TASK-260715-17r8i9","name":"orchestrate-wordstats-delivery","status":"analysis"},{"id":"TASK-260715-20iwb4","name":"decompose-wordstats-spec","status":"analysis"}],"blocked":[],"byType":{"bug":{"total":0,"todo":0,"active":0,"done":0,"closed":0,"blocked":0},"epic":{"total":1,"todo":0,"active":1,"done":0,"closed":0,"blocked":0},"story":{"total":6,"todo":5,"active":1,"done":0,"closed":0,"blocked":0},"task":{"total":14,"todo":12,"active":2,"done":0,"closed":0,"blocked":0}}}
===== SAMPLE 11:25:07 (elapsed 121s) =====
--- runs ---
RUN-260715-91953c running ? ?
RUN-260715-9eb74d running ? ?
--- log sizes (bytes) ---
404	/Users/alexis/src/relux-works/skill-swift-relux/.temp/orch-loop-probe/demo-project/.temp/logwork/TASK-260715-17r8i9/-analyst--orchestrator--codex-.log
272	/Users/alexis/src/relux-works/skill-swift-relux/.temp/orch-loop-probe/demo-project/.temp/logwork/TASK-260715-20iwb4/-analyst--solution-architect--codex-.log
--- board ---
summary:{"active":[{"id":"EPIC-260715-hb60an","name":"wordstats-cli","status":"analysis"},{"id":"STORY-260715-l2vzgc","name":"orchestration","status":"analysis"},{"id":"TASK-260715-17r8i9","name":"orchestrate-wordstats-delivery","status":"analysis"},{"id":"TASK-260715-20iwb4","name":"decompose-wordstats-spec","status":"analysis"}],"blocked":[],"byType":{"bug":{"total":0,"todo":0,"active":0,"done":0,"closed":0,"blocked":0},"epic":{"total":1,"todo":0,"active":1,"done":0,"closed":0,"blocked":0},"story":{"total":6,"todo":5,"active":1,"done":0,"closed":0,"blocked":0},"task":{"total":14,"todo":12,"active":2,"done":0,"closed":0,"blocked":0}}}
===== SAMPLE 11:25:27 (elapsed 141s) =====
--- runs ---
RUN-260715-91953c running ? ?
RUN-260715-9eb74d running ? ?
--- log sizes (bytes) ---
404	/Users/alexis/src/relux-works/skill-swift-relux/.temp/orch-loop-probe/demo-project/.temp/logwork/TASK-260715-17r8i9/-analyst--orchestrator--codex-.log
272	/Users/alexis/src/relux-works/skill-swift-relux/.temp/orch-loop-probe/demo-project/.temp/logwork/TASK-260715-20iwb4/-analyst--solution-architect--codex-.log
--- board ---
summary:{"active":[{"id":"EPIC-260715-hb60an","name":"wordstats-cli","status":"analysis"},{"id":"STORY-260715-l2vzgc","name":"orchestration","status":"analysis"},{"id":"TASK-260715-17r8i9","name":"orchestrate-wordstats-delivery","status":"analysis"},{"id":"TASK-260715-20iwb4","name":"decompose-wordstats-spec","status":"analysis"}],"blocked":[],"byType":{"bug":{"total":0,"todo":0,"active":0,"done":0,"closed":0,"blocked":0},"epic":{"total":1,"todo":0,"active":1,"done":0,"closed":0,"blocked":0},"story":{"total":6,"todo":5,"active":1,"done":0,"closed":0,"blocked":0},"task":{"total":14,"todo":12,"active":2,"done":0,"closed":0,"blocked":0}}}
===== SAMPLE 11:25:47 (elapsed 161s) =====
--- runs ---
RUN-260715-91953c running ? ?
RUN-260715-9eb74d running ? ?
--- log sizes (bytes) ---
404	/Users/alexis/src/relux-works/skill-swift-relux/.temp/orch-loop-probe/demo-project/.temp/logwork/TASK-260715-17r8i9/-analyst--orchestrator--codex-.log
272	/Users/alexis/src/relux-works/skill-swift-relux/.temp/orch-loop-probe/demo-project/.temp/logwork/TASK-260715-20iwb4/-analyst--solution-architect--codex-.log
--- board ---
summary:{"active":[{"id":"EPIC-260715-hb60an","name":"wordstats-cli","status":"analysis"},{"id":"STORY-260715-l2vzgc","name":"orchestration","status":"analysis"},{"id":"TASK-260715-17r8i9","name":"orchestrate-wordstats-delivery","status":"analysis"},{"id":"TASK-260715-20iwb4","name":"decompose-wordstats-spec","status":"analysis"}],"blocked":[],"byType":{"bug":{"total":0,"todo":0,"active":0,"done":0,"closed":0,"blocked":0},"epic":{"total":1,"todo":0,"active":1,"done":0,"closed":0,"blocked":0},"story":{"total":6,"todo":5,"active":1,"done":0,"closed":0,"blocked":0},"task":{"total":14,"todo":12,"active":2,"done":0,"closed":0,"blocked":0}}}
===== SAMPLE 11:26:07 (elapsed 181s) =====
--- runs ---
RUN-260715-91953c running ? ?
RUN-260715-9eb74d running ? ?
--- log sizes (bytes) ---
404	/Users/alexis/src/relux-works/skill-swift-relux/.temp/orch-loop-probe/demo-project/.temp/logwork/TASK-260715-17r8i9/-analyst--orchestrator--codex-.log
272	/Users/alexis/src/relux-works/skill-swift-relux/.temp/orch-loop-probe/demo-project/.temp/logwork/TASK-260715-20iwb4/-analyst--solution-architect--codex-.log
--- board ---
summary:{"active":[{"id":"EPIC-260715-hb60an","name":"wordstats-cli","status":"analysis"},{"id":"STORY-260715-l2vzgc","name":"orchestration","status":"analysis"},{"id":"TASK-260715-17r8i9","name":"orchestrate-wordstats-delivery","status":"analysis"},{"id":"TASK-260715-20iwb4","name":"decompose-wordstats-spec","status":"analysis"}],"blocked":[],"byType":{"bug":{"total":0,"todo":0,"active":0,"done":0,"closed":0,"blocked":0},"epic":{"total":1,"todo":0,"active":1,"done":0,"closed":0,"blocked":0},"story":{"total":6,"todo":5,"active":1,"done":0,"closed":0,"blocked":0},"task":{"total":14,"todo":12,"active":2,"done":0,"closed":0,"blocked":0}}}
===== SAMPLE 11:26:27 (elapsed 201s) =====
--- runs ---
RUN-260715-91953c running ? ?
RUN-260715-9eb74d running ? ?
--- log sizes (bytes) ---
404	/Users/alexis/src/relux-works/skill-swift-relux/.temp/orch-loop-probe/demo-project/.temp/logwork/TASK-260715-17r8i9/-analyst--orchestrator--codex-.log
272	/Users/alexis/src/relux-works/skill-swift-relux/.temp/orch-loop-probe/demo-project/.temp/logwork/TASK-260715-20iwb4/-analyst--solution-architect--codex-.log
--- board ---
summary:{"active":[{"id":"EPIC-260715-hb60an","name":"wordstats-cli","status":"analysis"},{"id":"STORY-260715-l2vzgc","name":"orchestration","status":"analysis"},{"id":"TASK-260715-17r8i9","name":"orchestrate-wordstats-delivery","status":"analysis"},{"id":"TASK-260715-20iwb4","name":"decompose-wordstats-spec","status":"analysis"}],"blocked":[],"byType":{"bug":{"total":0,"todo":0,"active":0,"done":0,"closed":0,"blocked":0},"epic":{"total":1,"todo":0,"active":1,"done":0,"closed":0,"blocked":0},"story":{"total":6,"todo":5,"active":1,"done":0,"closed":0,"blocked":0},"task":{"total":14,"todo":12,"active":2,"done":0,"closed":0,"blocked":0}}}
===== SAMPLE 11:26:47 (elapsed 221s) =====
--- runs ---
RUN-260715-91953c running ? ?
RUN-260715-9eb74d running ? ?
--- log sizes (bytes) ---
404	/Users/alexis/src/relux-works/skill-swift-relux/.temp/orch-loop-probe/demo-project/.temp/logwork/TASK-260715-17r8i9/-analyst--orchestrator--codex-.log
272	/Users/alexis/src/relux-works/skill-swift-relux/.temp/orch-loop-probe/demo-project/.temp/logwork/TASK-260715-20iwb4/-analyst--solution-architect--codex-.log
--- board ---
summary:{"active":[{"id":"EPIC-260715-hb60an","name":"wordstats-cli","status":"analysis"},{"id":"STORY-260715-l2vzgc","name":"orchestration","status":"analysis"},{"id":"TASK-260715-17r8i9","name":"orchestrate-wordstats-delivery","status":"analysis"},{"id":"TASK-260715-20iwb4","name":"decompose-wordstats-spec","status":"analysis"}],"blocked":[],"byType":{"bug":{"total":0,"todo":0,"active":0,"done":0,"closed":0,"blocked":0},"epic":{"total":1,"todo":0,"active":1,"done":0,"closed":0,"blocked":0},"story":{"total":6,"todo":5,"active":1,"done":0,"closed":0,"blocked":0},"task":{"total":14,"todo":12,"active":2,"done":0,"closed":0,"blocked":0}}}
===== SAMPLE 11:27:07 (elapsed 241s) =====
--- runs ---
RUN-260715-91953c running ? ?
RUN-260715-9eb74d running ? ?
--- log sizes (bytes) ---
404	/Users/alexis/src/relux-works/skill-swift-relux/.temp/orch-loop-probe/demo-project/.temp/logwork/TASK-260715-17r8i9/-analyst--orchestrator--codex-.log
336	/Users/alexis/src/relux-works/skill-swift-relux/.temp/orch-loop-probe/demo-project/.temp/logwork/TASK-260715-20iwb4/-analyst--solution-architect--codex-.log
--- board ---
summary:{"active":[{"id":"EPIC-260715-hb60an","name":"wordstats-cli","status":"analysis"},{"id":"STORY-260715-l2vzgc","name":"orchestration","status":"analysis"},{"id":"TASK-260715-17r8i9","name":"orchestrate-wordstats-delivery","status":"analysis"},{"id":"TASK-260715-20iwb4","name":"decompose-wordstats-spec","status":"analysis"}],"blocked":[{"blockedBy":["STORY-260715-18orjv","STORY-260715-nb3xui"],"id":"STORY-260715-1tdoj1","name":"user-documentation"},{"blockedBy":["TASK-260715-ci3o2j","TASK-260715-3pofvo"],"id":"TASK-260715-3fq1lx","name":"document-wordstats-usage-tools"},{"blockedBy":["STORY-260715-18orjv"],"id":"STORY-260715-2rp9r2","name":"stats-engine"},{"blockedBy":["TASK-260715-ej266r","TASK-260715-1zix5s"],"id":"TASK-260715-2bocgg","name":"implement-counting-logic"},{"blockedBy":["TASK-260715-ej266r","TASK-260715-1zix5s"],"id":"TASK-260715-erqnfs","name":"implement-top-words-logic"},{"blockedBy":["STORY-260715-18orjv","STORY-260715-2rp9r2","STORY-260715-nb3xui","STORY-260715-1tdoj1"],"id":"STORY-260715-3ni02s","name":"automated-verification"},{"blockedBy":["TASK-260715-ej266r","TASK-260715-erqnfs"],"id":"TASK-260715-25wdqr","name":"add-top-words-table-tests"},{"blockedBy":["TASK-260715-ej266r","TASK-260715-ci3o2j","TASK-260715-3pofvo"],"id":"TASK-260715-2lpg9c","name":"add-cli-contract-tests"},{"blockedBy":["TASK-260715-ej266r","TASK-260715-2bocgg"],"id":"TASK-260715-2r44i0","name":"add-counting-table-tests"},{"blockedBy":["TASK-260715-2r44i0","TASK-260715-25wdqr","TASK-260715-2lpg9c","TASK-260715-3fq1lx"],"id":"TASK-260715-4y3dqa","name":"run-final-go-quality-gates"},{"blockedBy":["STORY-260715-18orjv","STORY-260715-2rp9r2"],"id":"STORY-260715-nb3xui","name":"cli-application"},{"blockedBy":["TASK-260715-ci3o2j","TASK-260715-1zix5s"],"id":"TASK-260715-2rbap5","name":"implement-input-error-handling"},{"blockedBy":["TASK-260715-ci3o2j","TASK-260715-2bocgg","TASK-260715-erqnfs","TASK-260715-2rbap5"],"id":"TASK-260715-3pofvo","name":"implement-output-flag-orchestration"}],"byType":{"bug":{"total":0,"todo":0,"active":0,"done":0,"closed":0,"blocked":0},"epic":{"total":1,"todo":0,"active":1,"done":0,"closed":0,"blocked":0},"story":{"total":6,"todo":5,"active":1,"done":0,"closed":0,"blocked":0},"task":{"total":14,"todo":12,"active":2,"done":0,"closed":0,"blocked":0}}}
===== SAMPLE 11:27:27 (elapsed 261s) =====
--- runs ---
RUN-260715-91953c running ? ?
RUN-260715-9eb74d running ? ?
--- log sizes (bytes) ---
404	/Users/alexis/src/relux-works/skill-swift-relux/.temp/orch-loop-probe/demo-project/.temp/logwork/TASK-260715-17r8i9/-analyst--orchestrator--codex-.log
336	/Users/alexis/src/relux-works/skill-swift-relux/.temp/orch-loop-probe/demo-project/.temp/logwork/TASK-260715-20iwb4/-analyst--solution-architect--codex-.log
--- board ---
summary:{"active":[{"id":"EPIC-260715-hb60an","name":"wordstats-cli","status":"analysis"},{"id":"STORY-260715-l2vzgc","name":"orchestration","status":"analysis"},{"id":"TASK-260715-17r8i9","name":"orchestrate-wordstats-delivery","status":"analysis"},{"id":"TASK-260715-20iwb4","name":"decompose-wordstats-spec","status":"analysis"}],"blocked":[{"blockedBy":["STORY-260715-18orjv","STORY-260715-nb3xui"],"id":"STORY-260715-1tdoj1","name":"user-documentation"},{"blockedBy":["TASK-260715-ci3o2j","TASK-260715-3pofvo"],"id":"TASK-260715-3fq1lx","name":"document-wordstats-usage-tools"},{"blockedBy":["STORY-260715-18orjv"],"id":"STORY-260715-2rp9r2","name":"stats-engine"},{"blockedBy":["TASK-260715-ej266r","TASK-260715-1zix5s"],"id":"TASK-260715-2bocgg","name":"implement-counting-logic"},{"blockedBy":["TASK-260715-ej266r","TASK-260715-1zix5s"],"id":"TASK-260715-erqnfs","name":"implement-top-words-logic"},{"blockedBy":["STORY-260715-18orjv","STORY-260715-2rp9r2","STORY-260715-nb3xui","STORY-260715-1tdoj1"],"id":"STORY-260715-3ni02s","name":"automated-verification"},{"blockedBy":["TASK-260715-ej266r","TASK-260715-erqnfs"],"id":"TASK-260715-25wdqr","name":"add-top-words-table-tests"},{"blockedBy":["TASK-260715-ej266r","TASK-260715-ci3o2j","TASK-260715-3pofvo"],"id":"TASK-260715-2lpg9c","name":"add-cli-contract-tests"},{"blockedBy":["TASK-260715-ej266r","TASK-260715-2bocgg"],"id":"TASK-260715-2r44i0","name":"add-counting-table-tests"},{"blockedBy":["TASK-260715-2r44i0","TASK-260715-25wdqr","TASK-260715-2lpg9c","TASK-260715-3fq1lx"],"id":"TASK-260715-4y3dqa","name":"run-final-go-quality-gates"},{"blockedBy":["STORY-260715-18orjv","STORY-260715-2rp9r2"],"id":"STORY-260715-nb3xui","name":"cli-application"},{"blockedBy":["TASK-260715-ci3o2j","TASK-260715-1zix5s"],"id":"TASK-260715-2rbap5","name":"implement-input-error-handling"},{"blockedBy":["TASK-260715-ci3o2j","TASK-260715-2bocgg","TASK-260715-erqnfs","TASK-260715-2rbap5"],"id":"TASK-260715-3pofvo","name":"implement-output-flag-orchestration"}],"byType":{"bug":{"total":0,"todo":0,"active":0,"done":0,"closed":0,"blocked":0},"epic":{"total":1,"todo":0,"active":1,"done":0,"closed":0,"blocked":0},"story":{"total":6,"todo":5,"active":1,"done":0,"closed":0,"blocked":0},"task":{"total":14,"todo":12,"active":2,"done":0,"closed":0,"blocked":0}}}
===== SAMPLE 11:27:47 (elapsed 281s) =====
--- runs ---
RUN-260715-91953c running ? ?
RUN-260715-9eb74d running ? ?
--- log sizes (bytes) ---
404	/Users/alexis/src/relux-works/skill-swift-relux/.temp/orch-loop-probe/demo-project/.temp/logwork/TASK-260715-17r8i9/-analyst--orchestrator--codex-.log
336	/Users/alexis/src/relux-works/skill-swift-relux/.temp/orch-loop-probe/demo-project/.temp/logwork/TASK-260715-20iwb4/-analyst--solution-architect--codex-.log
--- board ---
summary:{"active":[{"id":"EPIC-260715-hb60an","name":"wordstats-cli","status":"analysis"},{"id":"STORY-260715-l2vzgc","name":"orchestration","status":"analysis"},{"id":"TASK-260715-17r8i9","name":"orchestrate-wordstats-delivery","status":"analysis"},{"id":"TASK-260715-20iwb4","name":"decompose-wordstats-spec","status":"analysis"}],"blocked":[{"blockedBy":["STORY-260715-18orjv","STORY-260715-nb3xui"],"id":"STORY-260715-1tdoj1","name":"user-documentation"},{"blockedBy":["TASK-260715-ci3o2j","TASK-260715-3pofvo"],"id":"TASK-260715-3fq1lx","name":"document-wordstats-usage-tools"},{"blockedBy":["STORY-260715-18orjv"],"id":"STORY-260715-2rp9r2","name":"stats-engine"},{"blockedBy":["TASK-260715-ej266r","TASK-260715-1zix5s"],"id":"TASK-260715-2bocgg","name":"implement-counting-logic"},{"blockedBy":["TASK-260715-ej266r","TASK-260715-1zix5s"],"id":"TASK-260715-erqnfs","name":"implement-top-words-logic"},{"blockedBy":["STORY-260715-18orjv","STORY-260715-2rp9r2","STORY-260715-nb3xui","STORY-260715-1tdoj1"],"id":"STORY-260715-3ni02s","name":"automated-verification"},{"blockedBy":["TASK-260715-ej266r","TASK-260715-erqnfs"],"id":"TASK-260715-25wdqr","name":"add-top-words-table-tests"},{"blockedBy":["TASK-260715-ej266r","TASK-260715-ci3o2j","TASK-260715-3pofvo"],"id":"TASK-260715-2lpg9c","name":"add-cli-contract-tests"},{"blockedBy":["TASK-260715-ej266r","TASK-260715-2bocgg"],"id":"TASK-260715-2r44i0","name":"add-counting-table-tests"},{"blockedBy":["TASK-260715-2r44i0","TASK-260715-25wdqr","TASK-260715-2lpg9c","TASK-260715-3fq1lx"],"id":"TASK-260715-4y3dqa","name":"run-final-go-quality-gates"},{"blockedBy":["STORY-260715-18orjv","STORY-260715-2rp9r2"],"id":"STORY-260715-nb3xui","name":"cli-application"},{"blockedBy":["TASK-260715-ci3o2j","TASK-260715-1zix5s"],"id":"TASK-260715-2rbap5","name":"implement-input-error-handling"},{"blockedBy":["TASK-260715-ci3o2j","TASK-260715-2bocgg","TASK-260715-erqnfs","TASK-260715-2rbap5"],"id":"TASK-260715-3pofvo","name":"implement-output-flag-orchestration"}],"byType":{"bug":{"total":0,"todo":0,"active":0,"done":0,"closed":0,"blocked":0},"epic":{"total":1,"todo":0,"active":1,"done":0,"closed":0,"blocked":0},"story":{"total":6,"todo":5,"active":1,"done":0,"closed":0,"blocked":0},"task":{"total":14,"todo":12,"active":2,"done":0,"closed":0,"blocked":0}}}
===== SAMPLE 11:28:07 (elapsed 301s) =====
--- runs ---
RUN-260715-91953c running ? ?
RUN-260715-9eb74d running ? ?
--- log sizes (bytes) ---
468	/Users/alexis/src/relux-works/skill-swift-relux/.temp/orch-loop-probe/demo-project/.temp/logwork/TASK-260715-17r8i9/-analyst--orchestrator--codex-.log
336	/Users/alexis/src/relux-works/skill-swift-relux/.temp/orch-loop-probe/demo-project/.temp/logwork/TASK-260715-20iwb4/-analyst--solution-architect--codex-.log
--- board ---
summary:{"active":[{"id":"EPIC-260715-hb60an","name":"wordstats-cli","status":"analysis"},{"id":"STORY-260715-l2vzgc","name":"orchestration","status":"analysis"},{"id":"TASK-260715-17r8i9","name":"orchestrate-wordstats-delivery","status":"analysis"},{"id":"TASK-260715-20iwb4","name":"decompose-wordstats-spec","status":"analysis"}],"blocked":[{"blockedBy":["STORY-260715-18orjv","STORY-260715-nb3xui"],"id":"STORY-260715-1tdoj1","name":"user-documentation"},{"blockedBy":["TASK-260715-ci3o2j","TASK-260715-3pofvo"],"id":"TASK-260715-3fq1lx","name":"document-wordstats-usage-tools"},{"blockedBy":["STORY-260715-18orjv"],"id":"STORY-260715-2rp9r2","name":"stats-engine"},{"blockedBy":["TASK-260715-ej266r","TASK-260715-1zix5s"],"id":"TASK-260715-2bocgg","name":"implement-counting-logic"},{"blockedBy":["TASK-260715-ej266r","TASK-260715-1zix5s"],"id":"TASK-260715-erqnfs","name":"implement-top-words-logic"},{"blockedBy":["STORY-260715-18orjv","STORY-260715-2rp9r2","STORY-260715-nb3xui","STORY-260715-1tdoj1"],"id":"STORY-260715-3ni02s","name":"automated-verification"},{"blockedBy":["TASK-260715-ej266r","TASK-260715-erqnfs"],"id":"TASK-260715-25wdqr","name":"add-top-words-table-tests"},{"blockedBy":["TASK-260715-ej266r","TASK-260715-ci3o2j","TASK-260715-3pofvo"],"id":"TASK-260715-2lpg9c","name":"add-cli-contract-tests"},{"blockedBy":["TASK-260715-ej266r","TASK-260715-2bocgg"],"id":"TASK-260715-2r44i0","name":"add-counting-table-tests"},{"blockedBy":["STORY-260715-18orjv","STORY-260715-2rp9r2"],"id":"STORY-260715-nb3xui","name":"cli-application"},{"blockedBy":["TASK-260715-ci3o2j","TASK-260715-1zix5s"],"id":"TASK-260715-2rbap5","name":"implement-input-error-handling"},{"blockedBy":["TASK-260715-ci3o2j","TASK-260715-2bocgg","TASK-260715-erqnfs","TASK-260715-2rbap5"],"id":"TASK-260715-3pofvo","name":"implement-output-flag-orchestration"},{"blockedBy":["TASK-260715-2r44i0","TASK-260715-25wdqr","TASK-260715-2lpg9c","TASK-260715-3fq1lx"],"id":"TASK-260715-4y3dqa","name":"run-final-go-quality-gates"}],"byType":{"bug":{"total":0,"todo":0,"active":0,"done":0,"closed":0,"blocked":0},"epic":{"total":1,"todo":0,"active":1,"done":0,"closed":0,"blocked":0},"story":{"total":7,"todo":6,"active":1,"done":0,"closed":0,"blocked":0},"task":{"total":14,"todo":12,"active":2,"done":0,"closed":0,"blocked":0}}}
WAKE (interval elapsed, root=running)
===== SAMPLE 11:28:40 (elapsed 0s) =====
--- runs ---
RUN-260715-91953c running ? ?
RUN-260715-9eb74d running ? ?
--- log sizes (bytes) ---
468	/Users/alexis/src/relux-works/skill-swift-relux/.temp/orch-loop-probe/demo-project/.temp/logwork/TASK-260715-17r8i9/-analyst--orchestrator--codex-.log
336	/Users/alexis/src/relux-works/skill-swift-relux/.temp/orch-loop-probe/demo-project/.temp/logwork/TASK-260715-20iwb4/-analyst--solution-architect--codex-.log
--- board ---
summary:{"active":[{"id":"EPIC-260715-hb60an","name":"wordstats-cli","status":"analysis"},{"id":"STORY-260715-l2vzgc","name":"orchestration","status":"analysis"},{"id":"TASK-260715-17r8i9","name":"orchestrate-wordstats-delivery","status":"analysis"},{"id":"TASK-260715-20iwb4","name":"decompose-wordstats-spec","status":"analysis"}],"blocked":[{"blockedBy":["STORY-260715-18orjv","STORY-260715-nb3xui"],"id":"STORY-260715-1tdoj1","name":"user-documentation"},{"blockedBy":["TASK-260715-ci3o2j","TASK-260715-3pofvo"],"id":"TASK-260715-3fq1lx","name":"document-wordstats-usage-tools"},{"blockedBy":["STORY-260715-18orjv"],"id":"STORY-260715-2rp9r2","name":"stats-engine"},{"blockedBy":["TASK-260715-ej266r","TASK-260715-1zix5s"],"id":"TASK-260715-2bocgg","name":"implement-counting-logic"},{"blockedBy":["TASK-260715-ej266r","TASK-260715-1zix5s"],"id":"TASK-260715-erqnfs","name":"implement-top-words-logic"},{"blockedBy":["STORY-260715-18orjv","STORY-260715-2rp9r2","STORY-260715-nb3xui"],"id":"STORY-260715-3ni02s","name":"automated-verification"},{"blockedBy":["TASK-260715-ej266r","TASK-260715-erqnfs"],"id":"TASK-260715-25wdqr","name":"add-top-words-table-tests"},{"blockedBy":["TASK-260715-ej266r","TASK-260715-ci3o2j","TASK-260715-3pofvo"],"id":"TASK-260715-2lpg9c","name":"add-cli-contract-tests"},{"blockedBy":["TASK-260715-ej266r","TASK-260715-2bocgg"],"id":"TASK-260715-2r44i0","name":"add-counting-table-tests"},{"blockedBy":["STORY-260715-18orjv","STORY-260715-2rp9r2"],"id":"STORY-260715-nb3xui","name":"cli-application"},{"blockedBy":["TASK-260715-ci3o2j","TASK-260715-1zix5s"],"id":"TASK-260715-2rbap5","name":"implement-input-error-handling"},{"blockedBy":["TASK-260715-ci3o2j","TASK-260715-2bocgg","TASK-260715-erqnfs","TASK-260715-2rbap5"],"id":"TASK-260715-3pofvo","name":"implement-output-flag-orchestration"},{"blockedBy":["STORY-260715-3ni02s","STORY-260715-1tdoj1"],"id":"STORY-260715-oym9iz","name":"delivery-quality-gates"},{"blockedBy":["TASK-260715-2r44i0","TASK-260715-25wdqr","TASK-260715-2lpg9c","TASK-260715-3fq1lx"],"id":"TASK-260715-4y3dqa","name":"run-final-go-quality-gates"}],"byType":{"bug":{"total":0,"todo":0,"active":0,"done":0,"closed":0,"blocked":0},"epic":{"total":1,"todo":0,"active":1,"done":0,"closed":0,"blocked":0},"story":{"total":7,"todo":6,"active":1,"done":0,"closed":0,"blocked":0},"task":{"total":14,"todo":12,"active":2,"done":0,"closed":0,"blocked":0}}}
===== SAMPLE 11:29:00 (elapsed 20s) =====
--- runs ---
RUN-260715-91953c running ? ?
RUN-260715-9eb74d running ? ?
--- log sizes (bytes) ---
468	/Users/alexis/src/relux-works/skill-swift-relux/.temp/orch-loop-probe/demo-project/.temp/logwork/TASK-260715-17r8i9/-analyst--orchestrator--codex-.log
336	/Users/alexis/src/relux-works/skill-swift-relux/.temp/orch-loop-probe/demo-project/.temp/logwork/TASK-260715-20iwb4/-analyst--solution-architect--codex-.log
--- board ---
summary:{"active":[{"id":"EPIC-260715-hb60an","name":"wordstats-cli","status":"analysis"},{"id":"STORY-260715-l2vzgc","name":"orchestration","status":"analysis"},{"id":"TASK-260715-17r8i9","name":"orchestrate-wordstats-delivery","status":"analysis"},{"id":"TASK-260715-20iwb4","name":"decompose-wordstats-spec","status":"analysis"}],"blocked":[{"blockedBy":["STORY-260715-18orjv","STORY-260715-nb3xui"],"id":"STORY-260715-1tdoj1","name":"user-documentation"},{"blockedBy":["TASK-260715-ci3o2j","TASK-260715-3pofvo"],"id":"TASK-260715-3fq1lx","name":"document-wordstats-usage-tools"},{"blockedBy":["STORY-260715-18orjv"],"id":"STORY-260715-2rp9r2","name":"stats-engine"},{"blockedBy":["TASK-260715-ej266r","TASK-260715-1zix5s"],"id":"TASK-260715-2bocgg","name":"implement-counting-logic"},{"blockedBy":["TASK-260715-ej266r","TASK-260715-1zix5s"],"id":"TASK-260715-erqnfs","name":"implement-top-words-logic"},{"blockedBy":["STORY-260715-18orjv","STORY-260715-2rp9r2","STORY-260715-nb3xui"],"id":"STORY-260715-3ni02s","name":"automated-verification"},{"blockedBy":["TASK-260715-ej266r","TASK-260715-erqnfs"],"id":"TASK-260715-25wdqr","name":"add-top-words-table-tests"},{"blockedBy":["TASK-260715-ej266r","TASK-260715-ci3o2j","TASK-260715-3pofvo"],"id":"TASK-260715-2lpg9c","name":"add-cli-contract-tests"},{"blockedBy":["TASK-260715-ej266r","TASK-260715-2bocgg"],"id":"TASK-260715-2r44i0","name":"add-counting-table-tests"},{"blockedBy":["STORY-260715-18orjv","STORY-260715-2rp9r2"],"id":"STORY-260715-nb3xui","name":"cli-application"},{"blockedBy":["TASK-260715-ci3o2j","TASK-260715-1zix5s"],"id":"TASK-260715-2rbap5","name":"implement-input-error-handling"},{"blockedBy":["TASK-260715-ci3o2j","TASK-260715-2bocgg","TASK-260715-erqnfs","TASK-260715-2rbap5"],"id":"TASK-260715-3pofvo","name":"implement-output-flag-orchestration"},{"blockedBy":["STORY-260715-3ni02s","STORY-260715-1tdoj1"],"id":"STORY-260715-oym9iz","name":"delivery-quality-gates"},{"blockedBy":["TASK-260715-2r44i0","TASK-260715-25wdqr","TASK-260715-2lpg9c","TASK-260715-3fq1lx"],"id":"TASK-260715-4y3dqa","name":"run-final-go-quality-gates"}],"byType":{"bug":{"total":0,"todo":0,"active":0,"done":0,"closed":0,"blocked":0},"epic":{"total":1,"todo":0,"active":1,"done":0,"closed":0,"blocked":0},"story":{"total":7,"todo":6,"active":1,"done":0,"closed":0,"blocked":0},"task":{"total":14,"todo":12,"active":2,"done":0,"closed":0,"blocked":0}}}
===== SAMPLE 11:29:21 (elapsed 41s) =====
--- runs ---
RUN-260715-91953c running ? ?
RUN-260715-9eb74d running ? ?
--- log sizes (bytes) ---
468	/Users/alexis/src/relux-works/skill-swift-relux/.temp/orch-loop-probe/demo-project/.temp/logwork/TASK-260715-17r8i9/-analyst--orchestrator--codex-.log
400	/Users/alexis/src/relux-works/skill-swift-relux/.temp/orch-loop-probe/demo-project/.temp/logwork/TASK-260715-20iwb4/-analyst--solution-architect--codex-.log
--- board ---
summary:{"active":[{"id":"EPIC-260715-hb60an","name":"wordstats-cli","status":"analysis"},{"id":"STORY-260715-l2vzgc","name":"orchestration","status":"analysis"},{"id":"TASK-260715-17r8i9","name":"orchestrate-wordstats-delivery","status":"analysis"},{"id":"TASK-260715-20iwb4","name":"decompose-wordstats-spec","status":"analysis"}],"blocked":[{"blockedBy":["STORY-260715-18orjv","STORY-260715-nb3xui"],"id":"STORY-260715-1tdoj1","name":"user-documentation"},{"blockedBy":["TASK-260715-ci3o2j","TASK-260715-3pofvo"],"id":"TASK-260715-3fq1lx","name":"document-wordstats-usage-tools"},{"blockedBy":["STORY-260715-18orjv"],"id":"STORY-260715-2rp9r2","name":"stats-engine"},{"blockedBy":["TASK-260715-ej266r","TASK-260715-1zix5s"],"id":"TASK-260715-2bocgg","name":"implement-counting-logic"},{"blockedBy":["TASK-260715-ej266r","TASK-260715-1zix5s"],"id":"TASK-260715-erqnfs","name":"implement-top-words-logic"},{"blockedBy":["STORY-260715-18orjv","STORY-260715-2rp9r2","STORY-260715-nb3xui"],"id":"STORY-260715-3ni02s","name":"automated-verification"},{"blockedBy":["TASK-260715-ej266r","TASK-260715-erqnfs"],"id":"TASK-260715-25wdqr","name":"add-top-words-table-tests"},{"blockedBy":["TASK-260715-ej266r","TASK-260715-ci3o2j","TASK-260715-3pofvo"],"id":"TASK-260715-2lpg9c","name":"add-cli-contract-tests"},{"blockedBy":["TASK-260715-ej266r","TASK-260715-2bocgg"],"id":"TASK-260715-2r44i0","name":"add-counting-table-tests"},{"blockedBy":["STORY-260715-18orjv","STORY-260715-2rp9r2"],"id":"STORY-260715-nb3xui","name":"cli-application"},{"blockedBy":["TASK-260715-ci3o2j","TASK-260715-1zix5s"],"id":"TASK-260715-2rbap5","name":"implement-input-error-handling"},{"blockedBy":["TASK-260715-ci3o2j","TASK-260715-2bocgg","TASK-260715-erqnfs","TASK-260715-2rbap5"],"id":"TASK-260715-3pofvo","name":"implement-output-flag-orchestration"},{"blockedBy":["STORY-260715-3ni02s","STORY-260715-1tdoj1"],"id":"STORY-260715-oym9iz","name":"delivery-quality-gates"},{"blockedBy":["TASK-260715-2r44i0","TASK-260715-25wdqr","TASK-260715-2lpg9c","TASK-260715-3fq1lx"],"id":"TASK-260715-4y3dqa","name":"run-final-go-quality-gates"}],"byType":{"bug":{"total":0,"todo":0,"active":0,"done":0,"closed":0,"blocked":0},"epic":{"total":1,"todo":0,"active":1,"done":0,"closed":0,"blocked":0},"story":{"total":7,"todo":6,"active":1,"done":0,"closed":0,"blocked":0},"task":{"total":14,"todo":12,"active":2,"done":0,"closed":0,"blocked":0}}}
===== SAMPLE 11:29:41 (elapsed 61s) =====
--- runs ---
RUN-260715-91953c running ? ?
RUN-260715-9eb74d running ? ?
--- log sizes (bytes) ---
468	/Users/alexis/src/relux-works/skill-swift-relux/.temp/orch-loop-probe/demo-project/.temp/logwork/TASK-260715-17r8i9/-analyst--orchestrator--codex-.log
400	/Users/alexis/src/relux-works/skill-swift-relux/.temp/orch-loop-probe/demo-project/.temp/logwork/TASK-260715-20iwb4/-analyst--solution-architect--codex-.log
--- board ---
summary:{"active":[{"id":"EPIC-260715-hb60an","name":"wordstats-cli","status":"analysis"},{"id":"STORY-260715-l2vzgc","name":"orchestration","status":"analysis"},{"id":"TASK-260715-17r8i9","name":"orchestrate-wordstats-delivery","status":"analysis"},{"id":"TASK-260715-20iwb4","name":"decompose-wordstats-spec","status":"analysis"}],"blocked":[{"blockedBy":["STORY-260715-18orjv","STORY-260715-nb3xui"],"id":"STORY-260715-1tdoj1","name":"user-documentation"},{"blockedBy":["TASK-260715-ci3o2j","TASK-260715-3pofvo"],"id":"TASK-260715-3fq1lx","name":"document-wordstats-usage-tools"},{"blockedBy":["STORY-260715-18orjv"],"id":"STORY-260715-2rp9r2","name":"stats-engine"},{"blockedBy":["TASK-260715-ej266r","TASK-260715-1zix5s"],"id":"TASK-260715-2bocgg","name":"implement-counting-logic"},{"blockedBy":["TASK-260715-ej266r","TASK-260715-1zix5s"],"id":"TASK-260715-erqnfs","name":"implement-top-words-logic"},{"blockedBy":["STORY-260715-18orjv","STORY-260715-2rp9r2","STORY-260715-nb3xui"],"id":"STORY-260715-3ni02s","name":"automated-verification"},{"blockedBy":["TASK-260715-ej266r","TASK-260715-erqnfs"],"id":"TASK-260715-25wdqr","name":"add-top-words-table-tests"},{"blockedBy":["TASK-260715-ej266r","TASK-260715-ci3o2j","TASK-260715-3pofvo"],"id":"TASK-260715-2lpg9c","name":"add-cli-contract-tests"},{"blockedBy":["TASK-260715-ej266r","TASK-260715-2bocgg"],"id":"TASK-260715-2r44i0","name":"add-counting-table-tests"},{"blockedBy":["STORY-260715-18orjv","STORY-260715-2rp9r2"],"id":"STORY-260715-nb3xui","name":"cli-application"},{"blockedBy":["TASK-260715-ci3o2j","TASK-260715-1zix5s"],"id":"TASK-260715-2rbap5","name":"implement-input-error-handling"},{"blockedBy":["TASK-260715-ci3o2j","TASK-260715-2bocgg","TASK-260715-erqnfs","TASK-260715-2rbap5"],"id":"TASK-260715-3pofvo","name":"implement-output-flag-orchestration"},{"blockedBy":["STORY-260715-3ni02s","STORY-260715-1tdoj1"],"id":"STORY-260715-oym9iz","name":"delivery-quality-gates"},{"blockedBy":["TASK-260715-2r44i0","TASK-260715-25wdqr","TASK-260715-2lpg9c","TASK-260715-3fq1lx"],"id":"TASK-260715-4y3dqa","name":"run-final-go-quality-gates"}],"byType":{"bug":{"total":0,"todo":0,"active":0,"done":0,"closed":0,"blocked":0},"epic":{"total":1,"todo":0,"active":1,"done":0,"closed":0,"blocked":0},"story":{"total":7,"todo":6,"active":1,"done":0,"closed":0,"blocked":0},"task":{"total":14,"todo":12,"active":2,"done":0,"closed":0,"blocked":0}}}
===== SAMPLE 11:30:01 (elapsed 81s) =====
--- runs ---
RUN-260715-91953c running ? ?
RUN-260715-9eb74d running ? ?
--- log sizes (bytes) ---
468	/Users/alexis/src/relux-works/skill-swift-relux/.temp/orch-loop-probe/demo-project/.temp/logwork/TASK-260715-17r8i9/-analyst--orchestrator--codex-.log
400	/Users/alexis/src/relux-works/skill-swift-relux/.temp/orch-loop-probe/demo-project/.temp/logwork/TASK-260715-20iwb4/-analyst--solution-architect--codex-.log
--- board ---
summary:{"active":[{"id":"EPIC-260715-hb60an","name":"wordstats-cli","status":"analysis"},{"id":"STORY-260715-l2vzgc","name":"orchestration","status":"analysis"},{"id":"TASK-260715-17r8i9","name":"orchestrate-wordstats-delivery","status":"analysis"},{"id":"TASK-260715-20iwb4","name":"decompose-wordstats-spec","status":"analysis"}],"blocked":[{"blockedBy":["STORY-260715-18orjv","STORY-260715-nb3xui"],"id":"STORY-260715-1tdoj1","name":"user-documentation"},{"blockedBy":["TASK-260715-ci3o2j","TASK-260715-3pofvo"],"id":"TASK-260715-3fq1lx","name":"document-wordstats-usage-tools"},{"blockedBy":["STORY-260715-18orjv"],"id":"STORY-260715-2rp9r2","name":"stats-engine"},{"blockedBy":["TASK-260715-ej266r","TASK-260715-1zix5s"],"id":"TASK-260715-2bocgg","name":"implement-counting-logic"},{"blockedBy":["TASK-260715-ej266r","TASK-260715-1zix5s"],"id":"TASK-260715-erqnfs","name":"implement-top-words-logic"},{"blockedBy":["STORY-260715-18orjv","STORY-260715-2rp9r2","STORY-260715-nb3xui"],"id":"STORY-260715-3ni02s","name":"automated-verification"},{"blockedBy":["TASK-260715-ej266r","TASK-260715-erqnfs"],"id":"TASK-260715-25wdqr","name":"add-top-words-table-tests"},{"blockedBy":["TASK-260715-ej266r","TASK-260715-ci3o2j","TASK-260715-3pofvo"],"id":"TASK-260715-2lpg9c","name":"add-cli-contract-tests"},{"blockedBy":["TASK-260715-ej266r","TASK-260715-2bocgg"],"id":"TASK-260715-2r44i0","name":"add-counting-table-tests"},{"blockedBy":["STORY-260715-18orjv","STORY-260715-2rp9r2"],"id":"STORY-260715-nb3xui","name":"cli-application"},{"blockedBy":["TASK-260715-ci3o2j","TASK-260715-1zix5s"],"id":"TASK-260715-2rbap5","name":"implement-input-error-handling"},{"blockedBy":["TASK-260715-ci3o2j","TASK-260715-2bocgg","TASK-260715-erqnfs","TASK-260715-2rbap5"],"id":"TASK-260715-3pofvo","name":"implement-output-flag-orchestration"},{"blockedBy":["STORY-260715-3ni02s","STORY-260715-1tdoj1"],"id":"STORY-260715-oym9iz","name":"delivery-quality-gates"},{"blockedBy":["TASK-260715-2r44i0","TASK-260715-25wdqr","TASK-260715-2lpg9c","TASK-260715-3fq1lx"],"id":"TASK-260715-4y3dqa","name":"run-final-go-quality-gates"}],"byType":{"bug":{"total":0,"todo":0,"active":0,"done":0,"closed":0,"blocked":0},"epic":{"total":1,"todo":0,"active":1,"done":0,"closed":0,"blocked":0},"story":{"total":7,"todo":6,"active":1,"done":0,"closed":0,"blocked":0},"task":{"total":14,"todo":12,"active":2,"done":0,"closed":0,"blocked":0}}}
===== SAMPLE 11:30:21 (elapsed 101s) =====
--- runs ---
RUN-260715-91953c running ? ?
RUN-260715-9eb74d running ? ?
--- log sizes (bytes) ---
468	/Users/alexis/src/relux-works/skill-swift-relux/.temp/orch-loop-probe/demo-project/.temp/logwork/TASK-260715-17r8i9/-analyst--orchestrator--codex-.log
400	/Users/alexis/src/relux-works/skill-swift-relux/.temp/orch-loop-probe/demo-project/.temp/logwork/TASK-260715-20iwb4/-analyst--solution-architect--codex-.log
--- board ---
summary:{"active":[{"id":"EPIC-260715-hb60an","name":"wordstats-cli","status":"analysis"},{"id":"STORY-260715-l2vzgc","name":"orchestration","status":"analysis"},{"id":"TASK-260715-17r8i9","name":"orchestrate-wordstats-delivery","status":"analysis"},{"id":"TASK-260715-20iwb4","name":"decompose-wordstats-spec","status":"analysis"}],"blocked":[{"blockedBy":["STORY-260715-18orjv","STORY-260715-nb3xui"],"id":"STORY-260715-1tdoj1","name":"user-documentation"},{"blockedBy":["TASK-260715-ci3o2j","TASK-260715-3pofvo"],"id":"TASK-260715-3fq1lx","name":"document-wordstats-usage-tools"},{"blockedBy":["STORY-260715-18orjv"],"id":"STORY-260715-2rp9r2","name":"stats-engine"},{"blockedBy":["TASK-260715-ej266r","TASK-260715-1zix5s"],"id":"TASK-260715-2bocgg","name":"implement-counting-logic"},{"blockedBy":["TASK-260715-ej266r","TASK-260715-1zix5s"],"id":"TASK-260715-erqnfs","name":"implement-top-words-logic"},{"blockedBy":["STORY-260715-18orjv","STORY-260715-2rp9r2","STORY-260715-nb3xui"],"id":"STORY-260715-3ni02s","name":"automated-verification"},{"blockedBy":["TASK-260715-ej266r","TASK-260715-erqnfs"],"id":"TASK-260715-25wdqr","name":"add-top-words-table-tests"},{"blockedBy":["TASK-260715-ej266r","TASK-260715-ci3o2j","TASK-260715-3pofvo"],"id":"TASK-260715-2lpg9c","name":"add-cli-contract-tests"},{"blockedBy":["TASK-260715-ej266r","TASK-260715-2bocgg"],"id":"TASK-260715-2r44i0","name":"add-counting-table-tests"},{"blockedBy":["STORY-260715-18orjv","STORY-260715-2rp9r2"],"id":"STORY-260715-nb3xui","name":"cli-application"},{"blockedBy":["TASK-260715-ci3o2j","TASK-260715-1zix5s"],"id":"TASK-260715-2rbap5","name":"implement-input-error-handling"},{"blockedBy":["TASK-260715-ci3o2j","TASK-260715-2bocgg","TASK-260715-erqnfs","TASK-260715-2rbap5"],"id":"TASK-260715-3pofvo","name":"implement-output-flag-orchestration"},{"blockedBy":["STORY-260715-3ni02s","STORY-260715-1tdoj1"],"id":"STORY-260715-oym9iz","name":"delivery-quality-gates"},{"blockedBy":["TASK-260715-2r44i0","TASK-260715-25wdqr","TASK-260715-2lpg9c","TASK-260715-3fq1lx"],"id":"TASK-260715-4y3dqa","name":"run-final-go-quality-gates"}],"byType":{"bug":{"total":0,"todo":0,"active":0,"done":0,"closed":0,"blocked":0},"epic":{"total":1,"todo":0,"active":1,"done":0,"closed":0,"blocked":0},"story":{"total":7,"todo":6,"active":1,"done":0,"closed":0,"blocked":0},"task":{"total":14,"todo":12,"active":2,"done":0,"closed":0,"blocked":0}}}
===== SAMPLE 11:30:41 (elapsed 121s) =====
--- runs ---
RUN-260715-91953c running ? ?
RUN-260715-9eb74d running ? ?
--- log sizes (bytes) ---
468	/Users/alexis/src/relux-works/skill-swift-relux/.temp/orch-loop-probe/demo-project/.temp/logwork/TASK-260715-17r8i9/-analyst--orchestrator--codex-.log
464	/Users/alexis/src/relux-works/skill-swift-relux/.temp/orch-loop-probe/demo-project/.temp/logwork/TASK-260715-20iwb4/-analyst--solution-architect--codex-.log
--- board ---
summary:{"active":[{"id":"EPIC-260715-hb60an","name":"wordstats-cli","status":"analysis"},{"id":"STORY-260715-l2vzgc","name":"orchestration","status":"analysis"},{"id":"TASK-260715-17r8i9","name":"orchestrate-wordstats-delivery","status":"analysis"},{"id":"TASK-260715-20iwb4","name":"decompose-wordstats-spec","status":"analysis"}],"blocked":[{"blockedBy":["STORY-260715-18orjv","STORY-260715-nb3xui"],"id":"STORY-260715-1tdoj1","name":"user-documentation"},{"blockedBy":["TASK-260715-ci3o2j","TASK-260715-3pofvo"],"id":"TASK-260715-3fq1lx","name":"document-wordstats-usage-tools"},{"blockedBy":["STORY-260715-18orjv"],"id":"STORY-260715-2rp9r2","name":"stats-engine"},{"blockedBy":["TASK-260715-ej266r","TASK-260715-1zix5s"],"id":"TASK-260715-2bocgg","name":"implement-counting-logic"},{"blockedBy":["TASK-260715-ej266r","TASK-260715-1zix5s"],"id":"TASK-260715-erqnfs","name":"implement-top-words-logic"},{"blockedBy":["STORY-260715-18orjv","STORY-260715-2rp9r2","STORY-260715-nb3xui"],"id":"STORY-260715-3ni02s","name":"automated-verification"},{"blockedBy":["TASK-260715-ej266r","TASK-260715-erqnfs"],"id":"TASK-260715-25wdqr","name":"add-top-words-table-tests"},{"blockedBy":["TASK-260715-ej266r","TASK-260715-ci3o2j","TASK-260715-3pofvo"],"id":"TASK-260715-2lpg9c","name":"add-cli-contract-tests"},{"blockedBy":["TASK-260715-ej266r","TASK-260715-2bocgg"],"id":"TASK-260715-2r44i0","name":"add-counting-table-tests"},{"blockedBy":["STORY-260715-18orjv","STORY-260715-2rp9r2"],"id":"STORY-260715-nb3xui","name":"cli-application"},{"blockedBy":["TASK-260715-ci3o2j","TASK-260715-1zix5s"],"id":"TASK-260715-2rbap5","name":"implement-input-error-handling"},{"blockedBy":["TASK-260715-ci3o2j","TASK-260715-2bocgg","TASK-260715-erqnfs","TASK-260715-2rbap5"],"id":"TASK-260715-3pofvo","name":"implement-output-flag-orchestration"},{"blockedBy":["STORY-260715-3ni02s","STORY-260715-1tdoj1"],"id":"STORY-260715-oym9iz","name":"delivery-quality-gates"},{"blockedBy":["TASK-260715-2r44i0","TASK-260715-25wdqr","TASK-260715-2lpg9c","TASK-260715-3fq1lx"],"id":"TASK-260715-4y3dqa","name":"run-final-go-quality-gates"}],"byType":{"bug":{"total":0,"todo":0,"active":0,"done":0,"closed":0,"blocked":0},"epic":{"total":1,"todo":0,"active":1,"done":0,"closed":0,"blocked":0},"story":{"total":7,"todo":6,"active":1,"done":0,"closed":0,"blocked":0},"task":{"total":14,"todo":12,"active":2,"done":0,"closed":0,"blocked":0}}}
===== SAMPLE 11:31:01 (elapsed 141s) =====
--- runs ---
RUN-260715-91953c running ? ?
RUN-260715-9eb74d running ? ?
--- log sizes (bytes) ---
468	/Users/alexis/src/relux-works/skill-swift-relux/.temp/orch-loop-probe/demo-project/.temp/logwork/TASK-260715-17r8i9/-analyst--orchestrator--codex-.log
528	/Users/alexis/src/relux-works/skill-swift-relux/.temp/orch-loop-probe/demo-project/.temp/logwork/TASK-260715-20iwb4/-analyst--solution-architect--codex-.log
--- board ---
summary:{"active":[{"id":"EPIC-260715-hb60an","name":"wordstats-cli","status":"analysis"},{"id":"STORY-260715-l2vzgc","name":"orchestration","status":"analysis"},{"id":"TASK-260715-17r8i9","name":"orchestrate-wordstats-delivery","status":"analysis"},{"id":"TASK-260715-20iwb4","name":"decompose-wordstats-spec","status":"analysis"}],"blocked":[{"blockedBy":["STORY-260715-18orjv","STORY-260715-nb3xui"],"id":"STORY-260715-1tdoj1","name":"user-documentation"},{"blockedBy":["TASK-260715-ci3o2j","TASK-260715-3pofvo"],"id":"TASK-260715-3fq1lx","name":"document-wordstats-usage-tools"},{"blockedBy":["STORY-260715-18orjv"],"id":"STORY-260715-2rp9r2","name":"stats-engine"},{"blockedBy":["TASK-260715-ej266r","TASK-260715-1zix5s"],"id":"TASK-260715-2bocgg","name":"implement-counting-logic"},{"blockedBy":["TASK-260715-ej266r","TASK-260715-1zix5s"],"id":"TASK-260715-erqnfs","name":"implement-top-words-logic"},{"blockedBy":["STORY-260715-18orjv","STORY-260715-2rp9r2","STORY-260715-nb3xui"],"id":"STORY-260715-3ni02s","name":"automated-verification"},{"blockedBy":["TASK-260715-ej266r","TASK-260715-erqnfs"],"id":"TASK-260715-25wdqr","name":"add-top-words-table-tests"},{"blockedBy":["TASK-260715-ej266r","TASK-260715-ci3o2j","TASK-260715-3pofvo"],"id":"TASK-260715-2lpg9c","name":"add-cli-contract-tests"},{"blockedBy":["TASK-260715-ej266r","TASK-260715-2bocgg"],"id":"TASK-260715-2r44i0","name":"add-counting-table-tests"},{"blockedBy":["STORY-260715-18orjv","STORY-260715-2rp9r2"],"id":"STORY-260715-nb3xui","name":"cli-application"},{"blockedBy":["TASK-260715-ci3o2j","TASK-260715-1zix5s"],"id":"TASK-260715-2rbap5","name":"implement-input-error-handling"},{"blockedBy":["TASK-260715-ci3o2j","TASK-260715-2bocgg","TASK-260715-erqnfs","TASK-260715-2rbap5"],"id":"TASK-260715-3pofvo","name":"implement-output-flag-orchestration"},{"blockedBy":["STORY-260715-3ni02s","STORY-260715-1tdoj1"],"id":"STORY-260715-oym9iz","name":"delivery-quality-gates"},{"blockedBy":["TASK-260715-2r44i0","TASK-260715-25wdqr","TASK-260715-2lpg9c","TASK-260715-3fq1lx"],"id":"TASK-260715-4y3dqa","name":"run-final-go-quality-gates"}],"byType":{"bug":{"total":0,"todo":0,"active":0,"done":0,"closed":0,"blocked":0},"epic":{"total":1,"todo":0,"active":1,"done":0,"closed":0,"blocked":0},"story":{"total":7,"todo":6,"active":1,"done":0,"closed":0,"blocked":0},"task":{"total":14,"todo":12,"active":2,"done":0,"closed":0,"blocked":0}}}
===== SAMPLE 11:31:21 (elapsed 161s) =====
--- runs ---
RUN-260715-91953c running ? ?
RUN-260715-9eb74d running ? ?
--- log sizes (bytes) ---
468	/Users/alexis/src/relux-works/skill-swift-relux/.temp/orch-loop-probe/demo-project/.temp/logwork/TASK-260715-17r8i9/-analyst--orchestrator--codex-.log
592	/Users/alexis/src/relux-works/skill-swift-relux/.temp/orch-loop-probe/demo-project/.temp/logwork/TASK-260715-20iwb4/-analyst--solution-architect--codex-.log
--- board ---
summary:{"active":[{"id":"EPIC-260715-hb60an","name":"wordstats-cli","status":"analysis"},{"id":"STORY-260715-l2vzgc","name":"orchestration","status":"analysis"},{"id":"TASK-260715-17r8i9","name":"orchestrate-wordstats-delivery","status":"analysis"},{"id":"TASK-260715-20iwb4","name":"decompose-wordstats-spec","status":"analysis"}],"blocked":[{"blockedBy":["STORY-260715-18orjv","STORY-260715-nb3xui"],"id":"STORY-260715-1tdoj1","name":"user-documentation"},{"blockedBy":["TASK-260715-ci3o2j","TASK-260715-3pofvo"],"id":"TASK-260715-3fq1lx","name":"document-wordstats-usage-tools"},{"blockedBy":["STORY-260715-18orjv"],"id":"STORY-260715-2rp9r2","name":"stats-engine"},{"blockedBy":["TASK-260715-ej266r","TASK-260715-1zix5s"],"id":"TASK-260715-2bocgg","name":"implement-counting-logic"},{"blockedBy":["TASK-260715-ej266r","TASK-260715-1zix5s"],"id":"TASK-260715-erqnfs","name":"implement-top-words-logic"},{"blockedBy":["STORY-260715-18orjv","STORY-260715-2rp9r2","STORY-260715-nb3xui"],"id":"STORY-260715-3ni02s","name":"automated-verification"},{"blockedBy":["TASK-260715-ej266r","TASK-260715-erqnfs"],"id":"TASK-260715-25wdqr","name":"add-top-words-table-tests"},{"blockedBy":["TASK-260715-ej266r","TASK-260715-ci3o2j","TASK-260715-3pofvo"],"id":"TASK-260715-2lpg9c","name":"add-cli-contract-tests"},{"blockedBy":["TASK-260715-ej266r","TASK-260715-2bocgg"],"id":"TASK-260715-2r44i0","name":"add-counting-table-tests"},{"blockedBy":["STORY-260715-18orjv","STORY-260715-2rp9r2"],"id":"STORY-260715-nb3xui","name":"cli-application"},{"blockedBy":["TASK-260715-ci3o2j","TASK-260715-1zix5s"],"id":"TASK-260715-2rbap5","name":"implement-input-error-handling"},{"blockedBy":["TASK-260715-ci3o2j","TASK-260715-2bocgg","TASK-260715-erqnfs","TASK-260715-2rbap5"],"id":"TASK-260715-3pofvo","name":"implement-output-flag-orchestration"},{"blockedBy":["STORY-260715-3ni02s","STORY-260715-1tdoj1"],"id":"STORY-260715-oym9iz","name":"delivery-quality-gates"},{"blockedBy":["TASK-260715-2r44i0","TASK-260715-25wdqr","TASK-260715-2lpg9c","TASK-260715-3fq1lx"],"id":"TASK-260715-4y3dqa","name":"run-final-go-quality-gates"}],"byType":{"bug":{"total":0,"todo":0,"active":0,"done":0,"closed":0,"blocked":0},"epic":{"total":1,"todo":0,"active":1,"done":0,"closed":0,"blocked":0},"story":{"total":7,"todo":6,"active":1,"done":0,"closed":0,"blocked":0},"task":{"total":14,"todo":12,"active":2,"done":0,"closed":0,"blocked":0}}}
===== SAMPLE 11:31:41 (elapsed 181s) =====
--- runs ---
RUN-260715-91953c running ? ?
RUN-260715-9eb74d running ? ?
--- log sizes (bytes) ---
468	/Users/alexis/src/relux-works/skill-swift-relux/.temp/orch-loop-probe/demo-project/.temp/logwork/TASK-260715-17r8i9/-analyst--orchestrator--codex-.log
656	/Users/alexis/src/relux-works/skill-swift-relux/.temp/orch-loop-probe/demo-project/.temp/logwork/TASK-260715-20iwb4/-analyst--solution-architect--codex-.log
--- board ---
summary:{"active":[{"id":"EPIC-260715-hb60an","name":"wordstats-cli","status":"analysis"},{"id":"STORY-260715-l2vzgc","name":"orchestration","status":"analysis"},{"id":"TASK-260715-17r8i9","name":"orchestrate-wordstats-delivery","status":"analysis"},{"id":"TASK-260715-20iwb4","name":"decompose-wordstats-spec","status":"analysis"}],"blocked":[{"blockedBy":["STORY-260715-18orjv","STORY-260715-nb3xui"],"id":"STORY-260715-1tdoj1","name":"user-documentation"},{"blockedBy":["TASK-260715-ci3o2j","TASK-260715-3pofvo"],"id":"TASK-260715-3fq1lx","name":"document-wordstats-usage-tools"},{"blockedBy":["STORY-260715-18orjv"],"id":"STORY-260715-2rp9r2","name":"stats-engine"},{"blockedBy":["TASK-260715-ej266r","TASK-260715-1zix5s"],"id":"TASK-260715-2bocgg","name":"implement-counting-logic"},{"blockedBy":["TASK-260715-ej266r","TASK-260715-1zix5s"],"id":"TASK-260715-erqnfs","name":"implement-top-words-logic"},{"blockedBy":["STORY-260715-18orjv","STORY-260715-2rp9r2","STORY-260715-nb3xui"],"id":"STORY-260715-3ni02s","name":"automated-verification"},{"blockedBy":["TASK-260715-ej266r","TASK-260715-erqnfs"],"id":"TASK-260715-25wdqr","name":"add-top-words-table-tests"},{"blockedBy":["TASK-260715-ej266r","TASK-260715-ci3o2j","TASK-260715-3pofvo"],"id":"TASK-260715-2lpg9c","name":"add-cli-contract-tests"},{"blockedBy":["TASK-260715-ej266r","TASK-260715-2bocgg"],"id":"TASK-260715-2r44i0","name":"add-counting-table-tests"},{"blockedBy":["STORY-260715-18orjv","STORY-260715-2rp9r2"],"id":"STORY-260715-nb3xui","name":"cli-application"},{"blockedBy":["TASK-260715-ci3o2j","TASK-260715-1zix5s"],"id":"TASK-260715-2rbap5","name":"implement-input-error-handling"},{"blockedBy":["TASK-260715-ci3o2j","TASK-260715-2bocgg","TASK-260715-erqnfs","TASK-260715-2rbap5"],"id":"TASK-260715-3pofvo","name":"implement-output-flag-orchestration"},{"blockedBy":["STORY-260715-3ni02s","STORY-260715-1tdoj1"],"id":"STORY-260715-oym9iz","name":"delivery-quality-gates"},{"blockedBy":["TASK-260715-2r44i0","TASK-260715-25wdqr","TASK-260715-2lpg9c","TASK-260715-3fq1lx"],"id":"TASK-260715-4y3dqa","name":"run-final-go-quality-gates"}],"byType":{"bug":{"total":0,"todo":0,"active":0,"done":0,"closed":0,"blocked":0},"epic":{"total":1,"todo":0,"active":1,"done":0,"closed":0,"blocked":0},"story":{"total":7,"todo":6,"active":1,"done":0,"closed":0,"blocked":0},"task":{"total":14,"todo":12,"active":2,"done":0,"closed":0,"blocked":0}}}
===== SAMPLE 11:32:01 (elapsed 201s) =====
--- runs ---
RUN-260715-91953c completed ? ?
RUN-260715-9eb74d running ? ?
--- log sizes (bytes) ---
468	/Users/alexis/src/relux-works/skill-swift-relux/.temp/orch-loop-probe/demo-project/.temp/logwork/TASK-260715-17r8i9/-analyst--orchestrator--codex-.log
656	/Users/alexis/src/relux-works/skill-swift-relux/.temp/orch-loop-probe/demo-project/.temp/logwork/TASK-260715-20iwb4/-analyst--solution-architect--codex-.log
--- board ---
summary:{"active":[{"id":"EPIC-260715-hb60an","name":"wordstats-cli","status":"to-review"},{"id":"STORY-260715-l2vzgc","name":"orchestration","status":"to-review"},{"id":"TASK-260715-17r8i9","name":"orchestrate-wordstats-delivery","status":"analysis"},{"id":"TASK-260715-20iwb4","name":"decompose-wordstats-spec","status":"to-review"}],"blocked":[{"blockedBy":["STORY-260715-18orjv","STORY-260715-nb3xui"],"id":"STORY-260715-1tdoj1","name":"user-documentation"},{"blockedBy":["TASK-260715-ci3o2j","TASK-260715-3pofvo"],"id":"TASK-260715-3fq1lx","name":"document-wordstats-usage-tools"},{"blockedBy":["STORY-260715-18orjv"],"id":"STORY-260715-2rp9r2","name":"stats-engine"},{"blockedBy":["TASK-260715-ej266r","TASK-260715-1zix5s"],"id":"TASK-260715-2bocgg","name":"implement-counting-logic"},{"blockedBy":["TASK-260715-ej266r","TASK-260715-1zix5s"],"id":"TASK-260715-erqnfs","name":"implement-top-words-logic"},{"blockedBy":["STORY-260715-18orjv","STORY-260715-2rp9r2","STORY-260715-nb3xui"],"id":"STORY-260715-3ni02s","name":"automated-verification"},{"blockedBy":["TASK-260715-ej266r","TASK-260715-erqnfs"],"id":"TASK-260715-25wdqr","name":"add-top-words-table-tests"},{"blockedBy":["TASK-260715-ej266r","TASK-260715-ci3o2j","TASK-260715-3pofvo"],"id":"TASK-260715-2lpg9c","name":"add-cli-contract-tests"},{"blockedBy":["TASK-260715-ej266r","TASK-260715-2bocgg"],"id":"TASK-260715-2r44i0","name":"add-counting-table-tests"},{"blockedBy":["STORY-260715-18orjv","STORY-260715-2rp9r2"],"id":"STORY-260715-nb3xui","name":"cli-application"},{"blockedBy":["TASK-260715-ci3o2j","TASK-260715-1zix5s"],"id":"TASK-260715-2rbap5","name":"implement-input-error-handling"},{"blockedBy":["TASK-260715-ci3o2j","TASK-260715-2bocgg","TASK-260715-erqnfs","TASK-260715-2rbap5"],"id":"TASK-260715-3pofvo","name":"implement-output-flag-orchestration"},{"blockedBy":["STORY-260715-3ni02s","STORY-260715-1tdoj1"],"id":"STORY-260715-oym9iz","name":"delivery-quality-gates"},{"blockedBy":["TASK-260715-2r44i0","TASK-260715-25wdqr","TASK-260715-2lpg9c","TASK-260715-3fq1lx"],"id":"TASK-260715-4y3dqa","name":"run-final-go-quality-gates"}],"byType":{"bug":{"total":0,"todo":0,"active":0,"done":0,"closed":0,"blocked":0},"epic":{"total":1,"todo":0,"active":1,"done":0,"closed":0,"blocked":0},"story":{"total":7,"todo":6,"active":1,"done":0,"closed":0,"blocked":0},"task":{"total":14,"todo":12,"active":2,"done":0,"closed":0,"blocked":0}}}
===== SAMPLE 11:32:22 (elapsed 222s) =====
--- runs ---
RUN-260715-91953c completed ? ?
RUN-260715-9b2f39 running ? ?
RUN-260715-9eb74d running ? ?
--- log sizes (bytes) ---
468	/Users/alexis/src/relux-works/skill-swift-relux/.temp/orch-loop-probe/demo-project/.temp/logwork/TASK-260715-17r8i9/-analyst--orchestrator--codex-.log
656	/Users/alexis/src/relux-works/skill-swift-relux/.temp/orch-loop-probe/demo-project/.temp/logwork/TASK-260715-20iwb4/-analyst--solution-architect--codex-.log
12	/Users/alexis/src/relux-works/skill-swift-relux/.temp/orch-loop-probe/demo-project/.temp/logwork/TASK-260715-20iwb4/-reviewer--reviewer--codex-.log
--- board ---
summary:{"active":[{"id":"EPIC-260715-hb60an","name":"wordstats-cli","status":"to-review"},{"id":"STORY-260715-l2vzgc","name":"orchestration","status":"to-review"},{"id":"TASK-260715-17r8i9","name":"orchestrate-wordstats-delivery","status":"analysis"},{"id":"TASK-260715-20iwb4","name":"decompose-wordstats-spec","status":"to-review"}],"blocked":[{"blockedBy":["STORY-260715-18orjv","STORY-260715-nb3xui"],"id":"STORY-260715-1tdoj1","name":"user-documentation"},{"blockedBy":["TASK-260715-ci3o2j","TASK-260715-3pofvo"],"id":"TASK-260715-3fq1lx","name":"document-wordstats-usage-tools"},{"blockedBy":["STORY-260715-18orjv"],"id":"STORY-260715-2rp9r2","name":"stats-engine"},{"blockedBy":["TASK-260715-ej266r","TASK-260715-1zix5s"],"id":"TASK-260715-2bocgg","name":"implement-counting-logic"},{"blockedBy":["TASK-260715-ej266r","TASK-260715-1zix5s"],"id":"TASK-260715-erqnfs","name":"implement-top-words-logic"},{"blockedBy":["STORY-260715-18orjv","STORY-260715-2rp9r2","STORY-260715-nb3xui"],"id":"STORY-260715-3ni02s","name":"automated-verification"},{"blockedBy":["TASK-260715-ej266r","TASK-260715-erqnfs"],"id":"TASK-260715-25wdqr","name":"add-top-words-table-tests"},{"blockedBy":["TASK-260715-ej266r","TASK-260715-ci3o2j","TASK-260715-3pofvo"],"id":"TASK-260715-2lpg9c","name":"add-cli-contract-tests"},{"blockedBy":["TASK-260715-ej266r","TASK-260715-2bocgg"],"id":"TASK-260715-2r44i0","name":"add-counting-table-tests"},{"blockedBy":["STORY-260715-18orjv","STORY-260715-2rp9r2"],"id":"STORY-260715-nb3xui","name":"cli-application"},{"blockedBy":["TASK-260715-ci3o2j","TASK-260715-1zix5s"],"id":"TASK-260715-2rbap5","name":"implement-input-error-handling"},{"blockedBy":["TASK-260715-ci3o2j","TASK-260715-2bocgg","TASK-260715-erqnfs","TASK-260715-2rbap5"],"id":"TASK-260715-3pofvo","name":"implement-output-flag-orchestration"},{"blockedBy":["STORY-260715-3ni02s","STORY-260715-1tdoj1"],"id":"STORY-260715-oym9iz","name":"delivery-quality-gates"},{"blockedBy":["TASK-260715-2r44i0","TASK-260715-25wdqr","TASK-260715-2lpg9c","TASK-260715-3fq1lx"],"id":"TASK-260715-4y3dqa","name":"run-final-go-quality-gates"}],"byType":{"bug":{"total":0,"todo":0,"active":0,"done":0,"closed":0,"blocked":0},"epic":{"total":1,"todo":0,"active":1,"done":0,"closed":0,"blocked":0},"story":{"total":7,"todo":6,"active":1,"done":0,"closed":0,"blocked":0},"task":{"total":14,"todo":12,"active":2,"done":0,"closed":0,"blocked":0}}}
===== SAMPLE 11:32:42 (elapsed 242s) =====
--- runs ---
RUN-260715-91953c completed ? ?
RUN-260715-9b2f39 running ? ?
RUN-260715-9eb74d running ? ?
--- log sizes (bytes) ---
468	/Users/alexis/src/relux-works/skill-swift-relux/.temp/orch-loop-probe/demo-project/.temp/logwork/TASK-260715-17r8i9/-analyst--orchestrator--codex-.log
656	/Users/alexis/src/relux-works/skill-swift-relux/.temp/orch-loop-probe/demo-project/.temp/logwork/TASK-260715-20iwb4/-analyst--solution-architect--codex-.log
76	/Users/alexis/src/relux-works/skill-swift-relux/.temp/orch-loop-probe/demo-project/.temp/logwork/TASK-260715-20iwb4/-reviewer--reviewer--codex-.log
--- board ---
summary:{"active":[{"id":"EPIC-260715-hb60an","name":"wordstats-cli","status":"reviewing"},{"id":"STORY-260715-l2vzgc","name":"orchestration","status":"reviewing"},{"id":"TASK-260715-17r8i9","name":"orchestrate-wordstats-delivery","status":"analysis"},{"id":"TASK-260715-20iwb4","name":"decompose-wordstats-spec","status":"reviewing"}],"blocked":[{"blockedBy":["STORY-260715-18orjv","STORY-260715-nb3xui"],"id":"STORY-260715-1tdoj1","name":"user-documentation"},{"blockedBy":["TASK-260715-ci3o2j","TASK-260715-3pofvo"],"id":"TASK-260715-3fq1lx","name":"document-wordstats-usage-tools"},{"blockedBy":["STORY-260715-18orjv"],"id":"STORY-260715-2rp9r2","name":"stats-engine"},{"blockedBy":["TASK-260715-ej266r","TASK-260715-1zix5s"],"id":"TASK-260715-2bocgg","name":"implement-counting-logic"},{"blockedBy":["TASK-260715-ej266r","TASK-260715-1zix5s"],"id":"TASK-260715-erqnfs","name":"implement-top-words-logic"},{"blockedBy":["STORY-260715-18orjv","STORY-260715-2rp9r2","STORY-260715-nb3xui"],"id":"STORY-260715-3ni02s","name":"automated-verification"},{"blockedBy":["TASK-260715-ej266r","TASK-260715-erqnfs"],"id":"TASK-260715-25wdqr","name":"add-top-words-table-tests"},{"blockedBy":["TASK-260715-ej266r","TASK-260715-ci3o2j","TASK-260715-3pofvo"],"id":"TASK-260715-2lpg9c","name":"add-cli-contract-tests"},{"blockedBy":["TASK-260715-ej266r","TASK-260715-2bocgg"],"id":"TASK-260715-2r44i0","name":"add-counting-table-tests"},{"blockedBy":["STORY-260715-18orjv","STORY-260715-2rp9r2"],"id":"STORY-260715-nb3xui","name":"cli-application"},{"blockedBy":["TASK-260715-ci3o2j","TASK-260715-1zix5s"],"id":"TASK-260715-2rbap5","name":"implement-input-error-handling"},{"blockedBy":["TASK-260715-ci3o2j","TASK-260715-2bocgg","TASK-260715-erqnfs","TASK-260715-2rbap5"],"id":"TASK-260715-3pofvo","name":"implement-output-flag-orchestration"},{"blockedBy":["STORY-260715-3ni02s","STORY-260715-1tdoj1"],"id":"STORY-260715-oym9iz","name":"delivery-quality-gates"},{"blockedBy":["TASK-260715-2r44i0","TASK-260715-25wdqr","TASK-260715-2lpg9c","TASK-260715-3fq1lx"],"id":"TASK-260715-4y3dqa","name":"run-final-go-quality-gates"}],"byType":{"bug":{"total":0,"todo":0,"active":0,"done":0,"closed":0,"blocked":0},"epic":{"total":1,"todo":0,"active":1,"done":0,"closed":0,"blocked":0},"story":{"total":7,"todo":6,"active":1,"done":0,"closed":0,"blocked":0},"task":{"total":14,"todo":12,"active":2,"done":0,"closed":0,"blocked":0}}}
===== SAMPLE 11:33:02 (elapsed 262s) =====
--- runs ---
RUN-260715-91953c completed ? ?
RUN-260715-9b2f39 running ? ?
RUN-260715-9eb74d running ? ?
--- log sizes (bytes) ---
468	/Users/alexis/src/relux-works/skill-swift-relux/.temp/orch-loop-probe/demo-project/.temp/logwork/TASK-260715-17r8i9/-analyst--orchestrator--codex-.log
656	/Users/alexis/src/relux-works/skill-swift-relux/.temp/orch-loop-probe/demo-project/.temp/logwork/TASK-260715-20iwb4/-analyst--solution-architect--codex-.log
204	/Users/alexis/src/relux-works/skill-swift-relux/.temp/orch-loop-probe/demo-project/.temp/logwork/TASK-260715-20iwb4/-reviewer--reviewer--codex-.log
--- board ---
summary:{"active":[{"id":"EPIC-260715-hb60an","name":"wordstats-cli","status":"reviewing"},{"id":"STORY-260715-l2vzgc","name":"orchestration","status":"reviewing"},{"id":"TASK-260715-17r8i9","name":"orchestrate-wordstats-delivery","status":"analysis"},{"id":"TASK-260715-20iwb4","name":"decompose-wordstats-spec","status":"reviewing"}],"blocked":[{"blockedBy":["STORY-260715-18orjv","STORY-260715-nb3xui"],"id":"STORY-260715-1tdoj1","name":"user-documentation"},{"blockedBy":["TASK-260715-ci3o2j","TASK-260715-3pofvo"],"id":"TASK-260715-3fq1lx","name":"document-wordstats-usage-tools"},{"blockedBy":["STORY-260715-18orjv"],"id":"STORY-260715-2rp9r2","name":"stats-engine"},{"blockedBy":["TASK-260715-ej266r","TASK-260715-1zix5s"],"id":"TASK-260715-2bocgg","name":"implement-counting-logic"},{"blockedBy":["TASK-260715-ej266r","TASK-260715-1zix5s"],"id":"TASK-260715-erqnfs","name":"implement-top-words-logic"},{"blockedBy":["STORY-260715-18orjv","STORY-260715-2rp9r2","STORY-260715-nb3xui"],"id":"STORY-260715-3ni02s","name":"automated-verification"},{"blockedBy":["TASK-260715-ej266r","TASK-260715-erqnfs"],"id":"TASK-260715-25wdqr","name":"add-top-words-table-tests"},{"blockedBy":["TASK-260715-ej266r","TASK-260715-ci3o2j","TASK-260715-3pofvo"],"id":"TASK-260715-2lpg9c","name":"add-cli-contract-tests"},{"blockedBy":["TASK-260715-ej266r","TASK-260715-2bocgg"],"id":"TASK-260715-2r44i0","name":"add-counting-table-tests"},{"blockedBy":["STORY-260715-18orjv","STORY-260715-2rp9r2"],"id":"STORY-260715-nb3xui","name":"cli-application"},{"blockedBy":["TASK-260715-ci3o2j","TASK-260715-1zix5s"],"id":"TASK-260715-2rbap5","name":"implement-input-error-handling"},{"blockedBy":["TASK-260715-ci3o2j","TASK-260715-2bocgg","TASK-260715-erqnfs","TASK-260715-2rbap5"],"id":"TASK-260715-3pofvo","name":"implement-output-flag-orchestration"},{"blockedBy":["STORY-260715-3ni02s","STORY-260715-1tdoj1"],"id":"STORY-260715-oym9iz","name":"delivery-quality-gates"},{"blockedBy":["TASK-260715-2r44i0","TASK-260715-25wdqr","TASK-260715-2lpg9c","TASK-260715-3fq1lx"],"id":"TASK-260715-4y3dqa","name":"run-final-go-quality-gates"}],"byType":{"bug":{"total":0,"todo":0,"active":0,"done":0,"closed":0,"blocked":0},"epic":{"total":1,"todo":0,"active":1,"done":0,"closed":0,"blocked":0},"story":{"total":7,"todo":6,"active":1,"done":0,"closed":0,"blocked":0},"task":{"total":14,"todo":12,"active":2,"done":0,"closed":0,"blocked":0}}}
===== SAMPLE 11:33:22 (elapsed 282s) =====
--- runs ---
RUN-260715-91953c completed ? ?
RUN-260715-9b2f39 running ? ?
RUN-260715-9eb74d running ? ?
--- log sizes (bytes) ---
468	/Users/alexis/src/relux-works/skill-swift-relux/.temp/orch-loop-probe/demo-project/.temp/logwork/TASK-260715-17r8i9/-analyst--orchestrator--codex-.log
656	/Users/alexis/src/relux-works/skill-swift-relux/.temp/orch-loop-probe/demo-project/.temp/logwork/TASK-260715-20iwb4/-analyst--solution-architect--codex-.log
268	/Users/alexis/src/relux-works/skill-swift-relux/.temp/orch-loop-probe/demo-project/.temp/logwork/TASK-260715-20iwb4/-reviewer--reviewer--codex-.log
--- board ---
summary:{"active":[{"id":"EPIC-260715-hb60an","name":"wordstats-cli","status":"reviewing"},{"id":"STORY-260715-l2vzgc","name":"orchestration","status":"reviewing"},{"id":"TASK-260715-17r8i9","name":"orchestrate-wordstats-delivery","status":"analysis"},{"id":"TASK-260715-20iwb4","name":"decompose-wordstats-spec","status":"reviewing"}],"blocked":[{"blockedBy":["STORY-260715-18orjv","STORY-260715-nb3xui"],"id":"STORY-260715-1tdoj1","name":"user-documentation"},{"blockedBy":["TASK-260715-ci3o2j","TASK-260715-3pofvo"],"id":"TASK-260715-3fq1lx","name":"document-wordstats-usage-tools"},{"blockedBy":["STORY-260715-18orjv"],"id":"STORY-260715-2rp9r2","name":"stats-engine"},{"blockedBy":["TASK-260715-ej266r","TASK-260715-1zix5s"],"id":"TASK-260715-2bocgg","name":"implement-counting-logic"},{"blockedBy":["TASK-260715-ej266r","TASK-260715-1zix5s"],"id":"TASK-260715-erqnfs","name":"implement-top-words-logic"},{"blockedBy":["STORY-260715-18orjv","STORY-260715-2rp9r2","STORY-260715-nb3xui"],"id":"STORY-260715-3ni02s","name":"automated-verification"},{"blockedBy":["TASK-260715-ej266r","TASK-260715-erqnfs"],"id":"TASK-260715-25wdqr","name":"add-top-words-table-tests"},{"blockedBy":["TASK-260715-ej266r","TASK-260715-ci3o2j","TASK-260715-3pofvo"],"id":"TASK-260715-2lpg9c","name":"add-cli-contract-tests"},{"blockedBy":["TASK-260715-ej266r","TASK-260715-2bocgg"],"id":"TASK-260715-2r44i0","name":"add-counting-table-tests"},{"blockedBy":["STORY-260715-18orjv","STORY-260715-2rp9r2"],"id":"STORY-260715-nb3xui","name":"cli-application"},{"blockedBy":["TASK-260715-ci3o2j","TASK-260715-1zix5s"],"id":"TASK-260715-2rbap5","name":"implement-input-error-handling"},{"blockedBy":["TASK-260715-ci3o2j","TASK-260715-2bocgg","TASK-260715-erqnfs","TASK-260715-2rbap5"],"id":"TASK-260715-3pofvo","name":"implement-output-flag-orchestration"},{"blockedBy":["STORY-260715-3ni02s","STORY-260715-1tdoj1"],"id":"STORY-260715-oym9iz","name":"delivery-quality-gates"},{"blockedBy":["TASK-260715-2r44i0","TASK-260715-25wdqr","TASK-260715-2lpg9c","TASK-260715-3fq1lx"],"id":"TASK-260715-4y3dqa","name":"run-final-go-quality-gates"}],"byType":{"bug":{"total":0,"todo":0,"active":0,"done":0,"closed":0,"blocked":0},"epic":{"total":1,"todo":0,"active":1,"done":0,"closed":0,"blocked":0},"story":{"total":7,"todo":6,"active":1,"done":0,"closed":0,"blocked":0},"task":{"total":14,"todo":12,"active":2,"done":0,"closed":0,"blocked":0}}}
===== SAMPLE 11:33:42 (elapsed 302s) =====
--- runs ---
RUN-260715-91953c completed ? ?
RUN-260715-9b2f39 running ? ?
RUN-260715-9eb74d running ? ?
--- log sizes (bytes) ---
532	/Users/alexis/src/relux-works/skill-swift-relux/.temp/orch-loop-probe/demo-project/.temp/logwork/TASK-260715-17r8i9/-analyst--orchestrator--codex-.log
656	/Users/alexis/src/relux-works/skill-swift-relux/.temp/orch-loop-probe/demo-project/.temp/logwork/TASK-260715-20iwb4/-analyst--solution-architect--codex-.log
268	/Users/alexis/src/relux-works/skill-swift-relux/.temp/orch-loop-probe/demo-project/.temp/logwork/TASK-260715-20iwb4/-reviewer--reviewer--codex-.log
--- board ---
summary:{"active":[{"id":"EPIC-260715-hb60an","name":"wordstats-cli","status":"reviewing"},{"id":"STORY-260715-l2vzgc","name":"orchestration","status":"reviewing"},{"id":"TASK-260715-17r8i9","name":"orchestrate-wordstats-delivery","status":"analysis"},{"id":"TASK-260715-20iwb4","name":"decompose-wordstats-spec","status":"reviewing"}],"blocked":[{"blockedBy":["STORY-260715-18orjv","STORY-260715-nb3xui"],"id":"STORY-260715-1tdoj1","name":"user-documentation"},{"blockedBy":["TASK-260715-ci3o2j","TASK-260715-3pofvo"],"id":"TASK-260715-3fq1lx","name":"document-wordstats-usage-tools"},{"blockedBy":["STORY-260715-18orjv"],"id":"STORY-260715-2rp9r2","name":"stats-engine"},{"blockedBy":["TASK-260715-ej266r","TASK-260715-1zix5s"],"id":"TASK-260715-2bocgg","name":"implement-counting-logic"},{"blockedBy":["TASK-260715-ej266r","TASK-260715-1zix5s"],"id":"TASK-260715-erqnfs","name":"implement-top-words-logic"},{"blockedBy":["STORY-260715-18orjv","STORY-260715-2rp9r2","STORY-260715-nb3xui"],"id":"STORY-260715-3ni02s","name":"automated-verification"},{"blockedBy":["TASK-260715-ej266r","TASK-260715-erqnfs"],"id":"TASK-260715-25wdqr","name":"add-top-words-table-tests"},{"blockedBy":["TASK-260715-ej266r","TASK-260715-ci3o2j","TASK-260715-3pofvo"],"id":"TASK-260715-2lpg9c","name":"add-cli-contract-tests"},{"blockedBy":["TASK-260715-ej266r","TASK-260715-2bocgg"],"id":"TASK-260715-2r44i0","name":"add-counting-table-tests"},{"blockedBy":["STORY-260715-18orjv","STORY-260715-2rp9r2"],"id":"STORY-260715-nb3xui","name":"cli-application"},{"blockedBy":["TASK-260715-ci3o2j","TASK-260715-1zix5s"],"id":"TASK-260715-2rbap5","name":"implement-input-error-handling"},{"blockedBy":["TASK-260715-ci3o2j","TASK-260715-2bocgg","TASK-260715-erqnfs","TASK-260715-2rbap5"],"id":"TASK-260715-3pofvo","name":"implement-output-flag-orchestration"},{"blockedBy":["STORY-260715-3ni02s","STORY-260715-1tdoj1"],"id":"STORY-260715-oym9iz","name":"delivery-quality-gates"},{"blockedBy":["TASK-260715-2r44i0","TASK-260715-25wdqr","TASK-260715-2lpg9c","TASK-260715-3fq1lx"],"id":"TASK-260715-4y3dqa","name":"run-final-go-quality-gates"}],"byType":{"bug":{"total":0,"todo":0,"active":0,"done":0,"closed":0,"blocked":0},"epic":{"total":1,"todo":0,"active":1,"done":0,"closed":0,"blocked":0},"story":{"total":7,"todo":6,"active":1,"done":0,"closed":0,"blocked":0},"task":{"total":14,"todo":12,"active":2,"done":0,"closed":0,"blocked":0}}}
WAKE (interval elapsed, root=running)
===== SAMPLE 11:34:11 (elapsed 0s) =====
--- runs ---
RUN-260715-91953c completed ? ?
RUN-260715-9b2f39 running ? ?
RUN-260715-9eb74d running ? ?
--- log sizes (bytes) ---
532	/Users/alexis/src/relux-works/skill-swift-relux/.temp/orch-loop-probe/demo-project/.temp/logwork/TASK-260715-17r8i9/-analyst--orchestrator--codex-.log
656	/Users/alexis/src/relux-works/skill-swift-relux/.temp/orch-loop-probe/demo-project/.temp/logwork/TASK-260715-20iwb4/-analyst--solution-architect--codex-.log
332	/Users/alexis/src/relux-works/skill-swift-relux/.temp/orch-loop-probe/demo-project/.temp/logwork/TASK-260715-20iwb4/-reviewer--reviewer--codex-.log
--- board ---
summary:{"active":[{"id":"EPIC-260715-hb60an","name":"wordstats-cli","status":"reviewing"},{"id":"STORY-260715-l2vzgc","name":"orchestration","status":"reviewing"},{"id":"TASK-260715-17r8i9","name":"orchestrate-wordstats-delivery","status":"analysis"},{"id":"TASK-260715-20iwb4","name":"decompose-wordstats-spec","status":"reviewing"}],"blocked":[{"blockedBy":["STORY-260715-18orjv","STORY-260715-nb3xui"],"id":"STORY-260715-1tdoj1","name":"user-documentation"},{"blockedBy":["TASK-260715-ci3o2j","TASK-260715-3pofvo"],"id":"TASK-260715-3fq1lx","name":"document-wordstats-usage-tools"},{"blockedBy":["STORY-260715-18orjv"],"id":"STORY-260715-2rp9r2","name":"stats-engine"},{"blockedBy":["TASK-260715-ej266r","TASK-260715-1zix5s"],"id":"TASK-260715-2bocgg","name":"implement-counting-logic"},{"blockedBy":["TASK-260715-ej266r","TASK-260715-1zix5s"],"id":"TASK-260715-erqnfs","name":"implement-top-words-logic"},{"blockedBy":["STORY-260715-18orjv","STORY-260715-2rp9r2","STORY-260715-nb3xui"],"id":"STORY-260715-3ni02s","name":"automated-verification"},{"blockedBy":["TASK-260715-ej266r","TASK-260715-erqnfs"],"id":"TASK-260715-25wdqr","name":"add-top-words-table-tests"},{"blockedBy":["TASK-260715-ej266r","TASK-260715-ci3o2j","TASK-260715-3pofvo"],"id":"TASK-260715-2lpg9c","name":"add-cli-contract-tests"},{"blockedBy":["TASK-260715-ej266r","TASK-260715-2bocgg"],"id":"TASK-260715-2r44i0","name":"add-counting-table-tests"},{"blockedBy":["STORY-260715-18orjv","STORY-260715-2rp9r2"],"id":"STORY-260715-nb3xui","name":"cli-application"},{"blockedBy":["TASK-260715-ci3o2j","TASK-260715-1zix5s"],"id":"TASK-260715-2rbap5","name":"implement-input-error-handling"},{"blockedBy":["TASK-260715-ci3o2j","TASK-260715-2bocgg","TASK-260715-erqnfs","TASK-260715-2rbap5"],"id":"TASK-260715-3pofvo","name":"implement-output-flag-orchestration"},{"blockedBy":["STORY-260715-3ni02s","STORY-260715-1tdoj1"],"id":"STORY-260715-oym9iz","name":"delivery-quality-gates"},{"blockedBy":["TASK-260715-2r44i0","TASK-260715-25wdqr","TASK-260715-2lpg9c","TASK-260715-3fq1lx"],"id":"TASK-260715-4y3dqa","name":"run-final-go-quality-gates"}],"byType":{"bug":{"total":0,"todo":0,"active":0,"done":0,"closed":0,"blocked":0},"epic":{"total":1,"todo":0,"active":1,"done":0,"closed":0,"blocked":0},"story":{"total":7,"todo":6,"active":1,"done":0,"closed":0,"blocked":0},"task":{"total":14,"todo":12,"active":2,"done":0,"closed":0,"blocked":0}}}
===== SAMPLE 11:34:31 (elapsed 20s) =====
--- runs ---
RUN-260715-91953c completed ? ?
RUN-260715-9b2f39 running ? ?
RUN-260715-9eb74d running ? ?
--- log sizes (bytes) ---
532	/Users/alexis/src/relux-works/skill-swift-relux/.temp/orch-loop-probe/demo-project/.temp/logwork/TASK-260715-17r8i9/-analyst--orchestrator--codex-.log
656	/Users/alexis/src/relux-works/skill-swift-relux/.temp/orch-loop-probe/demo-project/.temp/logwork/TASK-260715-20iwb4/-analyst--solution-architect--codex-.log
332	/Users/alexis/src/relux-works/skill-swift-relux/.temp/orch-loop-probe/demo-project/.temp/logwork/TASK-260715-20iwb4/-reviewer--reviewer--codex-.log
--- board ---
summary:{"active":[{"id":"EPIC-260715-hb60an","name":"wordstats-cli","status":"reviewing"},{"id":"STORY-260715-l2vzgc","name":"orchestration","status":"reviewing"},{"id":"TASK-260715-17r8i9","name":"orchestrate-wordstats-delivery","status":"analysis"},{"id":"TASK-260715-20iwb4","name":"decompose-wordstats-spec","status":"reviewing"}],"blocked":[{"blockedBy":["STORY-260715-18orjv","STORY-260715-nb3xui"],"id":"STORY-260715-1tdoj1","name":"user-documentation"},{"blockedBy":["TASK-260715-ci3o2j","TASK-260715-3pofvo"],"id":"TASK-260715-3fq1lx","name":"document-wordstats-usage-tools"},{"blockedBy":["STORY-260715-18orjv"],"id":"STORY-260715-2rp9r2","name":"stats-engine"},{"blockedBy":["TASK-260715-ej266r","TASK-260715-1zix5s"],"id":"TASK-260715-2bocgg","name":"implement-counting-logic"},{"blockedBy":["TASK-260715-ej266r","TASK-260715-1zix5s"],"id":"TASK-260715-erqnfs","name":"implement-top-words-logic"},{"blockedBy":["STORY-260715-18orjv","STORY-260715-2rp9r2","STORY-260715-nb3xui"],"id":"STORY-260715-3ni02s","name":"automated-verification"},{"blockedBy":["TASK-260715-ej266r","TASK-260715-erqnfs"],"id":"TASK-260715-25wdqr","name":"add-top-words-table-tests"},{"blockedBy":["TASK-260715-ej266r","TASK-260715-ci3o2j","TASK-260715-3pofvo"],"id":"TASK-260715-2lpg9c","name":"add-cli-contract-tests"},{"blockedBy":["TASK-260715-ej266r","TASK-260715-2bocgg"],"id":"TASK-260715-2r44i0","name":"add-counting-table-tests"},{"blockedBy":["STORY-260715-18orjv","STORY-260715-2rp9r2"],"id":"STORY-260715-nb3xui","name":"cli-application"},{"blockedBy":["TASK-260715-ci3o2j","TASK-260715-1zix5s"],"id":"TASK-260715-2rbap5","name":"implement-input-error-handling"},{"blockedBy":["TASK-260715-ci3o2j","TASK-260715-2bocgg","TASK-260715-erqnfs","TASK-260715-2rbap5"],"id":"TASK-260715-3pofvo","name":"implement-output-flag-orchestration"},{"blockedBy":["STORY-260715-3ni02s","STORY-260715-1tdoj1"],"id":"STORY-260715-oym9iz","name":"delivery-quality-gates"},{"blockedBy":["TASK-260715-2r44i0","TASK-260715-25wdqr","TASK-260715-2lpg9c","TASK-260715-3fq1lx"],"id":"TASK-260715-4y3dqa","name":"run-final-go-quality-gates"}],"byType":{"bug":{"total":0,"todo":0,"active":0,"done":0,"closed":0,"blocked":0},"epic":{"total":1,"todo":0,"active":1,"done":0,"closed":0,"blocked":0},"story":{"total":7,"todo":6,"active":1,"done":0,"closed":0,"blocked":0},"task":{"total":14,"todo":12,"active":2,"done":0,"closed":0,"blocked":0}}}
===== SAMPLE 11:34:51 (elapsed 40s) =====
--- runs ---
RUN-260715-91953c completed ? ?
RUN-260715-9b2f39 running ? ?
RUN-260715-9eb74d running ? ?
--- log sizes (bytes) ---
532	/Users/alexis/src/relux-works/skill-swift-relux/.temp/orch-loop-probe/demo-project/.temp/logwork/TASK-260715-17r8i9/-analyst--orchestrator--codex-.log
656	/Users/alexis/src/relux-works/skill-swift-relux/.temp/orch-loop-probe/demo-project/.temp/logwork/TASK-260715-20iwb4/-analyst--solution-architect--codex-.log
332	/Users/alexis/src/relux-works/skill-swift-relux/.temp/orch-loop-probe/demo-project/.temp/logwork/TASK-260715-20iwb4/-reviewer--reviewer--codex-.log
--- board ---
summary:{"active":[{"id":"EPIC-260715-hb60an","name":"wordstats-cli","status":"reviewing"},{"id":"STORY-260715-l2vzgc","name":"orchestration","status":"reviewing"},{"id":"TASK-260715-17r8i9","name":"orchestrate-wordstats-delivery","status":"analysis"},{"id":"TASK-260715-20iwb4","name":"decompose-wordstats-spec","status":"reviewing"}],"blocked":[{"blockedBy":["STORY-260715-18orjv","STORY-260715-nb3xui"],"id":"STORY-260715-1tdoj1","name":"user-documentation"},{"blockedBy":["TASK-260715-ci3o2j","TASK-260715-3pofvo"],"id":"TASK-260715-3fq1lx","name":"document-wordstats-usage-tools"},{"blockedBy":["STORY-260715-18orjv"],"id":"STORY-260715-2rp9r2","name":"stats-engine"},{"blockedBy":["TASK-260715-ej266r","TASK-260715-1zix5s"],"id":"TASK-260715-2bocgg","name":"implement-counting-logic"},{"blockedBy":["TASK-260715-ej266r","TASK-260715-1zix5s"],"id":"TASK-260715-erqnfs","name":"implement-top-words-logic"},{"blockedBy":["STORY-260715-18orjv","STORY-260715-2rp9r2","STORY-260715-nb3xui"],"id":"STORY-260715-3ni02s","name":"automated-verification"},{"blockedBy":["TASK-260715-ej266r","TASK-260715-erqnfs"],"id":"TASK-260715-25wdqr","name":"add-top-words-table-tests"},{"blockedBy":["TASK-260715-ej266r","TASK-260715-ci3o2j","TASK-260715-3pofvo"],"id":"TASK-260715-2lpg9c","name":"add-cli-contract-tests"},{"blockedBy":["TASK-260715-ej266r","TASK-260715-2bocgg"],"id":"TASK-260715-2r44i0","name":"add-counting-table-tests"},{"blockedBy":["STORY-260715-18orjv","STORY-260715-2rp9r2"],"id":"STORY-260715-nb3xui","name":"cli-application"},{"blockedBy":["TASK-260715-ci3o2j","TASK-260715-1zix5s"],"id":"TASK-260715-2rbap5","name":"implement-input-error-handling"},{"blockedBy":["TASK-260715-ci3o2j","TASK-260715-2bocgg","TASK-260715-erqnfs","TASK-260715-2rbap5"],"id":"TASK-260715-3pofvo","name":"implement-output-flag-orchestration"},{"blockedBy":["STORY-260715-3ni02s","STORY-260715-1tdoj1"],"id":"STORY-260715-oym9iz","name":"delivery-quality-gates"},{"blockedBy":["TASK-260715-2r44i0","TASK-260715-25wdqr","TASK-260715-2lpg9c","TASK-260715-3fq1lx"],"id":"TASK-260715-4y3dqa","name":"run-final-go-quality-gates"}],"byType":{"bug":{"total":0,"todo":0,"active":0,"done":0,"closed":0,"blocked":0},"epic":{"total":1,"todo":0,"active":1,"done":0,"closed":0,"blocked":0},"story":{"total":7,"todo":6,"active":1,"done":0,"closed":0,"blocked":0},"task":{"total":14,"todo":12,"active":2,"done":0,"closed":0,"blocked":0}}}
===== SAMPLE 11:35:11 (elapsed 60s) =====
--- runs ---
RUN-260715-91953c completed ? ?
RUN-260715-9b2f39 running ? ?
RUN-260715-9eb74d running ? ?
--- log sizes (bytes) ---
532	/Users/alexis/src/relux-works/skill-swift-relux/.temp/orch-loop-probe/demo-project/.temp/logwork/TASK-260715-17r8i9/-analyst--orchestrator--codex-.log
656	/Users/alexis/src/relux-works/skill-swift-relux/.temp/orch-loop-probe/demo-project/.temp/logwork/TASK-260715-20iwb4/-analyst--solution-architect--codex-.log
332	/Users/alexis/src/relux-works/skill-swift-relux/.temp/orch-loop-probe/demo-project/.temp/logwork/TASK-260715-20iwb4/-reviewer--reviewer--codex-.log
--- board ---
summary:{"active":[{"id":"EPIC-260715-hb60an","name":"wordstats-cli","status":"analysis"},{"id":"STORY-260715-l2vzgc","name":"orchestration","status":"analysis"},{"id":"TASK-260715-17r8i9","name":"orchestrate-wordstats-delivery","status":"analysis"}],"blocked":[{"blockedBy":["STORY-260715-18orjv","STORY-260715-nb3xui"],"id":"STORY-260715-1tdoj1","name":"user-documentation"},{"blockedBy":["TASK-260715-ci3o2j","TASK-260715-3pofvo"],"id":"TASK-260715-3fq1lx","name":"document-wordstats-usage-tools"},{"blockedBy":["STORY-260715-18orjv"],"id":"STORY-260715-2rp9r2","name":"stats-engine"},{"blockedBy":["TASK-260715-ej266r","TASK-260715-1zix5s"],"id":"TASK-260715-2bocgg","name":"implement-counting-logic"},{"blockedBy":["TASK-260715-ej266r","TASK-260715-1zix5s"],"id":"TASK-260715-erqnfs","name":"implement-top-words-logic"},{"blockedBy":["STORY-260715-18orjv","STORY-260715-2rp9r2","STORY-260715-nb3xui"],"id":"STORY-260715-3ni02s","name":"automated-verification"},{"blockedBy":["TASK-260715-ej266r","TASK-260715-erqnfs"],"id":"TASK-260715-25wdqr","name":"add-top-words-table-tests"},{"blockedBy":["TASK-260715-ej266r","TASK-260715-ci3o2j","TASK-260715-3pofvo"],"id":"TASK-260715-2lpg9c","name":"add-cli-contract-tests"},{"blockedBy":["TASK-260715-ej266r","TASK-260715-2bocgg"],"id":"TASK-260715-2r44i0","name":"add-counting-table-tests"},{"blockedBy":["STORY-260715-18orjv","STORY-260715-2rp9r2"],"id":"STORY-260715-nb3xui","name":"cli-application"},{"blockedBy":["TASK-260715-ci3o2j","TASK-260715-1zix5s"],"id":"TASK-260715-2rbap5","name":"implement-input-error-handling"},{"blockedBy":["TASK-260715-ci3o2j","TASK-260715-2bocgg","TASK-260715-erqnfs","TASK-260715-2rbap5"],"id":"TASK-260715-3pofvo","name":"implement-output-flag-orchestration"},{"blockedBy":["STORY-260715-3ni02s","STORY-260715-1tdoj1"],"id":"STORY-260715-oym9iz","name":"delivery-quality-gates"},{"blockedBy":["TASK-260715-2r44i0","TASK-260715-25wdqr","TASK-260715-2lpg9c","TASK-260715-3fq1lx"],"id":"TASK-260715-4y3dqa","name":"run-final-go-quality-gates"}],"byType":{"bug":{"total":0,"todo":0,"active":0,"done":0,"closed":0,"blocked":0},"epic":{"total":1,"todo":0,"active":1,"done":0,"closed":0,"blocked":0},"story":{"total":7,"todo":6,"active":1,"done":0,"closed":0,"blocked":0},"task":{"total":14,"todo":12,"active":1,"done":1,"closed":0,"blocked":0}}}
===== SAMPLE 11:35:31 (elapsed 80s) =====
--- runs ---
RUN-260715-91953c completed ? ?
RUN-260715-9b2f39 completed ? ?
RUN-260715-9eb74d running ? ?
--- log sizes (bytes) ---
532	/Users/alexis/src/relux-works/skill-swift-relux/.temp/orch-loop-probe/demo-project/.temp/logwork/TASK-260715-17r8i9/-analyst--orchestrator--codex-.log
656	/Users/alexis/src/relux-works/skill-swift-relux/.temp/orch-loop-probe/demo-project/.temp/logwork/TASK-260715-20iwb4/-analyst--solution-architect--codex-.log
332	/Users/alexis/src/relux-works/skill-swift-relux/.temp/orch-loop-probe/demo-project/.temp/logwork/TASK-260715-20iwb4/-reviewer--reviewer--codex-.log
--- board ---
summary:{"active":[{"id":"EPIC-260715-hb60an","name":"wordstats-cli","status":"analysis"},{"id":"STORY-260715-l2vzgc","name":"orchestration","status":"analysis"},{"id":"TASK-260715-17r8i9","name":"orchestrate-wordstats-delivery","status":"analysis"}],"blocked":[{"blockedBy":["STORY-260715-18orjv","STORY-260715-nb3xui"],"id":"STORY-260715-1tdoj1","name":"user-documentation"},{"blockedBy":["TASK-260715-ci3o2j","TASK-260715-3pofvo"],"id":"TASK-260715-3fq1lx","name":"document-wordstats-usage-tools"},{"blockedBy":["STORY-260715-18orjv"],"id":"STORY-260715-2rp9r2","name":"stats-engine"},{"blockedBy":["TASK-260715-ej266r","TASK-260715-1zix5s"],"id":"TASK-260715-2bocgg","name":"implement-counting-logic"},{"blockedBy":["TASK-260715-ej266r","TASK-260715-1zix5s"],"id":"TASK-260715-erqnfs","name":"implement-top-words-logic"},{"blockedBy":["STORY-260715-18orjv","STORY-260715-2rp9r2","STORY-260715-nb3xui"],"id":"STORY-260715-3ni02s","name":"automated-verification"},{"blockedBy":["TASK-260715-ej266r","TASK-260715-erqnfs"],"id":"TASK-260715-25wdqr","name":"add-top-words-table-tests"},{"blockedBy":["TASK-260715-ej266r","TASK-260715-ci3o2j","TASK-260715-3pofvo"],"id":"TASK-260715-2lpg9c","name":"add-cli-contract-tests"},{"blockedBy":["TASK-260715-ej266r","TASK-260715-2bocgg"],"id":"TASK-260715-2r44i0","name":"add-counting-table-tests"},{"blockedBy":["STORY-260715-18orjv","STORY-260715-2rp9r2"],"id":"STORY-260715-nb3xui","name":"cli-application"},{"blockedBy":["TASK-260715-ci3o2j","TASK-260715-1zix5s"],"id":"TASK-260715-2rbap5","name":"implement-input-error-handling"},{"blockedBy":["TASK-260715-ci3o2j","TASK-260715-2bocgg","TASK-260715-erqnfs","TASK-260715-2rbap5"],"id":"TASK-260715-3pofvo","name":"implement-output-flag-orchestration"},{"blockedBy":["STORY-260715-3ni02s","STORY-260715-1tdoj1"],"id":"STORY-260715-oym9iz","name":"delivery-quality-gates"},{"blockedBy":["TASK-260715-2r44i0","TASK-260715-25wdqr","TASK-260715-2lpg9c","TASK-260715-3fq1lx"],"id":"TASK-260715-4y3dqa","name":"run-final-go-quality-gates"}],"byType":{"bug":{"total":0,"todo":0,"active":0,"done":0,"closed":0,"blocked":0},"epic":{"total":1,"todo":0,"active":1,"done":0,"closed":0,"blocked":0},"story":{"total":7,"todo":6,"active":1,"done":0,"closed":0,"blocked":0},"task":{"total":14,"todo":12,"active":1,"done":1,"closed":0,"blocked":0}}}
===== SAMPLE 11:35:51 (elapsed 100s) =====
--- runs ---
RUN-260715-91953c completed ? ?
RUN-260715-9b2f39 completed ? ?
RUN-260715-9eb74d running ? ?
--- log sizes (bytes) ---
532	/Users/alexis/src/relux-works/skill-swift-relux/.temp/orch-loop-probe/demo-project/.temp/logwork/TASK-260715-17r8i9/-analyst--orchestrator--codex-.log
656	/Users/alexis/src/relux-works/skill-swift-relux/.temp/orch-loop-probe/demo-project/.temp/logwork/TASK-260715-20iwb4/-analyst--solution-architect--codex-.log
332	/Users/alexis/src/relux-works/skill-swift-relux/.temp/orch-loop-probe/demo-project/.temp/logwork/TASK-260715-20iwb4/-reviewer--reviewer--codex-.log
--- board ---
summary:{"active":[{"id":"EPIC-260715-hb60an","name":"wordstats-cli","status":"analysis"},{"id":"STORY-260715-l2vzgc","name":"orchestration","status":"analysis"},{"id":"TASK-260715-17r8i9","name":"orchestrate-wordstats-delivery","status":"analysis"}],"blocked":[{"blockedBy":["STORY-260715-18orjv","STORY-260715-nb3xui"],"id":"STORY-260715-1tdoj1","name":"user-documentation"},{"blockedBy":["TASK-260715-ci3o2j","TASK-260715-3pofvo"],"id":"TASK-260715-3fq1lx","name":"document-wordstats-usage-tools"},{"blockedBy":["STORY-260715-18orjv"],"id":"STORY-260715-2rp9r2","name":"stats-engine"},{"blockedBy":["TASK-260715-ej266r","TASK-260715-1zix5s"],"id":"TASK-260715-2bocgg","name":"implement-counting-logic"},{"blockedBy":["TASK-260715-ej266r","TASK-260715-1zix5s"],"id":"TASK-260715-erqnfs","name":"implement-top-words-logic"},{"blockedBy":["STORY-260715-18orjv","STORY-260715-2rp9r2","STORY-260715-nb3xui"],"id":"STORY-260715-3ni02s","name":"automated-verification"},{"blockedBy":["TASK-260715-ej266r","TASK-260715-erqnfs"],"id":"TASK-260715-25wdqr","name":"add-top-words-table-tests"},{"blockedBy":["TASK-260715-ej266r","TASK-260715-ci3o2j","TASK-260715-3pofvo"],"id":"TASK-260715-2lpg9c","name":"add-cli-contract-tests"},{"blockedBy":["TASK-260715-ej266r","TASK-260715-2bocgg"],"id":"TASK-260715-2r44i0","name":"add-counting-table-tests"},{"blockedBy":["STORY-260715-18orjv","STORY-260715-2rp9r2"],"id":"STORY-260715-nb3xui","name":"cli-application"},{"blockedBy":["TASK-260715-ci3o2j","TASK-260715-1zix5s"],"id":"TASK-260715-2rbap5","name":"implement-input-error-handling"},{"blockedBy":["TASK-260715-ci3o2j","TASK-260715-2bocgg","TASK-260715-erqnfs","TASK-260715-2rbap5"],"id":"TASK-260715-3pofvo","name":"implement-output-flag-orchestration"},{"blockedBy":["STORY-260715-3ni02s","STORY-260715-1tdoj1"],"id":"STORY-260715-oym9iz","name":"delivery-quality-gates"},{"blockedBy":["TASK-260715-2r44i0","TASK-260715-25wdqr","TASK-260715-2lpg9c","TASK-260715-3fq1lx"],"id":"TASK-260715-4y3dqa","name":"run-final-go-quality-gates"}],"byType":{"bug":{"total":0,"todo":0,"active":0,"done":0,"closed":0,"blocked":0},"epic":{"total":1,"todo":0,"active":1,"done":0,"closed":0,"blocked":0},"story":{"total":7,"todo":6,"active":1,"done":0,"closed":0,"blocked":0},"task":{"total":14,"todo":12,"active":1,"done":1,"closed":0,"blocked":0}}}
===== SAMPLE 11:36:12 (elapsed 121s) =====
--- runs ---
RUN-260715-219661 running ? ?
RUN-260715-91953c completed ? ?
RUN-260715-9b2f39 completed ? ?
RUN-260715-9eb74d running ? ?
RUN-260715-b3fa1a running ? ?
RUN-260715-eed856 running ? ?
--- log sizes (bytes) ---
16	/Users/alexis/src/relux-works/skill-swift-relux/.temp/orch-loop-probe/demo-project/.temp/logwork/TASK-260715-ci3o2j/-analyst--researcher--codex-.log
16	/Users/alexis/src/relux-works/skill-swift-relux/.temp/orch-loop-probe/demo-project/.temp/logwork/TASK-260715-1zix5s/-implementer--developer--codex-.log
16	/Users/alexis/src/relux-works/skill-swift-relux/.temp/orch-loop-probe/demo-project/.temp/logwork/TASK-260715-ej266r/-analyst--researcher--codex-.log
532	/Users/alexis/src/relux-works/skill-swift-relux/.temp/orch-loop-probe/demo-project/.temp/logwork/TASK-260715-17r8i9/-analyst--orchestrator--codex-.log
656	/Users/alexis/src/relux-works/skill-swift-relux/.temp/orch-loop-probe/demo-project/.temp/logwork/TASK-260715-20iwb4/-analyst--solution-architect--codex-.log
332	/Users/alexis/src/relux-works/skill-swift-relux/.temp/orch-loop-probe/demo-project/.temp/logwork/TASK-260715-20iwb4/-reviewer--reviewer--codex-.log
--- board ---
summary:{"active":[{"id":"EPIC-260715-hb60an","name":"wordstats-cli","status":"development"},{"id":"STORY-260715-18orjv","name":"behavior-contract","status":"analysis"},{"id":"TASK-260715-ci3o2j","name":"define-cli-output-error-contract","status":"analysis"},{"id":"TASK-260715-ej266r","name":"define-counting-normalization-contract","status":"analysis"},{"id":"STORY-260715-2rp9r2","name":"stats-engine","status":"development"},{"id":"TASK-260715-1zix5s","name":"initialize-go-module","status":"development"},{"id":"STORY-260715-l2vzgc","name":"orchestration","status":"analysis"},{"id":"TASK-260715-17r8i9","name":"orchestrate-wordstats-delivery","status":"analysis"}],"blocked":[{"blockedBy":["STORY-260715-18orjv","STORY-260715-nb3xui"],"id":"STORY-260715-1tdoj1","name":"user-documentation"},{"blockedBy":["TASK-260715-ci3o2j","TASK-260715-3pofvo"],"id":"TASK-260715-3fq1lx","name":"document-wordstats-usage-tools"},{"blockedBy":["STORY-260715-18orjv"],"id":"STORY-260715-2rp9r2","name":"stats-engine"},{"blockedBy":["TASK-260715-ej266r","TASK-260715-1zix5s"],"id":"TASK-260715-2bocgg","name":"implement-counting-logic"},{"blockedBy":["TASK-260715-ej266r","TASK-260715-1zix5s"],"id":"TASK-260715-erqnfs","name":"implement-top-words-logic"},{"blockedBy":["STORY-260715-18orjv","STORY-260715-2rp9r2","STORY-260715-nb3xui"],"id":"STORY-260715-3ni02s","name":"automated-verification"},{"blockedBy":["TASK-260715-ej266r","TASK-260715-erqnfs"],"id":"TASK-260715-25wdqr","name":"add-top-words-table-tests"},{"blockedBy":["TASK-260715-ej266r","TASK-260715-ci3o2j","TASK-260715-3pofvo"],"id":"TASK-260715-2lpg9c","name":"add-cli-contract-tests"},{"blockedBy":["TASK-260715-ej266r","TASK-260715-2bocgg"],"id":"TASK-260715-2r44i0","name":"add-counting-table-tests"},{"blockedBy":["STORY-260715-18orjv","STORY-260715-2rp9r2"],"id":"STORY-260715-nb3xui","name":"cli-application"},{"blockedBy":["TASK-260715-ci3o2j","TASK-260715-1zix5s"],"id":"TASK-260715-2rbap5","name":"implement-input-error-handling"},{"blockedBy":["TASK-260715-ci3o2j","TASK-260715-2bocgg","TASK-260715-erqnfs","TASK-260715-2rbap5"],"id":"TASK-260715-3pofvo","name":"implement-output-flag-orchestration"},{"blockedBy":["STORY-260715-3ni02s","STORY-260715-1tdoj1"],"id":"STORY-260715-oym9iz","name":"delivery-quality-gates"},{"blockedBy":["TASK-260715-2r44i0","TASK-260715-25wdqr","TASK-260715-2lpg9c","TASK-260715-3fq1lx"],"id":"TASK-260715-4y3dqa","name":"run-final-go-quality-gates"}],"byType":{"bug":{"total":0,"todo":0,"active":0,"done":0,"closed":0,"blocked":0},"epic":{"total":1,"todo":0,"active":1,"done":0,"closed":0,"blocked":0},"story":{"total":7,"todo":4,"active":3,"done":0,"closed":0,"blocked":0},"task":{"total":14,"todo":9,"active":4,"done":1,"closed":0,"blocked":0}}}
===== SAMPLE 11:36:32 (elapsed 141s) =====
--- runs ---
RUN-260715-219661 running ? ?
RUN-260715-91953c completed ? ?
RUN-260715-9b2f39 completed ? ?
RUN-260715-9eb74d running ? ?
RUN-260715-b3fa1a running ? ?
RUN-260715-eed856 running ? ?
--- log sizes (bytes) ---
132	/Users/alexis/src/relux-works/skill-swift-relux/.temp/orch-loop-probe/demo-project/.temp/logwork/TASK-260715-ci3o2j/-analyst--researcher--codex-.log
56	/Users/alexis/src/relux-works/skill-swift-relux/.temp/orch-loop-probe/demo-project/.temp/logwork/TASK-260715-1zix5s/-implementer--developer--codex-.log
132	/Users/alexis/src/relux-works/skill-swift-relux/.temp/orch-loop-probe/demo-project/.temp/logwork/TASK-260715-ej266r/-analyst--researcher--codex-.log
532	/Users/alexis/src/relux-works/skill-swift-relux/.temp/orch-loop-probe/demo-project/.temp/logwork/TASK-260715-17r8i9/-analyst--orchestrator--codex-.log
656	/Users/alexis/src/relux-works/skill-swift-relux/.temp/orch-loop-probe/demo-project/.temp/logwork/TASK-260715-20iwb4/-analyst--solution-architect--codex-.log
332	/Users/alexis/src/relux-works/skill-swift-relux/.temp/orch-loop-probe/demo-project/.temp/logwork/TASK-260715-20iwb4/-reviewer--reviewer--codex-.log
--- board ---
summary:{"active":[{"id":"EPIC-260715-hb60an","name":"wordstats-cli","status":"development"},{"id":"STORY-260715-18orjv","name":"behavior-contract","status":"analysis"},{"id":"TASK-260715-ci3o2j","name":"define-cli-output-error-contract","status":"analysis"},{"id":"TASK-260715-ej266r","name":"define-counting-normalization-contract","status":"analysis"},{"id":"STORY-260715-2rp9r2","name":"stats-engine","status":"development"},{"id":"TASK-260715-1zix5s","name":"initialize-go-module","status":"development"},{"id":"STORY-260715-l2vzgc","name":"orchestration","status":"analysis"},{"id":"TASK-260715-17r8i9","name":"orchestrate-wordstats-delivery","status":"analysis"}],"blocked":[{"blockedBy":["STORY-260715-18orjv","STORY-260715-nb3xui"],"id":"STORY-260715-1tdoj1","name":"user-documentation"},{"blockedBy":["TASK-260715-ci3o2j","TASK-260715-3pofvo"],"id":"TASK-260715-3fq1lx","name":"document-wordstats-usage-tools"},{"blockedBy":["STORY-260715-18orjv"],"id":"STORY-260715-2rp9r2","name":"stats-engine"},{"blockedBy":["TASK-260715-ej266r","TASK-260715-1zix5s"],"id":"TASK-260715-2bocgg","name":"implement-counting-logic"},{"blockedBy":["TASK-260715-ej266r","TASK-260715-1zix5s"],"id":"TASK-260715-erqnfs","name":"implement-top-words-logic"},{"blockedBy":["STORY-260715-18orjv","STORY-260715-2rp9r2","STORY-260715-nb3xui"],"id":"STORY-260715-3ni02s","name":"automated-verification"},{"blockedBy":["TASK-260715-ej266r","TASK-260715-erqnfs"],"id":"TASK-260715-25wdqr","name":"add-top-words-table-tests"},{"blockedBy":["TASK-260715-ej266r","TASK-260715-ci3o2j","TASK-260715-3pofvo"],"id":"TASK-260715-2lpg9c","name":"add-cli-contract-tests"},{"blockedBy":["TASK-260715-ej266r","TASK-260715-2bocgg"],"id":"TASK-260715-2r44i0","name":"add-counting-table-tests"},{"blockedBy":["STORY-260715-18orjv","STORY-260715-2rp9r2"],"id":"STORY-260715-nb3xui","name":"cli-application"},{"blockedBy":["TASK-260715-ci3o2j","TASK-260715-1zix5s"],"id":"TASK-260715-2rbap5","name":"implement-input-error-handling"},{"blockedBy":["TASK-260715-ci3o2j","TASK-260715-2bocgg","TASK-260715-erqnfs","TASK-260715-2rbap5"],"id":"TASK-260715-3pofvo","name":"implement-output-flag-orchestration"},{"blockedBy":["STORY-260715-3ni02s","STORY-260715-1tdoj1"],"id":"STORY-260715-oym9iz","name":"delivery-quality-gates"},{"blockedBy":["TASK-260715-2r44i0","TASK-260715-25wdqr","TASK-260715-2lpg9c","TASK-260715-3fq1lx"],"id":"TASK-260715-4y3dqa","name":"run-final-go-quality-gates"}],"byType":{"bug":{"total":0,"todo":0,"active":0,"done":0,"closed":0,"blocked":0},"epic":{"total":1,"todo":0,"active":1,"done":0,"closed":0,"blocked":0},"story":{"total":7,"todo":4,"active":3,"done":0,"closed":0,"blocked":0},"task":{"total":14,"todo":9,"active":4,"done":1,"closed":0,"blocked":0}}}
===== SAMPLE 11:36:52 (elapsed 161s) =====
--- runs ---
RUN-260715-219661 running ? ?
RUN-260715-91953c completed ? ?
RUN-260715-9b2f39 completed ? ?
RUN-260715-9eb74d running ? ?
RUN-260715-b3fa1a running ? ?
RUN-260715-eed856 running ? ?
--- log sizes (bytes) ---
132	/Users/alexis/src/relux-works/skill-swift-relux/.temp/orch-loop-probe/demo-project/.temp/logwork/TASK-260715-ci3o2j/-analyst--researcher--codex-.log
140	/Users/alexis/src/relux-works/skill-swift-relux/.temp/orch-loop-probe/demo-project/.temp/logwork/TASK-260715-1zix5s/-implementer--developer--codex-.log
196	/Users/alexis/src/relux-works/skill-swift-relux/.temp/orch-loop-probe/demo-project/.temp/logwork/TASK-260715-ej266r/-analyst--researcher--codex-.log
532	/Users/alexis/src/relux-works/skill-swift-relux/.temp/orch-loop-probe/demo-project/.temp/logwork/TASK-260715-17r8i9/-analyst--orchestrator--codex-.log
656	/Users/alexis/src/relux-works/skill-swift-relux/.temp/orch-loop-probe/demo-project/.temp/logwork/TASK-260715-20iwb4/-analyst--solution-architect--codex-.log
332	/Users/alexis/src/relux-works/skill-swift-relux/.temp/orch-loop-probe/demo-project/.temp/logwork/TASK-260715-20iwb4/-reviewer--reviewer--codex-.log
--- board ---
summary:{"active":[{"id":"EPIC-260715-hb60an","name":"wordstats-cli","status":"development"},{"id":"STORY-260715-18orjv","name":"behavior-contract","status":"analysis"},{"id":"TASK-260715-ci3o2j","name":"define-cli-output-error-contract","status":"analysis"},{"id":"TASK-260715-ej266r","name":"define-counting-normalization-contract","status":"analysis"},{"id":"STORY-260715-2rp9r2","name":"stats-engine","status":"development"},{"id":"TASK-260715-1zix5s","name":"initialize-go-module","status":"development"},{"id":"STORY-260715-l2vzgc","name":"orchestration","status":"analysis"},{"id":"TASK-260715-17r8i9","name":"orchestrate-wordstats-delivery","status":"analysis"}],"blocked":[{"blockedBy":["STORY-260715-18orjv","STORY-260715-nb3xui"],"id":"STORY-260715-1tdoj1","name":"user-documentation"},{"blockedBy":["TASK-260715-ci3o2j","TASK-260715-3pofvo"],"id":"TASK-260715-3fq1lx","name":"document-wordstats-usage-tools"},{"blockedBy":["STORY-260715-18orjv"],"id":"STORY-260715-2rp9r2","name":"stats-engine"},{"blockedBy":["TASK-260715-ej266r","TASK-260715-1zix5s"],"id":"TASK-260715-2bocgg","name":"implement-counting-logic"},{"blockedBy":["TASK-260715-ej266r","TASK-260715-1zix5s"],"id":"TASK-260715-erqnfs","name":"implement-top-words-logic"},{"blockedBy":["STORY-260715-18orjv","STORY-260715-2rp9r2","STORY-260715-nb3xui"],"id":"STORY-260715-3ni02s","name":"automated-verification"},{"blockedBy":["TASK-260715-ej266r","TASK-260715-erqnfs"],"id":"TASK-260715-25wdqr","name":"add-top-words-table-tests"},{"blockedBy":["TASK-260715-ej266r","TASK-260715-ci3o2j","TASK-260715-3pofvo"],"id":"TASK-260715-2lpg9c","name":"add-cli-contract-tests"},{"blockedBy":["TASK-260715-ej266r","TASK-260715-2bocgg"],"id":"TASK-260715-2r44i0","name":"add-counting-table-tests"},{"blockedBy":["STORY-260715-18orjv","STORY-260715-2rp9r2"],"id":"STORY-260715-nb3xui","name":"cli-application"},{"blockedBy":["TASK-260715-ci3o2j","TASK-260715-1zix5s"],"id":"TASK-260715-2rbap5","name":"implement-input-error-handling"},{"blockedBy":["TASK-260715-ci3o2j","TASK-260715-2bocgg","TASK-260715-erqnfs","TASK-260715-2rbap5"],"id":"TASK-260715-3pofvo","name":"implement-output-flag-orchestration"},{"blockedBy":["STORY-260715-3ni02s","STORY-260715-1tdoj1"],"id":"STORY-260715-oym9iz","name":"delivery-quality-gates"},{"blockedBy":["TASK-260715-2r44i0","TASK-260715-25wdqr","TASK-260715-2lpg9c","TASK-260715-3fq1lx"],"id":"TASK-260715-4y3dqa","name":"run-final-go-quality-gates"}],"byType":{"bug":{"total":0,"todo":0,"active":0,"done":0,"closed":0,"blocked":0},"epic":{"total":1,"todo":0,"active":1,"done":0,"closed":0,"blocked":0},"story":{"total":7,"todo":4,"active":3,"done":0,"closed":0,"blocked":0},"task":{"total":14,"todo":9,"active":4,"done":1,"closed":0,"blocked":0}}}
===== SAMPLE 11:37:12 (elapsed 181s) =====
--- runs ---
RUN-260715-219661 running ? ?
RUN-260715-91953c completed ? ?
RUN-260715-9b2f39 completed ? ?
RUN-260715-9eb74d running ? ?
RUN-260715-b3fa1a running ? ?
RUN-260715-eed856 running ? ?
--- log sizes (bytes) ---
132	/Users/alexis/src/relux-works/skill-swift-relux/.temp/orch-loop-probe/demo-project/.temp/logwork/TASK-260715-ci3o2j/-analyst--researcher--codex-.log
140	/Users/alexis/src/relux-works/skill-swift-relux/.temp/orch-loop-probe/demo-project/.temp/logwork/TASK-260715-1zix5s/-implementer--developer--codex-.log
196	/Users/alexis/src/relux-works/skill-swift-relux/.temp/orch-loop-probe/demo-project/.temp/logwork/TASK-260715-ej266r/-analyst--researcher--codex-.log
532	/Users/alexis/src/relux-works/skill-swift-relux/.temp/orch-loop-probe/demo-project/.temp/logwork/TASK-260715-17r8i9/-analyst--orchestrator--codex-.log
656	/Users/alexis/src/relux-works/skill-swift-relux/.temp/orch-loop-probe/demo-project/.temp/logwork/TASK-260715-20iwb4/-analyst--solution-architect--codex-.log
332	/Users/alexis/src/relux-works/skill-swift-relux/.temp/orch-loop-probe/demo-project/.temp/logwork/TASK-260715-20iwb4/-reviewer--reviewer--codex-.log
--- board ---
summary:{"active":[{"id":"EPIC-260715-hb60an","name":"wordstats-cli","status":"development"},{"id":"STORY-260715-18orjv","name":"behavior-contract","status":"analysis"},{"id":"TASK-260715-ci3o2j","name":"define-cli-output-error-contract","status":"analysis"},{"id":"TASK-260715-ej266r","name":"define-counting-normalization-contract","status":"analysis"},{"id":"STORY-260715-2rp9r2","name":"stats-engine","status":"development"},{"id":"TASK-260715-1zix5s","name":"initialize-go-module","status":"development"},{"id":"STORY-260715-l2vzgc","name":"orchestration","status":"analysis"},{"id":"TASK-260715-17r8i9","name":"orchestrate-wordstats-delivery","status":"analysis"}],"blocked":[{"blockedBy":["STORY-260715-18orjv","STORY-260715-nb3xui"],"id":"STORY-260715-1tdoj1","name":"user-documentation"},{"blockedBy":["TASK-260715-ci3o2j","TASK-260715-3pofvo"],"id":"TASK-260715-3fq1lx","name":"document-wordstats-usage-tools"},{"blockedBy":["STORY-260715-18orjv"],"id":"STORY-260715-2rp9r2","name":"stats-engine"},{"blockedBy":["TASK-260715-ej266r","TASK-260715-1zix5s"],"id":"TASK-260715-2bocgg","name":"implement-counting-logic"},{"blockedBy":["TASK-260715-ej266r","TASK-260715-1zix5s"],"id":"TASK-260715-erqnfs","name":"implement-top-words-logic"},{"blockedBy":["STORY-260715-18orjv","STORY-260715-2rp9r2","STORY-260715-nb3xui"],"id":"STORY-260715-3ni02s","name":"automated-verification"},{"blockedBy":["TASK-260715-ej266r","TASK-260715-erqnfs"],"id":"TASK-260715-25wdqr","name":"add-top-words-table-tests"},{"blockedBy":["TASK-260715-ej266r","TASK-260715-ci3o2j","TASK-260715-3pofvo"],"id":"TASK-260715-2lpg9c","name":"add-cli-contract-tests"},{"blockedBy":["TASK-260715-ej266r","TASK-260715-2bocgg"],"id":"TASK-260715-2r44i0","name":"add-counting-table-tests"},{"blockedBy":["STORY-260715-18orjv","STORY-260715-2rp9r2"],"id":"STORY-260715-nb3xui","name":"cli-application"},{"blockedBy":["TASK-260715-ci3o2j","TASK-260715-1zix5s"],"id":"TASK-260715-2rbap5","name":"implement-input-error-handling"},{"blockedBy":["TASK-260715-ci3o2j","TASK-260715-2bocgg","TASK-260715-erqnfs","TASK-260715-2rbap5"],"id":"TASK-260715-3pofvo","name":"implement-output-flag-orchestration"},{"blockedBy":["STORY-260715-3ni02s","STORY-260715-1tdoj1"],"id":"STORY-260715-oym9iz","name":"delivery-quality-gates"},{"blockedBy":["TASK-260715-2r44i0","TASK-260715-25wdqr","TASK-260715-2lpg9c","TASK-260715-3fq1lx"],"id":"TASK-260715-4y3dqa","name":"run-final-go-quality-gates"}],"byType":{"bug":{"total":0,"todo":0,"active":0,"done":0,"closed":0,"blocked":0},"epic":{"total":1,"todo":0,"active":1,"done":0,"closed":0,"blocked":0},"story":{"total":7,"todo":4,"active":3,"done":0,"closed":0,"blocked":0},"task":{"total":14,"todo":9,"active":4,"done":1,"closed":0,"blocked":0}}}
===== SAMPLE 11:37:32 (elapsed 201s) =====
--- runs ---
RUN-260715-219661 running ? ?
RUN-260715-91953c completed ? ?
RUN-260715-9b2f39 completed ? ?
RUN-260715-9eb74d running ? ?
RUN-260715-b3fa1a running ? ?
RUN-260715-eed856 running ? ?
--- log sizes (bytes) ---
132	/Users/alexis/src/relux-works/skill-swift-relux/.temp/orch-loop-probe/demo-project/.temp/logwork/TASK-260715-ci3o2j/-analyst--researcher--codex-.log
140	/Users/alexis/src/relux-works/skill-swift-relux/.temp/orch-loop-probe/demo-project/.temp/logwork/TASK-260715-1zix5s/-implementer--developer--codex-.log
196	/Users/alexis/src/relux-works/skill-swift-relux/.temp/orch-loop-probe/demo-project/.temp/logwork/TASK-260715-ej266r/-analyst--researcher--codex-.log
532	/Users/alexis/src/relux-works/skill-swift-relux/.temp/orch-loop-probe/demo-project/.temp/logwork/TASK-260715-17r8i9/-analyst--orchestrator--codex-.log
656	/Users/alexis/src/relux-works/skill-swift-relux/.temp/orch-loop-probe/demo-project/.temp/logwork/TASK-260715-20iwb4/-analyst--solution-architect--codex-.log
332	/Users/alexis/src/relux-works/skill-swift-relux/.temp/orch-loop-probe/demo-project/.temp/logwork/TASK-260715-20iwb4/-reviewer--reviewer--codex-.log
--- board ---
summary:{"active":[{"id":"EPIC-260715-hb60an","name":"wordstats-cli","status":"development"},{"id":"STORY-260715-18orjv","name":"behavior-contract","status":"analysis"},{"id":"TASK-260715-ci3o2j","name":"define-cli-output-error-contract","status":"analysis"},{"id":"TASK-260715-ej266r","name":"define-counting-normalization-contract","status":"analysis"},{"id":"STORY-260715-2rp9r2","name":"stats-engine","status":"development"},{"id":"TASK-260715-1zix5s","name":"initialize-go-module","status":"development"},{"id":"STORY-260715-l2vzgc","name":"orchestration","status":"analysis"},{"id":"TASK-260715-17r8i9","name":"orchestrate-wordstats-delivery","status":"analysis"}],"blocked":[{"blockedBy":["STORY-260715-18orjv","STORY-260715-nb3xui"],"id":"STORY-260715-1tdoj1","name":"user-documentation"},{"blockedBy":["TASK-260715-ci3o2j","TASK-260715-3pofvo"],"id":"TASK-260715-3fq1lx","name":"document-wordstats-usage-tools"},{"blockedBy":["STORY-260715-18orjv"],"id":"STORY-260715-2rp9r2","name":"stats-engine"},{"blockedBy":["TASK-260715-ej266r","TASK-260715-1zix5s"],"id":"TASK-260715-2bocgg","name":"implement-counting-logic"},{"blockedBy":["TASK-260715-ej266r","TASK-260715-1zix5s"],"id":"TASK-260715-erqnfs","name":"implement-top-words-logic"},{"blockedBy":["STORY-260715-18orjv","STORY-260715-2rp9r2","STORY-260715-nb3xui"],"id":"STORY-260715-3ni02s","name":"automated-verification"},{"blockedBy":["TASK-260715-ej266r","TASK-260715-erqnfs"],"id":"TASK-260715-25wdqr","name":"add-top-words-table-tests"},{"blockedBy":["TASK-260715-ej266r","TASK-260715-ci3o2j","TASK-260715-3pofvo"],"id":"TASK-260715-2lpg9c","name":"add-cli-contract-tests"},{"blockedBy":["TASK-260715-ej266r","TASK-260715-2bocgg"],"id":"TASK-260715-2r44i0","name":"add-counting-table-tests"},{"blockedBy":["STORY-260715-18orjv","STORY-260715-2rp9r2"],"id":"STORY-260715-nb3xui","name":"cli-application"},{"blockedBy":["TASK-260715-ci3o2j","TASK-260715-1zix5s"],"id":"TASK-260715-2rbap5","name":"implement-input-error-handling"},{"blockedBy":["TASK-260715-ci3o2j","TASK-260715-2bocgg","TASK-260715-erqnfs","TASK-260715-2rbap5"],"id":"TASK-260715-3pofvo","name":"implement-output-flag-orchestration"},{"blockedBy":["STORY-260715-3ni02s","STORY-260715-1tdoj1"],"id":"STORY-260715-oym9iz","name":"delivery-quality-gates"},{"blockedBy":["TASK-260715-2r44i0","TASK-260715-25wdqr","TASK-260715-2lpg9c","TASK-260715-3fq1lx"],"id":"TASK-260715-4y3dqa","name":"run-final-go-quality-gates"}],"byType":{"bug":{"total":0,"todo":0,"active":0,"done":0,"closed":0,"blocked":0},"epic":{"total":1,"todo":0,"active":1,"done":0,"closed":0,"blocked":0},"story":{"total":7,"todo":4,"active":3,"done":0,"closed":0,"blocked":0},"task":{"total":14,"todo":9,"active":4,"done":1,"closed":0,"blocked":0}}}
===== SAMPLE 11:37:53 (elapsed 222s) =====
--- runs ---
RUN-260715-219661 running ? ?
RUN-260715-91953c completed ? ?
RUN-260715-9b2f39 completed ? ?
RUN-260715-9eb74d running ? ?
RUN-260715-b3fa1a running ? ?
RUN-260715-eed856 running ? ?
--- log sizes (bytes) ---
132	/Users/alexis/src/relux-works/skill-swift-relux/.temp/orch-loop-probe/demo-project/.temp/logwork/TASK-260715-ci3o2j/-analyst--researcher--codex-.log
140	/Users/alexis/src/relux-works/skill-swift-relux/.temp/orch-loop-probe/demo-project/.temp/logwork/TASK-260715-1zix5s/-implementer--developer--codex-.log
196	/Users/alexis/src/relux-works/skill-swift-relux/.temp/orch-loop-probe/demo-project/.temp/logwork/TASK-260715-ej266r/-analyst--researcher--codex-.log
596	/Users/alexis/src/relux-works/skill-swift-relux/.temp/orch-loop-probe/demo-project/.temp/logwork/TASK-260715-17r8i9/-analyst--orchestrator--codex-.log
656	/Users/alexis/src/relux-works/skill-swift-relux/.temp/orch-loop-probe/demo-project/.temp/logwork/TASK-260715-20iwb4/-analyst--solution-architect--codex-.log
332	/Users/alexis/src/relux-works/skill-swift-relux/.temp/orch-loop-probe/demo-project/.temp/logwork/TASK-260715-20iwb4/-reviewer--reviewer--codex-.log
--- board ---
summary:{"active":[{"id":"EPIC-260715-hb60an","name":"wordstats-cli","status":"development"},{"id":"STORY-260715-18orjv","name":"behavior-contract","status":"analysis"},{"id":"TASK-260715-ci3o2j","name":"define-cli-output-error-contract","status":"analysis"},{"id":"TASK-260715-ej266r","name":"define-counting-normalization-contract","status":"analysis"},{"id":"STORY-260715-2rp9r2","name":"stats-engine","status":"development"},{"id":"TASK-260715-1zix5s","name":"initialize-go-module","status":"development"},{"id":"STORY-260715-l2vzgc","name":"orchestration","status":"analysis"},{"id":"TASK-260715-17r8i9","name":"orchestrate-wordstats-delivery","status":"analysis"}],"blocked":[{"blockedBy":["STORY-260715-18orjv","STORY-260715-nb3xui"],"id":"STORY-260715-1tdoj1","name":"user-documentation"},{"blockedBy":["TASK-260715-ci3o2j","TASK-260715-3pofvo"],"id":"TASK-260715-3fq1lx","name":"document-wordstats-usage-tools"},{"blockedBy":["STORY-260715-18orjv"],"id":"STORY-260715-2rp9r2","name":"stats-engine"},{"blockedBy":["TASK-260715-ej266r","TASK-260715-1zix5s"],"id":"TASK-260715-2bocgg","name":"implement-counting-logic"},{"blockedBy":["TASK-260715-ej266r","TASK-260715-1zix5s"],"id":"TASK-260715-erqnfs","name":"implement-top-words-logic"},{"blockedBy":["STORY-260715-18orjv","STORY-260715-2rp9r2","STORY-260715-nb3xui"],"id":"STORY-260715-3ni02s","name":"automated-verification"},{"blockedBy":["TASK-260715-ej266r","TASK-260715-erqnfs"],"id":"TASK-260715-25wdqr","name":"add-top-words-table-tests"},{"blockedBy":["TASK-260715-ej266r","TASK-260715-ci3o2j","TASK-260715-3pofvo"],"id":"TASK-260715-2lpg9c","name":"add-cli-contract-tests"},{"blockedBy":["TASK-260715-ej266r","TASK-260715-2bocgg"],"id":"TASK-260715-2r44i0","name":"add-counting-table-tests"},{"blockedBy":["STORY-260715-18orjv","STORY-260715-2rp9r2"],"id":"STORY-260715-nb3xui","name":"cli-application"},{"blockedBy":["TASK-260715-ci3o2j","TASK-260715-1zix5s"],"id":"TASK-260715-2rbap5","name":"implement-input-error-handling"},{"blockedBy":["TASK-260715-ci3o2j","TASK-260715-2bocgg","TASK-260715-erqnfs","TASK-260715-2rbap5"],"id":"TASK-260715-3pofvo","name":"implement-output-flag-orchestration"},{"blockedBy":["STORY-260715-3ni02s","STORY-260715-1tdoj1"],"id":"STORY-260715-oym9iz","name":"delivery-quality-gates"},{"blockedBy":["TASK-260715-2r44i0","TASK-260715-25wdqr","TASK-260715-2lpg9c","TASK-260715-3fq1lx"],"id":"TASK-260715-4y3dqa","name":"run-final-go-quality-gates"}],"byType":{"bug":{"total":0,"todo":0,"active":0,"done":0,"closed":0,"blocked":0},"epic":{"total":1,"todo":0,"active":1,"done":0,"closed":0,"blocked":0},"story":{"total":7,"todo":4,"active":3,"done":0,"closed":0,"blocked":0},"task":{"total":14,"todo":9,"active":4,"done":1,"closed":0,"blocked":0}}}
===== SAMPLE 11:38:13 (elapsed 242s) =====
--- runs ---
RUN-260715-219661 running ? ?
RUN-260715-91953c completed ? ?
RUN-260715-9b2f39 completed ? ?
RUN-260715-9eb74d running ? ?
RUN-260715-b3fa1a running ? ?
RUN-260715-eed856 running ? ?
--- log sizes (bytes) ---
196	/Users/alexis/src/relux-works/skill-swift-relux/.temp/orch-loop-probe/demo-project/.temp/logwork/TASK-260715-ci3o2j/-analyst--researcher--codex-.log
140	/Users/alexis/src/relux-works/skill-swift-relux/.temp/orch-loop-probe/demo-project/.temp/logwork/TASK-260715-1zix5s/-implementer--developer--codex-.log
196	/Users/alexis/src/relux-works/skill-swift-relux/.temp/orch-loop-probe/demo-project/.temp/logwork/TASK-260715-ej266r/-analyst--researcher--codex-.log
596	/Users/alexis/src/relux-works/skill-swift-relux/.temp/orch-loop-probe/demo-project/.temp/logwork/TASK-260715-17r8i9/-analyst--orchestrator--codex-.log
656	/Users/alexis/src/relux-works/skill-swift-relux/.temp/orch-loop-probe/demo-project/.temp/logwork/TASK-260715-20iwb4/-analyst--solution-architect--codex-.log
332	/Users/alexis/src/relux-works/skill-swift-relux/.temp/orch-loop-probe/demo-project/.temp/logwork/TASK-260715-20iwb4/-reviewer--reviewer--codex-.log
--- board ---
summary:{"active":[{"id":"EPIC-260715-hb60an","name":"wordstats-cli","status":"development"},{"id":"STORY-260715-18orjv","name":"behavior-contract","status":"analysis"},{"id":"TASK-260715-ci3o2j","name":"define-cli-output-error-contract","status":"analysis"},{"id":"TASK-260715-ej266r","name":"define-counting-normalization-contract","status":"analysis"},{"id":"STORY-260715-2rp9r2","name":"stats-engine","status":"development"},{"id":"TASK-260715-1zix5s","name":"initialize-go-module","status":"development"},{"id":"STORY-260715-l2vzgc","name":"orchestration","status":"analysis"},{"id":"TASK-260715-17r8i9","name":"orchestrate-wordstats-delivery","status":"analysis"}],"blocked":[{"blockedBy":["STORY-260715-18orjv","STORY-260715-nb3xui"],"id":"STORY-260715-1tdoj1","name":"user-documentation"},{"blockedBy":["TASK-260715-ci3o2j","TASK-260715-3pofvo"],"id":"TASK-260715-3fq1lx","name":"document-wordstats-usage-tools"},{"blockedBy":["STORY-260715-18orjv"],"id":"STORY-260715-2rp9r2","name":"stats-engine"},{"blockedBy":["TASK-260715-ej266r","TASK-260715-1zix5s"],"id":"TASK-260715-2bocgg","name":"implement-counting-logic"},{"blockedBy":["TASK-260715-ej266r","TASK-260715-1zix5s"],"id":"TASK-260715-erqnfs","name":"implement-top-words-logic"},{"blockedBy":["STORY-260715-18orjv","STORY-260715-2rp9r2","STORY-260715-nb3xui"],"id":"STORY-260715-3ni02s","name":"automated-verification"},{"blockedBy":["TASK-260715-ej266r","TASK-260715-erqnfs"],"id":"TASK-260715-25wdqr","name":"add-top-words-table-tests"},{"blockedBy":["TASK-260715-ej266r","TASK-260715-ci3o2j","TASK-260715-3pofvo"],"id":"TASK-260715-2lpg9c","name":"add-cli-contract-tests"},{"blockedBy":["TASK-260715-ej266r","TASK-260715-2bocgg"],"id":"TASK-260715-2r44i0","name":"add-counting-table-tests"},{"blockedBy":["STORY-260715-18orjv","STORY-260715-2rp9r2"],"id":"STORY-260715-nb3xui","name":"cli-application"},{"blockedBy":["TASK-260715-ci3o2j","TASK-260715-1zix5s"],"id":"TASK-260715-2rbap5","name":"implement-input-error-handling"},{"blockedBy":["TASK-260715-ci3o2j","TASK-260715-2bocgg","TASK-260715-erqnfs","TASK-260715-2rbap5"],"id":"TASK-260715-3pofvo","name":"implement-output-flag-orchestration"},{"blockedBy":["STORY-260715-3ni02s","STORY-260715-1tdoj1"],"id":"STORY-260715-oym9iz","name":"delivery-quality-gates"},{"blockedBy":["TASK-260715-2r44i0","TASK-260715-25wdqr","TASK-260715-2lpg9c","TASK-260715-3fq1lx"],"id":"TASK-260715-4y3dqa","name":"run-final-go-quality-gates"}],"byType":{"bug":{"total":0,"todo":0,"active":0,"done":0,"closed":0,"blocked":0},"epic":{"total":1,"todo":0,"active":1,"done":0,"closed":0,"blocked":0},"story":{"total":7,"todo":4,"active":3,"done":0,"closed":0,"blocked":0},"task":{"total":14,"todo":9,"active":4,"done":1,"closed":0,"blocked":0}}}
===== SAMPLE 11:38:33 (elapsed 262s) =====
--- runs ---
RUN-260715-219661 running ? ?
RUN-260715-91953c completed ? ?
RUN-260715-9b2f39 completed ? ?
RUN-260715-9eb74d running ? ?
RUN-260715-b3fa1a running ? ?
RUN-260715-eed856 running ? ?
--- log sizes (bytes) ---
196	/Users/alexis/src/relux-works/skill-swift-relux/.temp/orch-loop-probe/demo-project/.temp/logwork/TASK-260715-ci3o2j/-analyst--researcher--codex-.log
140	/Users/alexis/src/relux-works/skill-swift-relux/.temp/orch-loop-probe/demo-project/.temp/logwork/TASK-260715-1zix5s/-implementer--developer--codex-.log
196	/Users/alexis/src/relux-works/skill-swift-relux/.temp/orch-loop-probe/demo-project/.temp/logwork/TASK-260715-ej266r/-analyst--researcher--codex-.log
596	/Users/alexis/src/relux-works/skill-swift-relux/.temp/orch-loop-probe/demo-project/.temp/logwork/TASK-260715-17r8i9/-analyst--orchestrator--codex-.log
656	/Users/alexis/src/relux-works/skill-swift-relux/.temp/orch-loop-probe/demo-project/.temp/logwork/TASK-260715-20iwb4/-analyst--solution-architect--codex-.log
332	/Users/alexis/src/relux-works/skill-swift-relux/.temp/orch-loop-probe/demo-project/.temp/logwork/TASK-260715-20iwb4/-reviewer--reviewer--codex-.log
--- board ---
summary:{"active":[{"id":"EPIC-260715-hb60an","name":"wordstats-cli","status":"development"},{"id":"STORY-260715-18orjv","name":"behavior-contract","status":"analysis"},{"id":"TASK-260715-ci3o2j","name":"define-cli-output-error-contract","status":"analysis"},{"id":"TASK-260715-ej266r","name":"define-counting-normalization-contract","status":"analysis"},{"id":"STORY-260715-2rp9r2","name":"stats-engine","status":"development"},{"id":"TASK-260715-1zix5s","name":"initialize-go-module","status":"development"},{"id":"STORY-260715-l2vzgc","name":"orchestration","status":"analysis"},{"id":"TASK-260715-17r8i9","name":"orchestrate-wordstats-delivery","status":"analysis"}],"blocked":[{"blockedBy":["STORY-260715-18orjv","STORY-260715-nb3xui"],"id":"STORY-260715-1tdoj1","name":"user-documentation"},{"blockedBy":["TASK-260715-ci3o2j","TASK-260715-3pofvo"],"id":"TASK-260715-3fq1lx","name":"document-wordstats-usage-tools"},{"blockedBy":["STORY-260715-18orjv"],"id":"STORY-260715-2rp9r2","name":"stats-engine"},{"blockedBy":["TASK-260715-ej266r","TASK-260715-1zix5s"],"id":"TASK-260715-2bocgg","name":"implement-counting-logic"},{"blockedBy":["TASK-260715-ej266r","TASK-260715-1zix5s"],"id":"TASK-260715-erqnfs","name":"implement-top-words-logic"},{"blockedBy":["STORY-260715-18orjv","STORY-260715-2rp9r2","STORY-260715-nb3xui"],"id":"STORY-260715-3ni02s","name":"automated-verification"},{"blockedBy":["TASK-260715-ej266r","TASK-260715-erqnfs"],"id":"TASK-260715-25wdqr","name":"add-top-words-table-tests"},{"blockedBy":["TASK-260715-ej266r","TASK-260715-ci3o2j","TASK-260715-3pofvo"],"id":"TASK-260715-2lpg9c","name":"add-cli-contract-tests"},{"blockedBy":["TASK-260715-ej266r","TASK-260715-2bocgg"],"id":"TASK-260715-2r44i0","name":"add-counting-table-tests"},{"blockedBy":["STORY-260715-18orjv","STORY-260715-2rp9r2"],"id":"STORY-260715-nb3xui","name":"cli-application"},{"blockedBy":["TASK-260715-ci3o2j","TASK-260715-1zix5s"],"id":"TASK-260715-2rbap5","name":"implement-input-error-handling"},{"blockedBy":["TASK-260715-ci3o2j","TASK-260715-2bocgg","TASK-260715-erqnfs","TASK-260715-2rbap5"],"id":"TASK-260715-3pofvo","name":"implement-output-flag-orchestration"},{"blockedBy":["STORY-260715-3ni02s","STORY-260715-1tdoj1"],"id":"STORY-260715-oym9iz","name":"delivery-quality-gates"},{"blockedBy":["TASK-260715-2r44i0","TASK-260715-25wdqr","TASK-260715-2lpg9c","TASK-260715-3fq1lx"],"id":"TASK-260715-4y3dqa","name":"run-final-go-quality-gates"}],"byType":{"bug":{"total":0,"todo":0,"active":0,"done":0,"closed":0,"blocked":0},"epic":{"total":1,"todo":0,"active":1,"done":0,"closed":0,"blocked":0},"story":{"total":7,"todo":4,"active":3,"done":0,"closed":0,"blocked":0},"task":{"total":14,"todo":9,"active":4,"done":1,"closed":0,"blocked":0}}}
===== SAMPLE 11:38:53 (elapsed 282s) =====
--- runs ---
RUN-260715-219661 running ? ?
RUN-260715-91953c completed ? ?
RUN-260715-9b2f39 completed ? ?
RUN-260715-9eb74d running ? ?
RUN-260715-b3fa1a running ? ?
RUN-260715-eed856 running ? ?
--- log sizes (bytes) ---
196	/Users/alexis/src/relux-works/skill-swift-relux/.temp/orch-loop-probe/demo-project/.temp/logwork/TASK-260715-ci3o2j/-analyst--researcher--codex-.log
140	/Users/alexis/src/relux-works/skill-swift-relux/.temp/orch-loop-probe/demo-project/.temp/logwork/TASK-260715-1zix5s/-implementer--developer--codex-.log
196	/Users/alexis/src/relux-works/skill-swift-relux/.temp/orch-loop-probe/demo-project/.temp/logwork/TASK-260715-ej266r/-analyst--researcher--codex-.log
596	/Users/alexis/src/relux-works/skill-swift-relux/.temp/orch-loop-probe/demo-project/.temp/logwork/TASK-260715-17r8i9/-analyst--orchestrator--codex-.log
656	/Users/alexis/src/relux-works/skill-swift-relux/.temp/orch-loop-probe/demo-project/.temp/logwork/TASK-260715-20iwb4/-analyst--solution-architect--codex-.log
332	/Users/alexis/src/relux-works/skill-swift-relux/.temp/orch-loop-probe/demo-project/.temp/logwork/TASK-260715-20iwb4/-reviewer--reviewer--codex-.log
--- board ---
summary:{"active":[{"id":"EPIC-260715-hb60an","name":"wordstats-cli","status":"development"},{"id":"STORY-260715-18orjv","name":"behavior-contract","status":"analysis"},{"id":"TASK-260715-ci3o2j","name":"define-cli-output-error-contract","status":"analysis"},{"id":"TASK-260715-ej266r","name":"define-counting-normalization-contract","status":"analysis"},{"id":"STORY-260715-2rp9r2","name":"stats-engine","status":"development"},{"id":"TASK-260715-1zix5s","name":"initialize-go-module","status":"development"},{"id":"STORY-260715-l2vzgc","name":"orchestration","status":"analysis"},{"id":"TASK-260715-17r8i9","name":"orchestrate-wordstats-delivery","status":"analysis"}],"blocked":[{"blockedBy":["STORY-260715-18orjv","STORY-260715-nb3xui"],"id":"STORY-260715-1tdoj1","name":"user-documentation"},{"blockedBy":["TASK-260715-ci3o2j","TASK-260715-3pofvo"],"id":"TASK-260715-3fq1lx","name":"document-wordstats-usage-tools"},{"blockedBy":["STORY-260715-18orjv"],"id":"STORY-260715-2rp9r2","name":"stats-engine"},{"blockedBy":["TASK-260715-ej266r","TASK-260715-1zix5s"],"id":"TASK-260715-2bocgg","name":"implement-counting-logic"},{"blockedBy":["TASK-260715-ej266r","TASK-260715-1zix5s"],"id":"TASK-260715-erqnfs","name":"implement-top-words-logic"},{"blockedBy":["STORY-260715-18orjv","STORY-260715-2rp9r2","STORY-260715-nb3xui"],"id":"STORY-260715-3ni02s","name":"automated-verification"},{"blockedBy":["TASK-260715-ej266r","TASK-260715-erqnfs"],"id":"TASK-260715-25wdqr","name":"add-top-words-table-tests"},{"blockedBy":["TASK-260715-ej266r","TASK-260715-ci3o2j","TASK-260715-3pofvo"],"id":"TASK-260715-2lpg9c","name":"add-cli-contract-tests"},{"blockedBy":["TASK-260715-ej266r","TASK-260715-2bocgg"],"id":"TASK-260715-2r44i0","name":"add-counting-table-tests"},{"blockedBy":["STORY-260715-18orjv","STORY-260715-2rp9r2"],"id":"STORY-260715-nb3xui","name":"cli-application"},{"blockedBy":["TASK-260715-ci3o2j","TASK-260715-1zix5s"],"id":"TASK-260715-2rbap5","name":"implement-input-error-handling"},{"blockedBy":["TASK-260715-ci3o2j","TASK-260715-2bocgg","TASK-260715-erqnfs","TASK-260715-2rbap5"],"id":"TASK-260715-3pofvo","name":"implement-output-flag-orchestration"},{"blockedBy":["STORY-260715-3ni02s","STORY-260715-1tdoj1"],"id":"STORY-260715-oym9iz","name":"delivery-quality-gates"},{"blockedBy":["TASK-260715-2r44i0","TASK-260715-25wdqr","TASK-260715-2lpg9c","TASK-260715-3fq1lx"],"id":"TASK-260715-4y3dqa","name":"run-final-go-quality-gates"}],"byType":{"bug":{"total":0,"todo":0,"active":0,"done":0,"closed":0,"blocked":0},"epic":{"total":1,"todo":0,"active":1,"done":0,"closed":0,"blocked":0},"story":{"total":7,"todo":4,"active":3,"done":0,"closed":0,"blocked":0},"task":{"total":14,"todo":9,"active":4,"done":1,"closed":0,"blocked":0}}}
===== SAMPLE 11:39:14 (elapsed 303s) =====
--- runs ---
RUN-260715-219661 running ? ?
RUN-260715-91953c completed ? ?
RUN-260715-9b2f39 completed ? ?
RUN-260715-9eb74d running ? ?
RUN-260715-b3fa1a running ? ?
RUN-260715-eed856 running ? ?
--- log sizes (bytes) ---
196	/Users/alexis/src/relux-works/skill-swift-relux/.temp/orch-loop-probe/demo-project/.temp/logwork/TASK-260715-ci3o2j/-analyst--researcher--codex-.log
140	/Users/alexis/src/relux-works/skill-swift-relux/.temp/orch-loop-probe/demo-project/.temp/logwork/TASK-260715-1zix5s/-implementer--developer--codex-.log
196	/Users/alexis/src/relux-works/skill-swift-relux/.temp/orch-loop-probe/demo-project/.temp/logwork/TASK-260715-ej266r/-analyst--researcher--codex-.log
596	/Users/alexis/src/relux-works/skill-swift-relux/.temp/orch-loop-probe/demo-project/.temp/logwork/TASK-260715-17r8i9/-analyst--orchestrator--codex-.log
656	/Users/alexis/src/relux-works/skill-swift-relux/.temp/orch-loop-probe/demo-project/.temp/logwork/TASK-260715-20iwb4/-analyst--solution-architect--codex-.log
332	/Users/alexis/src/relux-works/skill-swift-relux/.temp/orch-loop-probe/demo-project/.temp/logwork/TASK-260715-20iwb4/-reviewer--reviewer--codex-.log
--- board ---
summary:{"active":[{"id":"EPIC-260715-hb60an","name":"wordstats-cli","status":"development"},{"id":"STORY-260715-18orjv","name":"behavior-contract","status":"analysis"},{"id":"TASK-260715-ci3o2j","name":"define-cli-output-error-contract","status":"analysis"},{"id":"TASK-260715-ej266r","name":"define-counting-normalization-contract","status":"analysis"},{"id":"STORY-260715-2rp9r2","name":"stats-engine","status":"development"},{"id":"TASK-260715-1zix5s","name":"initialize-go-module","status":"development"},{"id":"STORY-260715-l2vzgc","name":"orchestration","status":"analysis"},{"id":"TASK-260715-17r8i9","name":"orchestrate-wordstats-delivery","status":"analysis"}],"blocked":[{"blockedBy":["STORY-260715-18orjv","STORY-260715-nb3xui"],"id":"STORY-260715-1tdoj1","name":"user-documentation"},{"blockedBy":["TASK-260715-ci3o2j","TASK-260715-3pofvo"],"id":"TASK-260715-3fq1lx","name":"document-wordstats-usage-tools"},{"blockedBy":["STORY-260715-18orjv"],"id":"STORY-260715-2rp9r2","name":"stats-engine"},{"blockedBy":["TASK-260715-ej266r","TASK-260715-1zix5s"],"id":"TASK-260715-2bocgg","name":"implement-counting-logic"},{"blockedBy":["TASK-260715-ej266r","TASK-260715-1zix5s"],"id":"TASK-260715-erqnfs","name":"implement-top-words-logic"},{"blockedBy":["STORY-260715-18orjv","STORY-260715-2rp9r2","STORY-260715-nb3xui"],"id":"STORY-260715-3ni02s","name":"automated-verification"},{"blockedBy":["TASK-260715-ej266r","TASK-260715-erqnfs"],"id":"TASK-260715-25wdqr","name":"add-top-words-table-tests"},{"blockedBy":["TASK-260715-ej266r","TASK-260715-ci3o2j","TASK-260715-3pofvo"],"id":"TASK-260715-2lpg9c","name":"add-cli-contract-tests"},{"blockedBy":["TASK-260715-ej266r","TASK-260715-2bocgg"],"id":"TASK-260715-2r44i0","name":"add-counting-table-tests"},{"blockedBy":["STORY-260715-18orjv","STORY-260715-2rp9r2"],"id":"STORY-260715-nb3xui","name":"cli-application"},{"blockedBy":["TASK-260715-ci3o2j","TASK-260715-1zix5s"],"id":"TASK-260715-2rbap5","name":"implement-input-error-handling"},{"blockedBy":["TASK-260715-ci3o2j","TASK-260715-2bocgg","TASK-260715-erqnfs","TASK-260715-2rbap5"],"id":"TASK-260715-3pofvo","name":"implement-output-flag-orchestration"},{"blockedBy":["STORY-260715-3ni02s","STORY-260715-1tdoj1"],"id":"STORY-260715-oym9iz","name":"delivery-quality-gates"},{"blockedBy":["TASK-260715-2r44i0","TASK-260715-25wdqr","TASK-260715-2lpg9c","TASK-260715-3fq1lx"],"id":"TASK-260715-4y3dqa","name":"run-final-go-quality-gates"}],"byType":{"bug":{"total":0,"todo":0,"active":0,"done":0,"closed":0,"blocked":0},"epic":{"total":1,"todo":0,"active":1,"done":0,"closed":0,"blocked":0},"story":{"total":7,"todo":4,"active":3,"done":0,"closed":0,"blocked":0},"task":{"total":14,"todo":9,"active":4,"done":1,"closed":0,"blocked":0}}}
WAKE (interval elapsed, root=running)
===== SAMPLE 11:39:43 (elapsed 0s) =====
--- runs ---
RUN-260715-219661 running ? ?
RUN-260715-91953c completed ? ?
RUN-260715-9b2f39 completed ? ?
RUN-260715-9eb74d running ? ?
RUN-260715-b3fa1a running ? ?
RUN-260715-eed856 running ? ?
--- log sizes (bytes) ---
196	/Users/alexis/src/relux-works/skill-swift-relux/.temp/orch-loop-probe/demo-project/.temp/logwork/TASK-260715-ci3o2j/-analyst--researcher--codex-.log
204	/Users/alexis/src/relux-works/skill-swift-relux/.temp/orch-loop-probe/demo-project/.temp/logwork/TASK-260715-1zix5s/-implementer--developer--codex-.log
196	/Users/alexis/src/relux-works/skill-swift-relux/.temp/orch-loop-probe/demo-project/.temp/logwork/TASK-260715-ej266r/-analyst--researcher--codex-.log
596	/Users/alexis/src/relux-works/skill-swift-relux/.temp/orch-loop-probe/demo-project/.temp/logwork/TASK-260715-17r8i9/-analyst--orchestrator--codex-.log
656	/Users/alexis/src/relux-works/skill-swift-relux/.temp/orch-loop-probe/demo-project/.temp/logwork/TASK-260715-20iwb4/-analyst--solution-architect--codex-.log
332	/Users/alexis/src/relux-works/skill-swift-relux/.temp/orch-loop-probe/demo-project/.temp/logwork/TASK-260715-20iwb4/-reviewer--reviewer--codex-.log
--- board ---
summary:{"active":[{"id":"EPIC-260715-hb60an","name":"wordstats-cli","status":"development"},{"id":"STORY-260715-18orjv","name":"behavior-contract","status":"analysis"},{"id":"TASK-260715-ci3o2j","name":"define-cli-output-error-contract","status":"analysis"},{"id":"TASK-260715-ej266r","name":"define-counting-normalization-contract","status":"analysis"},{"id":"STORY-260715-2rp9r2","name":"stats-engine","status":"development"},{"id":"TASK-260715-1zix5s","name":"initialize-go-module","status":"development"},{"id":"STORY-260715-l2vzgc","name":"orchestration","status":"analysis"},{"id":"TASK-260715-17r8i9","name":"orchestrate-wordstats-delivery","status":"analysis"}],"blocked":[{"blockedBy":["STORY-260715-18orjv","STORY-260715-nb3xui"],"id":"STORY-260715-1tdoj1","name":"user-documentation"},{"blockedBy":["TASK-260715-ci3o2j","TASK-260715-3pofvo"],"id":"TASK-260715-3fq1lx","name":"document-wordstats-usage-tools"},{"blockedBy":["STORY-260715-18orjv"],"id":"STORY-260715-2rp9r2","name":"stats-engine"},{"blockedBy":["TASK-260715-ej266r","TASK-260715-1zix5s"],"id":"TASK-260715-2bocgg","name":"implement-counting-logic"},{"blockedBy":["TASK-260715-ej266r","TASK-260715-1zix5s"],"id":"TASK-260715-erqnfs","name":"implement-top-words-logic"},{"blockedBy":["STORY-260715-18orjv","STORY-260715-2rp9r2","STORY-260715-nb3xui"],"id":"STORY-260715-3ni02s","name":"automated-verification"},{"blockedBy":["TASK-260715-ej266r","TASK-260715-erqnfs"],"id":"TASK-260715-25wdqr","name":"add-top-words-table-tests"},{"blockedBy":["TASK-260715-ej266r","TASK-260715-ci3o2j","TASK-260715-3pofvo"],"id":"TASK-260715-2lpg9c","name":"add-cli-contract-tests"},{"blockedBy":["TASK-260715-ej266r","TASK-260715-2bocgg"],"id":"TASK-260715-2r44i0","name":"add-counting-table-tests"},{"blockedBy":["STORY-260715-18orjv","STORY-260715-2rp9r2"],"id":"STORY-260715-nb3xui","name":"cli-application"},{"blockedBy":["TASK-260715-ci3o2j","TASK-260715-1zix5s"],"id":"TASK-260715-2rbap5","name":"implement-input-error-handling"},{"blockedBy":["TASK-260715-ci3o2j","TASK-260715-2bocgg","TASK-260715-erqnfs","TASK-260715-2rbap5"],"id":"TASK-260715-3pofvo","name":"implement-output-flag-orchestration"},{"blockedBy":["STORY-260715-3ni02s","STORY-260715-1tdoj1"],"id":"STORY-260715-oym9iz","name":"delivery-quality-gates"},{"blockedBy":["TASK-260715-2r44i0","TASK-260715-25wdqr","TASK-260715-2lpg9c","TASK-260715-3fq1lx"],"id":"TASK-260715-4y3dqa","name":"run-final-go-quality-gates"}],"byType":{"bug":{"total":0,"todo":0,"active":0,"done":0,"closed":0,"blocked":0},"epic":{"total":1,"todo":0,"active":1,"done":0,"closed":0,"blocked":0},"story":{"total":7,"todo":4,"active":3,"done":0,"closed":0,"blocked":0},"task":{"total":14,"todo":9,"active":4,"done":1,"closed":0,"blocked":0}}}
===== SAMPLE 11:40:03 (elapsed 20s) =====
--- runs ---
RUN-260715-219661 running ? ?
RUN-260715-91953c completed ? ?
RUN-260715-9b2f39 completed ? ?
RUN-260715-9eb74d running ? ?
RUN-260715-b3fa1a running ? ?
RUN-260715-eed856 running ? ?
--- log sizes (bytes) ---
196	/Users/alexis/src/relux-works/skill-swift-relux/.temp/orch-loop-probe/demo-project/.temp/logwork/TASK-260715-ci3o2j/-analyst--researcher--codex-.log
204	/Users/alexis/src/relux-works/skill-swift-relux/.temp/orch-loop-probe/demo-project/.temp/logwork/TASK-260715-1zix5s/-implementer--developer--codex-.log
196	/Users/alexis/src/relux-works/skill-swift-relux/.temp/orch-loop-probe/demo-project/.temp/logwork/TASK-260715-ej266r/-analyst--researcher--codex-.log
596	/Users/alexis/src/relux-works/skill-swift-relux/.temp/orch-loop-probe/demo-project/.temp/logwork/TASK-260715-17r8i9/-analyst--orchestrator--codex-.log
656	/Users/alexis/src/relux-works/skill-swift-relux/.temp/orch-loop-probe/demo-project/.temp/logwork/TASK-260715-20iwb4/-analyst--solution-architect--codex-.log
332	/Users/alexis/src/relux-works/skill-swift-relux/.temp/orch-loop-probe/demo-project/.temp/logwork/TASK-260715-20iwb4/-reviewer--reviewer--codex-.log
--- board ---
summary:{"active":[{"id":"EPIC-260715-hb60an","name":"wordstats-cli","status":"development"},{"id":"STORY-260715-18orjv","name":"behavior-contract","status":"analysis"},{"id":"TASK-260715-ci3o2j","name":"define-cli-output-error-contract","status":"analysis"},{"id":"TASK-260715-ej266r","name":"define-counting-normalization-contract","status":"analysis"},{"id":"STORY-260715-2rp9r2","name":"stats-engine","status":"development"},{"id":"TASK-260715-1zix5s","name":"initialize-go-module","status":"development"},{"id":"STORY-260715-l2vzgc","name":"orchestration","status":"analysis"},{"id":"TASK-260715-17r8i9","name":"orchestrate-wordstats-delivery","status":"analysis"}],"blocked":[{"blockedBy":["STORY-260715-18orjv","STORY-260715-nb3xui"],"id":"STORY-260715-1tdoj1","name":"user-documentation"},{"blockedBy":["TASK-260715-ci3o2j","TASK-260715-3pofvo"],"id":"TASK-260715-3fq1lx","name":"document-wordstats-usage-tools"},{"blockedBy":["STORY-260715-18orjv"],"id":"STORY-260715-2rp9r2","name":"stats-engine"},{"blockedBy":["TASK-260715-ej266r","TASK-260715-1zix5s"],"id":"TASK-260715-2bocgg","name":"implement-counting-logic"},{"blockedBy":["TASK-260715-ej266r","TASK-260715-1zix5s"],"id":"TASK-260715-erqnfs","name":"implement-top-words-logic"},{"blockedBy":["STORY-260715-18orjv","STORY-260715-2rp9r2","STORY-260715-nb3xui"],"id":"STORY-260715-3ni02s","name":"automated-verification"},{"blockedBy":["TASK-260715-ej266r","TASK-260715-erqnfs"],"id":"TASK-260715-25wdqr","name":"add-top-words-table-tests"},{"blockedBy":["TASK-260715-ej266r","TASK-260715-ci3o2j","TASK-260715-3pofvo"],"id":"TASK-260715-2lpg9c","name":"add-cli-contract-tests"},{"blockedBy":["TASK-260715-ej266r","TASK-260715-2bocgg"],"id":"TASK-260715-2r44i0","name":"add-counting-table-tests"},{"blockedBy":["STORY-260715-18orjv","STORY-260715-2rp9r2"],"id":"STORY-260715-nb3xui","name":"cli-application"},{"blockedBy":["TASK-260715-ci3o2j","TASK-260715-1zix5s"],"id":"TASK-260715-2rbap5","name":"implement-input-error-handling"},{"blockedBy":["TASK-260715-ci3o2j","TASK-260715-2bocgg","TASK-260715-erqnfs","TASK-260715-2rbap5"],"id":"TASK-260715-3pofvo","name":"implement-output-flag-orchestration"},{"blockedBy":["STORY-260715-3ni02s","STORY-260715-1tdoj1"],"id":"STORY-260715-oym9iz","name":"delivery-quality-gates"},{"blockedBy":["TASK-260715-2r44i0","TASK-260715-25wdqr","TASK-260715-2lpg9c","TASK-260715-3fq1lx"],"id":"TASK-260715-4y3dqa","name":"run-final-go-quality-gates"}],"byType":{"bug":{"total":0,"todo":0,"active":0,"done":0,"closed":0,"blocked":0},"epic":{"total":1,"todo":0,"active":1,"done":0,"closed":0,"blocked":0},"story":{"total":7,"todo":4,"active":3,"done":0,"closed":0,"blocked":0},"task":{"total":14,"todo":9,"active":4,"done":1,"closed":0,"blocked":0}}}
===== SAMPLE 11:40:24 (elapsed 41s) =====
--- runs ---
RUN-260715-219661 running ? ?
RUN-260715-91953c completed ? ?
RUN-260715-9b2f39 completed ? ?
RUN-260715-9eb74d running ? ?
RUN-260715-b3fa1a running ? ?
RUN-260715-eed856 running ? ?
--- log sizes (bytes) ---
196	/Users/alexis/src/relux-works/skill-swift-relux/.temp/orch-loop-probe/demo-project/.temp/logwork/TASK-260715-ci3o2j/-analyst--researcher--codex-.log
204	/Users/alexis/src/relux-works/skill-swift-relux/.temp/orch-loop-probe/demo-project/.temp/logwork/TASK-260715-1zix5s/-implementer--developer--codex-.log
196	/Users/alexis/src/relux-works/skill-swift-relux/.temp/orch-loop-probe/demo-project/.temp/logwork/TASK-260715-ej266r/-analyst--researcher--codex-.log
596	/Users/alexis/src/relux-works/skill-swift-relux/.temp/orch-loop-probe/demo-project/.temp/logwork/TASK-260715-17r8i9/-analyst--orchestrator--codex-.log
656	/Users/alexis/src/relux-works/skill-swift-relux/.temp/orch-loop-probe/demo-project/.temp/logwork/TASK-260715-20iwb4/-analyst--solution-architect--codex-.log
332	/Users/alexis/src/relux-works/skill-swift-relux/.temp/orch-loop-probe/demo-project/.temp/logwork/TASK-260715-20iwb4/-reviewer--reviewer--codex-.log
--- board ---
summary:{"active":[{"id":"EPIC-260715-hb60an","name":"wordstats-cli","status":"to-review"},{"id":"STORY-260715-18orjv","name":"behavior-contract","status":"analysis"},{"id":"TASK-260715-ci3o2j","name":"define-cli-output-error-contract","status":"analysis"},{"id":"TASK-260715-ej266r","name":"define-counting-normalization-contract","status":"analysis"},{"id":"STORY-260715-2rp9r2","name":"stats-engine","status":"to-review"},{"id":"TASK-260715-1zix5s","name":"initialize-go-module","status":"to-review"},{"id":"STORY-260715-l2vzgc","name":"orchestration","status":"analysis"},{"id":"TASK-260715-17r8i9","name":"orchestrate-wordstats-delivery","status":"analysis"}],"blocked":[{"blockedBy":["STORY-260715-18orjv","STORY-260715-nb3xui"],"id":"STORY-260715-1tdoj1","name":"user-documentation"},{"blockedBy":["TASK-260715-ci3o2j","TASK-260715-3pofvo"],"id":"TASK-260715-3fq1lx","name":"document-wordstats-usage-tools"},{"blockedBy":["STORY-260715-18orjv"],"id":"STORY-260715-2rp9r2","name":"stats-engine"},{"blockedBy":["TASK-260715-ej266r","TASK-260715-1zix5s"],"id":"TASK-260715-2bocgg","name":"implement-counting-logic"},{"blockedBy":["TASK-260715-ej266r","TASK-260715-1zix5s"],"id":"TASK-260715-erqnfs","name":"implement-top-words-logic"},{"blockedBy":["STORY-260715-18orjv","STORY-260715-2rp9r2","STORY-260715-nb3xui"],"id":"STORY-260715-3ni02s","name":"automated-verification"},{"blockedBy":["TASK-260715-ej266r","TASK-260715-erqnfs"],"id":"TASK-260715-25wdqr","name":"add-top-words-table-tests"},{"blockedBy":["TASK-260715-ej266r","TASK-260715-ci3o2j","TASK-260715-3pofvo"],"id":"TASK-260715-2lpg9c","name":"add-cli-contract-tests"},{"blockedBy":["TASK-260715-ej266r","TASK-260715-2bocgg"],"id":"TASK-260715-2r44i0","name":"add-counting-table-tests"},{"blockedBy":["STORY-260715-18orjv","STORY-260715-2rp9r2"],"id":"STORY-260715-nb3xui","name":"cli-application"},{"blockedBy":["TASK-260715-ci3o2j","TASK-260715-1zix5s"],"id":"TASK-260715-2rbap5","name":"implement-input-error-handling"},{"blockedBy":["TASK-260715-ci3o2j","TASK-260715-2bocgg","TASK-260715-erqnfs","TASK-260715-2rbap5"],"id":"TASK-260715-3pofvo","name":"implement-output-flag-orchestration"},{"blockedBy":["STORY-260715-3ni02s","STORY-260715-1tdoj1"],"id":"STORY-260715-oym9iz","name":"delivery-quality-gates"},{"blockedBy":["TASK-260715-2r44i0","TASK-260715-25wdqr","TASK-260715-2lpg9c","TASK-260715-3fq1lx"],"id":"TASK-260715-4y3dqa","name":"run-final-go-quality-gates"}],"byType":{"bug":{"total":0,"todo":0,"active":0,"done":0,"closed":0,"blocked":0},"epic":{"total":1,"todo":0,"active":1,"done":0,"closed":0,"blocked":0},"story":{"total":7,"todo":4,"active":3,"done":0,"closed":0,"blocked":0},"task":{"total":14,"todo":9,"active":4,"done":1,"closed":0,"blocked":0}}}
===== SAMPLE 11:40:44 (elapsed 61s) =====
--- runs ---
RUN-260715-219661 running ? ?
RUN-260715-91953c completed ? ?
RUN-260715-9b2f39 completed ? ?
RUN-260715-9eb74d running ? ?
RUN-260715-b3fa1a completed ? ?
RUN-260715-b8aa0d running ? ?
RUN-260715-eed856 running ? ?
--- log sizes (bytes) ---
196	/Users/alexis/src/relux-works/skill-swift-relux/.temp/orch-loop-probe/demo-project/.temp/logwork/TASK-260715-ci3o2j/-analyst--researcher--codex-.log
204	/Users/alexis/src/relux-works/skill-swift-relux/.temp/orch-loop-probe/demo-project/.temp/logwork/TASK-260715-1zix5s/-implementer--developer--codex-.log
12	/Users/alexis/src/relux-works/skill-swift-relux/.temp/orch-loop-probe/demo-project/.temp/logwork/TASK-260715-1zix5s/-reviewer--reviewer--codex-.log
196	/Users/alexis/src/relux-works/skill-swift-relux/.temp/orch-loop-probe/demo-project/.temp/logwork/TASK-260715-ej266r/-analyst--researcher--codex-.log
596	/Users/alexis/src/relux-works/skill-swift-relux/.temp/orch-loop-probe/demo-project/.temp/logwork/TASK-260715-17r8i9/-analyst--orchestrator--codex-.log
656	/Users/alexis/src/relux-works/skill-swift-relux/.temp/orch-loop-probe/demo-project/.temp/logwork/TASK-260715-20iwb4/-analyst--solution-architect--codex-.log
332	/Users/alexis/src/relux-works/skill-swift-relux/.temp/orch-loop-probe/demo-project/.temp/logwork/TASK-260715-20iwb4/-reviewer--reviewer--codex-.log
--- board ---
summary:{"active":[{"id":"EPIC-260715-hb60an","name":"wordstats-cli","status":"to-review"},{"id":"STORY-260715-18orjv","name":"behavior-contract","status":"analysis"},{"id":"TASK-260715-ci3o2j","name":"define-cli-output-error-contract","status":"analysis"},{"id":"TASK-260715-ej266r","name":"define-counting-normalization-contract","status":"analysis"},{"id":"STORY-260715-2rp9r2","name":"stats-engine","status":"to-review"},{"id":"TASK-260715-1zix5s","name":"initialize-go-module","status":"to-review"},{"id":"STORY-260715-l2vzgc","name":"orchestration","status":"analysis"},{"id":"TASK-260715-17r8i9","name":"orchestrate-wordstats-delivery","status":"analysis"}],"blocked":[{"blockedBy":["STORY-260715-18orjv","STORY-260715-nb3xui"],"id":"STORY-260715-1tdoj1","name":"user-documentation"},{"blockedBy":["TASK-260715-ci3o2j","TASK-260715-3pofvo"],"id":"TASK-260715-3fq1lx","name":"document-wordstats-usage-tools"},{"blockedBy":["STORY-260715-18orjv"],"id":"STORY-260715-2rp9r2","name":"stats-engine"},{"blockedBy":["TASK-260715-ej266r","TASK-260715-1zix5s"],"id":"TASK-260715-2bocgg","name":"implement-counting-logic"},{"blockedBy":["TASK-260715-ej266r","TASK-260715-1zix5s"],"id":"TASK-260715-erqnfs","name":"implement-top-words-logic"},{"blockedBy":["STORY-260715-18orjv","STORY-260715-2rp9r2","STORY-260715-nb3xui"],"id":"STORY-260715-3ni02s","name":"automated-verification"},{"blockedBy":["TASK-260715-ej266r","TASK-260715-erqnfs"],"id":"TASK-260715-25wdqr","name":"add-top-words-table-tests"},{"blockedBy":["TASK-260715-ej266r","TASK-260715-ci3o2j","TASK-260715-3pofvo"],"id":"TASK-260715-2lpg9c","name":"add-cli-contract-tests"},{"blockedBy":["TASK-260715-ej266r","TASK-260715-2bocgg"],"id":"TASK-260715-2r44i0","name":"add-counting-table-tests"},{"blockedBy":["STORY-260715-18orjv","STORY-260715-2rp9r2"],"id":"STORY-260715-nb3xui","name":"cli-application"},{"blockedBy":["TASK-260715-ci3o2j","TASK-260715-1zix5s"],"id":"TASK-260715-2rbap5","name":"implement-input-error-handling"},{"blockedBy":["TASK-260715-ci3o2j","TASK-260715-2bocgg","TASK-260715-erqnfs","TASK-260715-2rbap5"],"id":"TASK-260715-3pofvo","name":"implement-output-flag-orchestration"},{"blockedBy":["STORY-260715-3ni02s","STORY-260715-1tdoj1"],"id":"STORY-260715-oym9iz","name":"delivery-quality-gates"},{"blockedBy":["TASK-260715-2r44i0","TASK-260715-25wdqr","TASK-260715-2lpg9c","TASK-260715-3fq1lx"],"id":"TASK-260715-4y3dqa","name":"run-final-go-quality-gates"}],"byType":{"bug":{"total":0,"todo":0,"active":0,"done":0,"closed":0,"blocked":0},"epic":{"total":1,"todo":0,"active":1,"done":0,"closed":0,"blocked":0},"story":{"total":7,"todo":4,"active":3,"done":0,"closed":0,"blocked":0},"task":{"total":14,"todo":9,"active":4,"done":1,"closed":0,"blocked":0}}}
===== SAMPLE 11:41:04 (elapsed 81s) =====
--- runs ---
RUN-260715-219661 running ? ?
RUN-260715-91953c completed ? ?
RUN-260715-9b2f39 completed ? ?
RUN-260715-9eb74d running ? ?
RUN-260715-b3fa1a completed ? ?
RUN-260715-b8aa0d running ? ?
RUN-260715-eed856 running ? ?
--- log sizes (bytes) ---
196	/Users/alexis/src/relux-works/skill-swift-relux/.temp/orch-loop-probe/demo-project/.temp/logwork/TASK-260715-ci3o2j/-analyst--researcher--codex-.log
204	/Users/alexis/src/relux-works/skill-swift-relux/.temp/orch-loop-probe/demo-project/.temp/logwork/TASK-260715-1zix5s/-implementer--developer--codex-.log
132	/Users/alexis/src/relux-works/skill-swift-relux/.temp/orch-loop-probe/demo-project/.temp/logwork/TASK-260715-1zix5s/-reviewer--reviewer--codex-.log
196	/Users/alexis/src/relux-works/skill-swift-relux/.temp/orch-loop-probe/demo-project/.temp/logwork/TASK-260715-ej266r/-analyst--researcher--codex-.log
596	/Users/alexis/src/relux-works/skill-swift-relux/.temp/orch-loop-probe/demo-project/.temp/logwork/TASK-260715-17r8i9/-analyst--orchestrator--codex-.log
656	/Users/alexis/src/relux-works/skill-swift-relux/.temp/orch-loop-probe/demo-project/.temp/logwork/TASK-260715-20iwb4/-analyst--solution-architect--codex-.log
332	/Users/alexis/src/relux-works/skill-swift-relux/.temp/orch-loop-probe/demo-project/.temp/logwork/TASK-260715-20iwb4/-reviewer--reviewer--codex-.log
--- board ---
summary:{"active":[{"id":"EPIC-260715-hb60an","name":"wordstats-cli","status":"reviewing"},{"id":"STORY-260715-18orjv","name":"behavior-contract","status":"analysis"},{"id":"TASK-260715-ci3o2j","name":"define-cli-output-error-contract","status":"analysis"},{"id":"TASK-260715-ej266r","name":"define-counting-normalization-contract","status":"analysis"},{"id":"STORY-260715-2rp9r2","name":"stats-engine","status":"reviewing"},{"id":"TASK-260715-1zix5s","name":"initialize-go-module","status":"reviewing"},{"id":"STORY-260715-l2vzgc","name":"orchestration","status":"analysis"},{"id":"TASK-260715-17r8i9","name":"orchestrate-wordstats-delivery","status":"analysis"}],"blocked":[{"blockedBy":["STORY-260715-18orjv","STORY-260715-nb3xui"],"id":"STORY-260715-1tdoj1","name":"user-documentation"},{"blockedBy":["TASK-260715-ci3o2j","TASK-260715-3pofvo"],"id":"TASK-260715-3fq1lx","name":"document-wordstats-usage-tools"},{"blockedBy":["STORY-260715-18orjv"],"id":"STORY-260715-2rp9r2","name":"stats-engine"},{"blockedBy":["TASK-260715-ej266r","TASK-260715-1zix5s"],"id":"TASK-260715-2bocgg","name":"implement-counting-logic"},{"blockedBy":["TASK-260715-ej266r","TASK-260715-1zix5s"],"id":"TASK-260715-erqnfs","name":"implement-top-words-logic"},{"blockedBy":["STORY-260715-18orjv","STORY-260715-2rp9r2","STORY-260715-nb3xui"],"id":"STORY-260715-3ni02s","name":"automated-verification"},{"blockedBy":["TASK-260715-ej266r","TASK-260715-erqnfs"],"id":"TASK-260715-25wdqr","name":"add-top-words-table-tests"},{"blockedBy":["TASK-260715-ej266r","TASK-260715-ci3o2j","TASK-260715-3pofvo"],"id":"TASK-260715-2lpg9c","name":"add-cli-contract-tests"},{"blockedBy":["TASK-260715-ej266r","TASK-260715-2bocgg"],"id":"TASK-260715-2r44i0","name":"add-counting-table-tests"},{"blockedBy":["STORY-260715-18orjv","STORY-260715-2rp9r2"],"id":"STORY-260715-nb3xui","name":"cli-application"},{"blockedBy":["TASK-260715-ci3o2j","TASK-260715-1zix5s"],"id":"TASK-260715-2rbap5","name":"implement-input-error-handling"},{"blockedBy":["TASK-260715-ci3o2j","TASK-260715-2bocgg","TASK-260715-erqnfs","TASK-260715-2rbap5"],"id":"TASK-260715-3pofvo","name":"implement-output-flag-orchestration"},{"blockedBy":["STORY-260715-3ni02s","STORY-260715-1tdoj1"],"id":"STORY-260715-oym9iz","name":"delivery-quality-gates"},{"blockedBy":["TASK-260715-2r44i0","TASK-260715-25wdqr","TASK-260715-2lpg9c","TASK-260715-3fq1lx"],"id":"TASK-260715-4y3dqa","name":"run-final-go-quality-gates"}],"byType":{"bug":{"total":0,"todo":0,"active":0,"done":0,"closed":0,"blocked":0},"epic":{"total":1,"todo":0,"active":1,"done":0,"closed":0,"blocked":0},"story":{"total":7,"todo":4,"active":3,"done":0,"closed":0,"blocked":0},"task":{"total":14,"todo":9,"active":4,"done":1,"closed":0,"blocked":0}}}
===== SAMPLE 11:41:24 (elapsed 101s) =====
--- runs ---
RUN-260715-219661 running ? ?
RUN-260715-91953c completed ? ?
RUN-260715-9b2f39 completed ? ?
RUN-260715-9eb74d running ? ?
RUN-260715-b3fa1a completed ? ?
RUN-260715-b8aa0d running ? ?
RUN-260715-eed856 running ? ?
--- log sizes (bytes) ---
196	/Users/alexis/src/relux-works/skill-swift-relux/.temp/orch-loop-probe/demo-project/.temp/logwork/TASK-260715-ci3o2j/-analyst--researcher--codex-.log
204	/Users/alexis/src/relux-works/skill-swift-relux/.temp/orch-loop-probe/demo-project/.temp/logwork/TASK-260715-1zix5s/-implementer--developer--codex-.log
132	/Users/alexis/src/relux-works/skill-swift-relux/.temp/orch-loop-probe/demo-project/.temp/logwork/TASK-260715-1zix5s/-reviewer--reviewer--codex-.log
196	/Users/alexis/src/relux-works/skill-swift-relux/.temp/orch-loop-probe/demo-project/.temp/logwork/TASK-260715-ej266r/-analyst--researcher--codex-.log
596	/Users/alexis/src/relux-works/skill-swift-relux/.temp/orch-loop-probe/demo-project/.temp/logwork/TASK-260715-17r8i9/-analyst--orchestrator--codex-.log
656	/Users/alexis/src/relux-works/skill-swift-relux/.temp/orch-loop-probe/demo-project/.temp/logwork/TASK-260715-20iwb4/-analyst--solution-architect--codex-.log
332	/Users/alexis/src/relux-works/skill-swift-relux/.temp/orch-loop-probe/demo-project/.temp/logwork/TASK-260715-20iwb4/-reviewer--reviewer--codex-.log
--- board ---
summary:{"active":[{"id":"EPIC-260715-hb60an","name":"wordstats-cli","status":"reviewing"},{"id":"STORY-260715-18orjv","name":"behavior-contract","status":"analysis"},{"id":"TASK-260715-ci3o2j","name":"define-cli-output-error-contract","status":"analysis"},{"id":"TASK-260715-ej266r","name":"define-counting-normalization-contract","status":"analysis"},{"id":"STORY-260715-2rp9r2","name":"stats-engine","status":"reviewing"},{"id":"TASK-260715-1zix5s","name":"initialize-go-module","status":"reviewing"},{"id":"STORY-260715-l2vzgc","name":"orchestration","status":"analysis"},{"id":"TASK-260715-17r8i9","name":"orchestrate-wordstats-delivery","status":"analysis"}],"blocked":[{"blockedBy":["STORY-260715-18orjv","STORY-260715-nb3xui"],"id":"STORY-260715-1tdoj1","name":"user-documentation"},{"blockedBy":["TASK-260715-ci3o2j","TASK-260715-3pofvo"],"id":"TASK-260715-3fq1lx","name":"document-wordstats-usage-tools"},{"blockedBy":["STORY-260715-18orjv"],"id":"STORY-260715-2rp9r2","name":"stats-engine"},{"blockedBy":["TASK-260715-ej266r","TASK-260715-1zix5s"],"id":"TASK-260715-2bocgg","name":"implement-counting-logic"},{"blockedBy":["TASK-260715-ej266r","TASK-260715-1zix5s"],"id":"TASK-260715-erqnfs","name":"implement-top-words-logic"},{"blockedBy":["STORY-260715-18orjv","STORY-260715-2rp9r2","STORY-260715-nb3xui"],"id":"STORY-260715-3ni02s","name":"automated-verification"},{"blockedBy":["TASK-260715-ej266r","TASK-260715-erqnfs"],"id":"TASK-260715-25wdqr","name":"add-top-words-table-tests"},{"blockedBy":["TASK-260715-ej266r","TASK-260715-ci3o2j","TASK-260715-3pofvo"],"id":"TASK-260715-2lpg9c","name":"add-cli-contract-tests"},{"blockedBy":["TASK-260715-ej266r","TASK-260715-2bocgg"],"id":"TASK-260715-2r44i0","name":"add-counting-table-tests"},{"blockedBy":["STORY-260715-18orjv","STORY-260715-2rp9r2"],"id":"STORY-260715-nb3xui","name":"cli-application"},{"blockedBy":["TASK-260715-ci3o2j","TASK-260715-1zix5s"],"id":"TASK-260715-2rbap5","name":"implement-input-error-handling"},{"blockedBy":["TASK-260715-ci3o2j","TASK-260715-2bocgg","TASK-260715-erqnfs","TASK-260715-2rbap5"],"id":"TASK-260715-3pofvo","name":"implement-output-flag-orchestration"},{"blockedBy":["STORY-260715-3ni02s","STORY-260715-1tdoj1"],"id":"STORY-260715-oym9iz","name":"delivery-quality-gates"},{"blockedBy":["TASK-260715-2r44i0","TASK-260715-25wdqr","TASK-260715-2lpg9c","TASK-260715-3fq1lx"],"id":"TASK-260715-4y3dqa","name":"run-final-go-quality-gates"}],"byType":{"bug":{"total":0,"todo":0,"active":0,"done":0,"closed":0,"blocked":0},"epic":{"total":1,"todo":0,"active":1,"done":0,"closed":0,"blocked":0},"story":{"total":7,"todo":4,"active":3,"done":0,"closed":0,"blocked":0},"task":{"total":14,"todo":9,"active":4,"done":1,"closed":0,"blocked":0}}}
===== SAMPLE 11:41:45 (elapsed 122s) =====
--- runs ---
RUN-260715-219661 running ? ?
RUN-260715-91953c completed ? ?
RUN-260715-9b2f39 completed ? ?
RUN-260715-9eb74d running ? ?
RUN-260715-b3fa1a completed ? ?
RUN-260715-b8aa0d running ? ?
RUN-260715-eed856 running ? ?
--- log sizes (bytes) ---
196	/Users/alexis/src/relux-works/skill-swift-relux/.temp/orch-loop-probe/demo-project/.temp/logwork/TASK-260715-ci3o2j/-analyst--researcher--codex-.log
204	/Users/alexis/src/relux-works/skill-swift-relux/.temp/orch-loop-probe/demo-project/.temp/logwork/TASK-260715-1zix5s/-implementer--developer--codex-.log
132	/Users/alexis/src/relux-works/skill-swift-relux/.temp/orch-loop-probe/demo-project/.temp/logwork/TASK-260715-1zix5s/-reviewer--reviewer--codex-.log
196	/Users/alexis/src/relux-works/skill-swift-relux/.temp/orch-loop-probe/demo-project/.temp/logwork/TASK-260715-ej266r/-analyst--researcher--codex-.log
596	/Users/alexis/src/relux-works/skill-swift-relux/.temp/orch-loop-probe/demo-project/.temp/logwork/TASK-260715-17r8i9/-analyst--orchestrator--codex-.log
656	/Users/alexis/src/relux-works/skill-swift-relux/.temp/orch-loop-probe/demo-project/.temp/logwork/TASK-260715-20iwb4/-analyst--solution-architect--codex-.log
332	/Users/alexis/src/relux-works/skill-swift-relux/.temp/orch-loop-probe/demo-project/.temp/logwork/TASK-260715-20iwb4/-reviewer--reviewer--codex-.log
--- board ---
summary:{"active":[{"id":"EPIC-260715-hb60an","name":"wordstats-cli","status":"reviewing"},{"id":"STORY-260715-18orjv","name":"behavior-contract","status":"analysis"},{"id":"TASK-260715-ci3o2j","name":"define-cli-output-error-contract","status":"analysis"},{"id":"TASK-260715-ej266r","name":"define-counting-normalization-contract","status":"analysis"},{"id":"STORY-260715-2rp9r2","name":"stats-engine","status":"reviewing"},{"id":"TASK-260715-1zix5s","name":"initialize-go-module","status":"reviewing"},{"id":"STORY-260715-l2vzgc","name":"orchestration","status":"analysis"},{"id":"TASK-260715-17r8i9","name":"orchestrate-wordstats-delivery","status":"analysis"}],"blocked":[{"blockedBy":["STORY-260715-18orjv","STORY-260715-nb3xui"],"id":"STORY-260715-1tdoj1","name":"user-documentation"},{"blockedBy":["TASK-260715-ci3o2j","TASK-260715-3pofvo"],"id":"TASK-260715-3fq1lx","name":"document-wordstats-usage-tools"},{"blockedBy":["STORY-260715-18orjv"],"id":"STORY-260715-2rp9r2","name":"stats-engine"},{"blockedBy":["TASK-260715-ej266r","TASK-260715-1zix5s"],"id":"TASK-260715-2bocgg","name":"implement-counting-logic"},{"blockedBy":["TASK-260715-ej266r","TASK-260715-1zix5s"],"id":"TASK-260715-erqnfs","name":"implement-top-words-logic"},{"blockedBy":["STORY-260715-18orjv","STORY-260715-2rp9r2","STORY-260715-nb3xui"],"id":"STORY-260715-3ni02s","name":"automated-verification"},{"blockedBy":["TASK-260715-ej266r","TASK-260715-erqnfs"],"id":"TASK-260715-25wdqr","name":"add-top-words-table-tests"},{"blockedBy":["TASK-260715-ej266r","TASK-260715-ci3o2j","TASK-260715-3pofvo"],"id":"TASK-260715-2lpg9c","name":"add-cli-contract-tests"},{"blockedBy":["TASK-260715-ej266r","TASK-260715-2bocgg"],"id":"TASK-260715-2r44i0","name":"add-counting-table-tests"},{"blockedBy":["STORY-260715-18orjv","STORY-260715-2rp9r2"],"id":"STORY-260715-nb3xui","name":"cli-application"},{"blockedBy":["TASK-260715-ci3o2j","TASK-260715-1zix5s"],"id":"TASK-260715-2rbap5","name":"implement-input-error-handling"},{"blockedBy":["TASK-260715-ci3o2j","TASK-260715-2bocgg","TASK-260715-erqnfs","TASK-260715-2rbap5"],"id":"TASK-260715-3pofvo","name":"implement-output-flag-orchestration"},{"blockedBy":["STORY-260715-3ni02s","STORY-260715-1tdoj1"],"id":"STORY-260715-oym9iz","name":"delivery-quality-gates"},{"blockedBy":["TASK-260715-2r44i0","TASK-260715-25wdqr","TASK-260715-2lpg9c","TASK-260715-3fq1lx"],"id":"TASK-260715-4y3dqa","name":"run-final-go-quality-gates"}],"byType":{"bug":{"total":0,"todo":0,"active":0,"done":0,"closed":0,"blocked":0},"epic":{"total":1,"todo":0,"active":1,"done":0,"closed":0,"blocked":0},"story":{"total":7,"todo":4,"active":3,"done":0,"closed":0,"blocked":0},"task":{"total":14,"todo":9,"active":4,"done":1,"closed":0,"blocked":0}}}
===== SAMPLE 11:42:05 (elapsed 142s) =====
--- runs ---
RUN-260715-219661 running ? ?
RUN-260715-91953c completed ? ?
RUN-260715-9b2f39 completed ? ?
RUN-260715-9eb74d running ? ?
RUN-260715-b3fa1a completed ? ?
RUN-260715-b8aa0d running ? ?
RUN-260715-eed856 running ? ?
--- log sizes (bytes) ---
196	/Users/alexis/src/relux-works/skill-swift-relux/.temp/orch-loop-probe/demo-project/.temp/logwork/TASK-260715-ci3o2j/-analyst--researcher--codex-.log
204	/Users/alexis/src/relux-works/skill-swift-relux/.temp/orch-loop-probe/demo-project/.temp/logwork/TASK-260715-1zix5s/-implementer--developer--codex-.log
132	/Users/alexis/src/relux-works/skill-swift-relux/.temp/orch-loop-probe/demo-project/.temp/logwork/TASK-260715-1zix5s/-reviewer--reviewer--codex-.log
196	/Users/alexis/src/relux-works/skill-swift-relux/.temp/orch-loop-probe/demo-project/.temp/logwork/TASK-260715-ej266r/-analyst--researcher--codex-.log
596	/Users/alexis/src/relux-works/skill-swift-relux/.temp/orch-loop-probe/demo-project/.temp/logwork/TASK-260715-17r8i9/-analyst--orchestrator--codex-.log
656	/Users/alexis/src/relux-works/skill-swift-relux/.temp/orch-loop-probe/demo-project/.temp/logwork/TASK-260715-20iwb4/-analyst--solution-architect--codex-.log
332	/Users/alexis/src/relux-works/skill-swift-relux/.temp/orch-loop-probe/demo-project/.temp/logwork/TASK-260715-20iwb4/-reviewer--reviewer--codex-.log
--- board ---
summary:{"active":[{"id":"EPIC-260715-hb60an","name":"wordstats-cli","status":"reviewing"},{"id":"STORY-260715-18orjv","name":"behavior-contract","status":"analysis"},{"id":"TASK-260715-ci3o2j","name":"define-cli-output-error-contract","status":"analysis"},{"id":"TASK-260715-ej266r","name":"define-counting-normalization-contract","status":"analysis"},{"id":"STORY-260715-2rp9r2","name":"stats-engine","status":"reviewing"},{"id":"TASK-260715-1zix5s","name":"initialize-go-module","status":"reviewing"},{"id":"STORY-260715-l2vzgc","name":"orchestration","status":"analysis"},{"id":"TASK-260715-17r8i9","name":"orchestrate-wordstats-delivery","status":"analysis"}],"blocked":[{"blockedBy":["STORY-260715-18orjv","STORY-260715-nb3xui"],"id":"STORY-260715-1tdoj1","name":"user-documentation"},{"blockedBy":["TASK-260715-ci3o2j","TASK-260715-3pofvo"],"id":"TASK-260715-3fq1lx","name":"document-wordstats-usage-tools"},{"blockedBy":["STORY-260715-18orjv"],"id":"STORY-260715-2rp9r2","name":"stats-engine"},{"blockedBy":["TASK-260715-ej266r","TASK-260715-1zix5s"],"id":"TASK-260715-2bocgg","name":"implement-counting-logic"},{"blockedBy":["TASK-260715-ej266r","TASK-260715-1zix5s"],"id":"TASK-260715-erqnfs","name":"implement-top-words-logic"},{"blockedBy":["STORY-260715-18orjv","STORY-260715-2rp9r2","STORY-260715-nb3xui"],"id":"STORY-260715-3ni02s","name":"automated-verification"},{"blockedBy":["TASK-260715-ej266r","TASK-260715-erqnfs"],"id":"TASK-260715-25wdqr","name":"add-top-words-table-tests"},{"blockedBy":["TASK-260715-ej266r","TASK-260715-ci3o2j","TASK-260715-3pofvo"],"id":"TASK-260715-2lpg9c","name":"add-cli-contract-tests"},{"blockedBy":["TASK-260715-ej266r","TASK-260715-2bocgg"],"id":"TASK-260715-2r44i0","name":"add-counting-table-tests"},{"blockedBy":["STORY-260715-18orjv","STORY-260715-2rp9r2"],"id":"STORY-260715-nb3xui","name":"cli-application"},{"blockedBy":["TASK-260715-ci3o2j","TASK-260715-1zix5s"],"id":"TASK-260715-2rbap5","name":"implement-input-error-handling"},{"blockedBy":["TASK-260715-ci3o2j","TASK-260715-2bocgg","TASK-260715-erqnfs","TASK-260715-2rbap5"],"id":"TASK-260715-3pofvo","name":"implement-output-flag-orchestration"},{"blockedBy":["STORY-260715-3ni02s","STORY-260715-1tdoj1"],"id":"STORY-260715-oym9iz","name":"delivery-quality-gates"},{"blockedBy":["TASK-260715-2r44i0","TASK-260715-25wdqr","TASK-260715-2lpg9c","TASK-260715-3fq1lx"],"id":"TASK-260715-4y3dqa","name":"run-final-go-quality-gates"}],"byType":{"bug":{"total":0,"todo":0,"active":0,"done":0,"closed":0,"blocked":0},"epic":{"total":1,"todo":0,"active":1,"done":0,"closed":0,"blocked":0},"story":{"total":7,"todo":4,"active":3,"done":0,"closed":0,"blocked":0},"task":{"total":14,"todo":9,"active":4,"done":1,"closed":0,"blocked":0}}}
===== SAMPLE 11:42:25 (elapsed 162s) =====
--- runs ---
RUN-260715-219661 running ? ?
RUN-260715-91953c completed ? ?
RUN-260715-9b2f39 completed ? ?
RUN-260715-9eb74d running ? ?
RUN-260715-b3fa1a completed ? ?
RUN-260715-b8aa0d running ? ?
RUN-260715-eed856 running ? ?
--- log sizes (bytes) ---
196	/Users/alexis/src/relux-works/skill-swift-relux/.temp/orch-loop-probe/demo-project/.temp/logwork/TASK-260715-ci3o2j/-analyst--researcher--codex-.log
204	/Users/alexis/src/relux-works/skill-swift-relux/.temp/orch-loop-probe/demo-project/.temp/logwork/TASK-260715-1zix5s/-implementer--developer--codex-.log
196	/Users/alexis/src/relux-works/skill-swift-relux/.temp/orch-loop-probe/demo-project/.temp/logwork/TASK-260715-1zix5s/-reviewer--reviewer--codex-.log
196	/Users/alexis/src/relux-works/skill-swift-relux/.temp/orch-loop-probe/demo-project/.temp/logwork/TASK-260715-ej266r/-analyst--researcher--codex-.log
596	/Users/alexis/src/relux-works/skill-swift-relux/.temp/orch-loop-probe/demo-project/.temp/logwork/TASK-260715-17r8i9/-analyst--orchestrator--codex-.log
656	/Users/alexis/src/relux-works/skill-swift-relux/.temp/orch-loop-probe/demo-project/.temp/logwork/TASK-260715-20iwb4/-analyst--solution-architect--codex-.log
332	/Users/alexis/src/relux-works/skill-swift-relux/.temp/orch-loop-probe/demo-project/.temp/logwork/TASK-260715-20iwb4/-reviewer--reviewer--codex-.log
--- board ---
summary:{"active":[{"id":"EPIC-260715-hb60an","name":"wordstats-cli","status":"reviewing"},{"id":"STORY-260715-18orjv","name":"behavior-contract","status":"analysis"},{"id":"TASK-260715-ci3o2j","name":"define-cli-output-error-contract","status":"analysis"},{"id":"TASK-260715-ej266r","name":"define-counting-normalization-contract","status":"analysis"},{"id":"STORY-260715-2rp9r2","name":"stats-engine","status":"reviewing"},{"id":"TASK-260715-1zix5s","name":"initialize-go-module","status":"reviewing"},{"id":"STORY-260715-l2vzgc","name":"orchestration","status":"analysis"},{"id":"TASK-260715-17r8i9","name":"orchestrate-wordstats-delivery","status":"analysis"}],"blocked":[{"blockedBy":["STORY-260715-18orjv","STORY-260715-nb3xui"],"id":"STORY-260715-1tdoj1","name":"user-documentation"},{"blockedBy":["TASK-260715-ci3o2j","TASK-260715-3pofvo"],"id":"TASK-260715-3fq1lx","name":"document-wordstats-usage-tools"},{"blockedBy":["STORY-260715-18orjv"],"id":"STORY-260715-2rp9r2","name":"stats-engine"},{"blockedBy":["TASK-260715-ej266r","TASK-260715-1zix5s"],"id":"TASK-260715-2bocgg","name":"implement-counting-logic"},{"blockedBy":["TASK-260715-ej266r","TASK-260715-1zix5s"],"id":"TASK-260715-erqnfs","name":"implement-top-words-logic"},{"blockedBy":["STORY-260715-18orjv","STORY-260715-2rp9r2","STORY-260715-nb3xui"],"id":"STORY-260715-3ni02s","name":"automated-verification"},{"blockedBy":["TASK-260715-ej266r","TASK-260715-erqnfs"],"id":"TASK-260715-25wdqr","name":"add-top-words-table-tests"},{"blockedBy":["TASK-260715-ej266r","TASK-260715-ci3o2j","TASK-260715-3pofvo"],"id":"TASK-260715-2lpg9c","name":"add-cli-contract-tests"},{"blockedBy":["TASK-260715-ej266r","TASK-260715-2bocgg"],"id":"TASK-260715-2r44i0","name":"add-counting-table-tests"},{"blockedBy":["STORY-260715-18orjv","STORY-260715-2rp9r2"],"id":"STORY-260715-nb3xui","name":"cli-application"},{"blockedBy":["TASK-260715-ci3o2j","TASK-260715-1zix5s"],"id":"TASK-260715-2rbap5","name":"implement-input-error-handling"},{"blockedBy":["TASK-260715-ci3o2j","TASK-260715-2bocgg","TASK-260715-erqnfs","TASK-260715-2rbap5"],"id":"TASK-260715-3pofvo","name":"implement-output-flag-orchestration"},{"blockedBy":["STORY-260715-3ni02s","STORY-260715-1tdoj1"],"id":"STORY-260715-oym9iz","name":"delivery-quality-gates"},{"blockedBy":["TASK-260715-2r44i0","TASK-260715-25wdqr","TASK-260715-2lpg9c","TASK-260715-3fq1lx"],"id":"TASK-260715-4y3dqa","name":"run-final-go-quality-gates"}],"byType":{"bug":{"total":0,"todo":0,"active":0,"done":0,"closed":0,"blocked":0},"epic":{"total":1,"todo":0,"active":1,"done":0,"closed":0,"blocked":0},"story":{"total":7,"todo":4,"active":3,"done":0,"closed":0,"blocked":0},"task":{"total":14,"todo":9,"active":4,"done":1,"closed":0,"blocked":0}}}
===== SAMPLE 11:42:45 (elapsed 182s) =====
--- runs ---
RUN-260715-219661 running ? ?
RUN-260715-91953c completed ? ?
RUN-260715-9b2f39 completed ? ?
RUN-260715-9eb74d running ? ?
RUN-260715-b3fa1a completed ? ?
RUN-260715-b8aa0d running ? ?
RUN-260715-eed856 running ? ?
--- log sizes (bytes) ---
196	/Users/alexis/src/relux-works/skill-swift-relux/.temp/orch-loop-probe/demo-project/.temp/logwork/TASK-260715-ci3o2j/-analyst--researcher--codex-.log
204	/Users/alexis/src/relux-works/skill-swift-relux/.temp/orch-loop-probe/demo-project/.temp/logwork/TASK-260715-1zix5s/-implementer--developer--codex-.log
196	/Users/alexis/src/relux-works/skill-swift-relux/.temp/orch-loop-probe/demo-project/.temp/logwork/TASK-260715-1zix5s/-reviewer--reviewer--codex-.log
196	/Users/alexis/src/relux-works/skill-swift-relux/.temp/orch-loop-probe/demo-project/.temp/logwork/TASK-260715-ej266r/-analyst--researcher--codex-.log
660	/Users/alexis/src/relux-works/skill-swift-relux/.temp/orch-loop-probe/demo-project/.temp/logwork/TASK-260715-17r8i9/-analyst--orchestrator--codex-.log
656	/Users/alexis/src/relux-works/skill-swift-relux/.temp/orch-loop-probe/demo-project/.temp/logwork/TASK-260715-20iwb4/-analyst--solution-architect--codex-.log
332	/Users/alexis/src/relux-works/skill-swift-relux/.temp/orch-loop-probe/demo-project/.temp/logwork/TASK-260715-20iwb4/-reviewer--reviewer--codex-.log
--- board ---
summary:{"active":[{"id":"EPIC-260715-hb60an","name":"wordstats-cli","status":"reviewing"},{"id":"STORY-260715-18orjv","name":"behavior-contract","status":"analysis"},{"id":"TASK-260715-ci3o2j","name":"define-cli-output-error-contract","status":"analysis"},{"id":"TASK-260715-ej266r","name":"define-counting-normalization-contract","status":"analysis"},{"id":"STORY-260715-2rp9r2","name":"stats-engine","status":"reviewing"},{"id":"TASK-260715-1zix5s","name":"initialize-go-module","status":"reviewing"},{"id":"STORY-260715-l2vzgc","name":"orchestration","status":"analysis"},{"id":"TASK-260715-17r8i9","name":"orchestrate-wordstats-delivery","status":"analysis"}],"blocked":[{"blockedBy":["STORY-260715-18orjv","STORY-260715-nb3xui"],"id":"STORY-260715-1tdoj1","name":"user-documentation"},{"blockedBy":["TASK-260715-ci3o2j","TASK-260715-3pofvo"],"id":"TASK-260715-3fq1lx","name":"document-wordstats-usage-tools"},{"blockedBy":["STORY-260715-18orjv"],"id":"STORY-260715-2rp9r2","name":"stats-engine"},{"blockedBy":["TASK-260715-ej266r","TASK-260715-1zix5s"],"id":"TASK-260715-2bocgg","name":"implement-counting-logic"},{"blockedBy":["TASK-260715-ej266r","TASK-260715-1zix5s"],"id":"TASK-260715-erqnfs","name":"implement-top-words-logic"},{"blockedBy":["STORY-260715-18orjv","STORY-260715-2rp9r2","STORY-260715-nb3xui"],"id":"STORY-260715-3ni02s","name":"automated-verification"},{"blockedBy":["TASK-260715-ej266r","TASK-260715-erqnfs"],"id":"TASK-260715-25wdqr","name":"add-top-words-table-tests"},{"blockedBy":["TASK-260715-ej266r","TASK-260715-ci3o2j","TASK-260715-3pofvo"],"id":"TASK-260715-2lpg9c","name":"add-cli-contract-tests"},{"blockedBy":["TASK-260715-ej266r","TASK-260715-2bocgg"],"id":"TASK-260715-2r44i0","name":"add-counting-table-tests"},{"blockedBy":["STORY-260715-18orjv","STORY-260715-2rp9r2"],"id":"STORY-260715-nb3xui","name":"cli-application"},{"blockedBy":["TASK-260715-ci3o2j","TASK-260715-1zix5s"],"id":"TASK-260715-2rbap5","name":"implement-input-error-handling"},{"blockedBy":["TASK-260715-ci3o2j","TASK-260715-2bocgg","TASK-260715-erqnfs","TASK-260715-2rbap5"],"id":"TASK-260715-3pofvo","name":"implement-output-flag-orchestration"},{"blockedBy":["STORY-260715-3ni02s","STORY-260715-1tdoj1"],"id":"STORY-260715-oym9iz","name":"delivery-quality-gates"},{"blockedBy":["TASK-260715-2r44i0","TASK-260715-25wdqr","TASK-260715-2lpg9c","TASK-260715-3fq1lx"],"id":"TASK-260715-4y3dqa","name":"run-final-go-quality-gates"}],"byType":{"bug":{"total":0,"todo":0,"active":0,"done":0,"closed":0,"blocked":0},"epic":{"total":1,"todo":0,"active":1,"done":0,"closed":0,"blocked":0},"story":{"total":7,"todo":4,"active":3,"done":0,"closed":0,"blocked":0},"task":{"total":14,"todo":9,"active":4,"done":1,"closed":0,"blocked":0}}}
===== SAMPLE 11:43:06 (elapsed 203s) =====
--- runs ---
RUN-260715-219661 running ? ?
RUN-260715-91953c completed ? ?
RUN-260715-9b2f39 completed ? ?
RUN-260715-9eb74d running ? ?
RUN-260715-b3fa1a completed ? ?
RUN-260715-b8aa0d running ? ?
RUN-260715-eed856 running ? ?
--- log sizes (bytes) ---
260	/Users/alexis/src/relux-works/skill-swift-relux/.temp/orch-loop-probe/demo-project/.temp/logwork/TASK-260715-ci3o2j/-analyst--researcher--codex-.log
204	/Users/alexis/src/relux-works/skill-swift-relux/.temp/orch-loop-probe/demo-project/.temp/logwork/TASK-260715-1zix5s/-implementer--developer--codex-.log
260	/Users/alexis/src/relux-works/skill-swift-relux/.temp/orch-loop-probe/demo-project/.temp/logwork/TASK-260715-1zix5s/-reviewer--reviewer--codex-.log
260	/Users/alexis/src/relux-works/skill-swift-relux/.temp/orch-loop-probe/demo-project/.temp/logwork/TASK-260715-ej266r/-analyst--researcher--codex-.log
660	/Users/alexis/src/relux-works/skill-swift-relux/.temp/orch-loop-probe/demo-project/.temp/logwork/TASK-260715-17r8i9/-analyst--orchestrator--codex-.log
656	/Users/alexis/src/relux-works/skill-swift-relux/.temp/orch-loop-probe/demo-project/.temp/logwork/TASK-260715-20iwb4/-analyst--solution-architect--codex-.log
332	/Users/alexis/src/relux-works/skill-swift-relux/.temp/orch-loop-probe/demo-project/.temp/logwork/TASK-260715-20iwb4/-reviewer--reviewer--codex-.log
--- board ---
summary:{"active":[{"id":"EPIC-260715-hb60an","name":"wordstats-cli","status":"reviewing"},{"id":"STORY-260715-18orjv","name":"behavior-contract","status":"analysis"},{"id":"TASK-260715-ci3o2j","name":"define-cli-output-error-contract","status":"analysis"},{"id":"TASK-260715-ej266r","name":"define-counting-normalization-contract","status":"analysis"},{"id":"STORY-260715-2rp9r2","name":"stats-engine","status":"reviewing"},{"id":"TASK-260715-1zix5s","name":"initialize-go-module","status":"reviewing"},{"id":"STORY-260715-l2vzgc","name":"orchestration","status":"analysis"},{"id":"TASK-260715-17r8i9","name":"orchestrate-wordstats-delivery","status":"analysis"}],"blocked":[{"blockedBy":["STORY-260715-18orjv","STORY-260715-nb3xui"],"id":"STORY-260715-1tdoj1","name":"user-documentation"},{"blockedBy":["TASK-260715-ci3o2j","TASK-260715-3pofvo"],"id":"TASK-260715-3fq1lx","name":"document-wordstats-usage-tools"},{"blockedBy":["STORY-260715-18orjv"],"id":"STORY-260715-2rp9r2","name":"stats-engine"},{"blockedBy":["TASK-260715-ej266r","TASK-260715-1zix5s"],"id":"TASK-260715-2bocgg","name":"implement-counting-logic"},{"blockedBy":["TASK-260715-ej266r","TASK-260715-1zix5s"],"id":"TASK-260715-erqnfs","name":"implement-top-words-logic"},{"blockedBy":["STORY-260715-18orjv","STORY-260715-2rp9r2","STORY-260715-nb3xui"],"id":"STORY-260715-3ni02s","name":"automated-verification"},{"blockedBy":["TASK-260715-ej266r","TASK-260715-erqnfs"],"id":"TASK-260715-25wdqr","name":"add-top-words-table-tests"},{"blockedBy":["TASK-260715-ej266r","TASK-260715-ci3o2j","TASK-260715-3pofvo"],"id":"TASK-260715-2lpg9c","name":"add-cli-contract-tests"},{"blockedBy":["TASK-260715-ej266r","TASK-260715-2bocgg"],"id":"TASK-260715-2r44i0","name":"add-counting-table-tests"},{"blockedBy":["STORY-260715-18orjv","STORY-260715-2rp9r2"],"id":"STORY-260715-nb3xui","name":"cli-application"},{"blockedBy":["TASK-260715-ci3o2j","TASK-260715-1zix5s"],"id":"TASK-260715-2rbap5","name":"implement-input-error-handling"},{"blockedBy":["TASK-260715-ci3o2j","TASK-260715-2bocgg","TASK-260715-erqnfs","TASK-260715-2rbap5"],"id":"TASK-260715-3pofvo","name":"implement-output-flag-orchestration"},{"blockedBy":["STORY-260715-3ni02s","STORY-260715-1tdoj1"],"id":"STORY-260715-oym9iz","name":"delivery-quality-gates"},{"blockedBy":["TASK-260715-2r44i0","TASK-260715-25wdqr","TASK-260715-2lpg9c","TASK-260715-3fq1lx"],"id":"TASK-260715-4y3dqa","name":"run-final-go-quality-gates"}],"byType":{"bug":{"total":0,"todo":0,"active":0,"done":0,"closed":0,"blocked":0},"epic":{"total":1,"todo":0,"active":1,"done":0,"closed":0,"blocked":0},"story":{"total":7,"todo":4,"active":3,"done":0,"closed":0,"blocked":0},"task":{"total":14,"todo":9,"active":4,"done":1,"closed":0,"blocked":0}}}
===== SAMPLE 11:43:26 (elapsed 223s) =====
--- runs ---
RUN-260715-219661 running ? ?
RUN-260715-91953c completed ? ?
RUN-260715-9b2f39 completed ? ?
RUN-260715-9eb74d running ? ?
RUN-260715-b3fa1a completed ? ?
RUN-260715-b8aa0d running ? ?
RUN-260715-eed856 running ? ?
--- log sizes (bytes) ---
324	/Users/alexis/src/relux-works/skill-swift-relux/.temp/orch-loop-probe/demo-project/.temp/logwork/TASK-260715-ci3o2j/-analyst--researcher--codex-.log
204	/Users/alexis/src/relux-works/skill-swift-relux/.temp/orch-loop-probe/demo-project/.temp/logwork/TASK-260715-1zix5s/-implementer--developer--codex-.log
260	/Users/alexis/src/relux-works/skill-swift-relux/.temp/orch-loop-probe/demo-project/.temp/logwork/TASK-260715-1zix5s/-reviewer--reviewer--codex-.log
324	/Users/alexis/src/relux-works/skill-swift-relux/.temp/orch-loop-probe/demo-project/.temp/logwork/TASK-260715-ej266r/-analyst--researcher--codex-.log
660	/Users/alexis/src/relux-works/skill-swift-relux/.temp/orch-loop-probe/demo-project/.temp/logwork/TASK-260715-17r8i9/-analyst--orchestrator--codex-.log
656	/Users/alexis/src/relux-works/skill-swift-relux/.temp/orch-loop-probe/demo-project/.temp/logwork/TASK-260715-20iwb4/-analyst--solution-architect--codex-.log
332	/Users/alexis/src/relux-works/skill-swift-relux/.temp/orch-loop-probe/demo-project/.temp/logwork/TASK-260715-20iwb4/-reviewer--reviewer--codex-.log
--- board ---
summary:{"active":[{"id":"EPIC-260715-hb60an","name":"wordstats-cli","status":"reviewing"},{"id":"STORY-260715-18orjv","name":"behavior-contract","status":"analysis"},{"id":"TASK-260715-ci3o2j","name":"define-cli-output-error-contract","status":"analysis"},{"id":"TASK-260715-ej266r","name":"define-counting-normalization-contract","status":"analysis"},{"id":"STORY-260715-2rp9r2","name":"stats-engine","status":"reviewing"},{"id":"TASK-260715-1zix5s","name":"initialize-go-module","status":"reviewing"},{"id":"STORY-260715-l2vzgc","name":"orchestration","status":"analysis"},{"id":"TASK-260715-17r8i9","name":"orchestrate-wordstats-delivery","status":"analysis"}],"blocked":[{"blockedBy":["STORY-260715-18orjv","STORY-260715-nb3xui"],"id":"STORY-260715-1tdoj1","name":"user-documentation"},{"blockedBy":["TASK-260715-ci3o2j","TASK-260715-3pofvo"],"id":"TASK-260715-3fq1lx","name":"document-wordstats-usage-tools"},{"blockedBy":["STORY-260715-18orjv"],"id":"STORY-260715-2rp9r2","name":"stats-engine"},{"blockedBy":["TASK-260715-ej266r","TASK-260715-1zix5s"],"id":"TASK-260715-2bocgg","name":"implement-counting-logic"},{"blockedBy":["TASK-260715-ej266r","TASK-260715-1zix5s"],"id":"TASK-260715-erqnfs","name":"implement-top-words-logic"},{"blockedBy":["STORY-260715-18orjv","STORY-260715-2rp9r2","STORY-260715-nb3xui"],"id":"STORY-260715-3ni02s","name":"automated-verification"},{"blockedBy":["TASK-260715-ej266r","TASK-260715-erqnfs"],"id":"TASK-260715-25wdqr","name":"add-top-words-table-tests"},{"blockedBy":["TASK-260715-ej266r","TASK-260715-ci3o2j","TASK-260715-3pofvo"],"id":"TASK-260715-2lpg9c","name":"add-cli-contract-tests"},{"blockedBy":["TASK-260715-ej266r","TASK-260715-2bocgg"],"id":"TASK-260715-2r44i0","name":"add-counting-table-tests"},{"blockedBy":["STORY-260715-18orjv","STORY-260715-2rp9r2"],"id":"STORY-260715-nb3xui","name":"cli-application"},{"blockedBy":["TASK-260715-ci3o2j","TASK-260715-1zix5s"],"id":"TASK-260715-2rbap5","name":"implement-input-error-handling"},{"blockedBy":["TASK-260715-ci3o2j","TASK-260715-2bocgg","TASK-260715-erqnfs","TASK-260715-2rbap5"],"id":"TASK-260715-3pofvo","name":"implement-output-flag-orchestration"},{"blockedBy":["STORY-260715-3ni02s","STORY-260715-1tdoj1"],"id":"STORY-260715-oym9iz","name":"delivery-quality-gates"},{"blockedBy":["TASK-260715-2r44i0","TASK-260715-25wdqr","TASK-260715-2lpg9c","TASK-260715-3fq1lx"],"id":"TASK-260715-4y3dqa","name":"run-final-go-quality-gates"}],"byType":{"bug":{"total":0,"todo":0,"active":0,"done":0,"closed":0,"blocked":0},"epic":{"total":1,"todo":0,"active":1,"done":0,"closed":0,"blocked":0},"story":{"total":7,"todo":4,"active":3,"done":0,"closed":0,"blocked":0},"task":{"total":14,"todo":9,"active":4,"done":1,"closed":0,"blocked":0}}}
===== SAMPLE 11:43:46 (elapsed 243s) =====
--- runs ---
RUN-260715-219661 running ? ?
RUN-260715-91953c completed ? ?
RUN-260715-9b2f39 completed ? ?
RUN-260715-9eb74d running ? ?
RUN-260715-b3fa1a completed ? ?
RUN-260715-b8aa0d running ? ?
RUN-260715-eed856 running ? ?
--- log sizes (bytes) ---
388	/Users/alexis/src/relux-works/skill-swift-relux/.temp/orch-loop-probe/demo-project/.temp/logwork/TASK-260715-ci3o2j/-analyst--researcher--codex-.log
204	/Users/alexis/src/relux-works/skill-swift-relux/.temp/orch-loop-probe/demo-project/.temp/logwork/TASK-260715-1zix5s/-implementer--developer--codex-.log
260	/Users/alexis/src/relux-works/skill-swift-relux/.temp/orch-loop-probe/demo-project/.temp/logwork/TASK-260715-1zix5s/-reviewer--reviewer--codex-.log
388	/Users/alexis/src/relux-works/skill-swift-relux/.temp/orch-loop-probe/demo-project/.temp/logwork/TASK-260715-ej266r/-analyst--researcher--codex-.log
660	/Users/alexis/src/relux-works/skill-swift-relux/.temp/orch-loop-probe/demo-project/.temp/logwork/TASK-260715-17r8i9/-analyst--orchestrator--codex-.log
644	/Users/alexis/src/relux-works/skill-swift-relux/.temp/orch-loop-probe/demo-project/.temp/logwork/TASK-260715-20iwb4/-analyst--solution-architect--codex-.log
332	/Users/alexis/src/relux-works/skill-swift-relux/.temp/orch-loop-probe/demo-project/.temp/logwork/TASK-260715-20iwb4/-reviewer--reviewer--codex-.log
--- board ---
summary:{"active":[{"id":"EPIC-260715-hb60an","name":"wordstats-cli","status":"reviewing"},{"id":"STORY-260715-18orjv","name":"behavior-contract","status":"analysis"},{"id":"TASK-260715-ci3o2j","name":"define-cli-output-error-contract","status":"analysis"},{"id":"TASK-260715-ej266r","name":"define-counting-normalization-contract","status":"analysis"},{"id":"STORY-260715-2rp9r2","name":"stats-engine","status":"reviewing"},{"id":"TASK-260715-1zix5s","name":"initialize-go-module","status":"reviewing"},{"id":"STORY-260715-l2vzgc","name":"orchestration","status":"analysis"},{"id":"TASK-260715-17r8i9","name":"orchestrate-wordstats-delivery","status":"analysis"}],"blocked":[{"blockedBy":["STORY-260715-18orjv","STORY-260715-nb3xui"],"id":"STORY-260715-1tdoj1","name":"user-documentation"},{"blockedBy":["TASK-260715-ci3o2j","TASK-260715-3pofvo"],"id":"TASK-260715-3fq1lx","name":"document-wordstats-usage-tools"},{"blockedBy":["STORY-260715-18orjv"],"id":"STORY-260715-2rp9r2","name":"stats-engine"},{"blockedBy":["TASK-260715-ej266r","TASK-260715-1zix5s"],"id":"TASK-260715-2bocgg","name":"implement-counting-logic"},{"blockedBy":["TASK-260715-ej266r","TASK-260715-1zix5s"],"id":"TASK-260715-erqnfs","name":"implement-top-words-logic"},{"blockedBy":["STORY-260715-18orjv","STORY-260715-2rp9r2","STORY-260715-nb3xui"],"id":"STORY-260715-3ni02s","name":"automated-verification"},{"blockedBy":["TASK-260715-ej266r","TASK-260715-erqnfs"],"id":"TASK-260715-25wdqr","name":"add-top-words-table-tests"},{"blockedBy":["TASK-260715-ej266r","TASK-260715-ci3o2j","TASK-260715-3pofvo"],"id":"TASK-260715-2lpg9c","name":"add-cli-contract-tests"},{"blockedBy":["TASK-260715-ej266r","TASK-260715-2bocgg"],"id":"TASK-260715-2r44i0","name":"add-counting-table-tests"},{"blockedBy":["STORY-260715-18orjv","STORY-260715-2rp9r2"],"id":"STORY-260715-nb3xui","name":"cli-application"},{"blockedBy":["TASK-260715-ci3o2j","TASK-260715-1zix5s"],"id":"TASK-260715-2rbap5","name":"implement-input-error-handling"},{"blockedBy":["TASK-260715-ci3o2j","TASK-260715-2bocgg","TASK-260715-erqnfs","TASK-260715-2rbap5"],"id":"TASK-260715-3pofvo","name":"implement-output-flag-orchestration"},{"blockedBy":["STORY-260715-3ni02s","STORY-260715-1tdoj1"],"id":"STORY-260715-oym9iz","name":"delivery-quality-gates"},{"blockedBy":["TASK-260715-2r44i0","TASK-260715-25wdqr","TASK-260715-2lpg9c","TASK-260715-3fq1lx"],"id":"TASK-260715-4y3dqa","name":"run-final-go-quality-gates"}],"byType":{"bug":{"total":0,"todo":0,"active":0,"done":0,"closed":0,"blocked":0},"epic":{"total":1,"todo":0,"active":1,"done":0,"closed":0,"blocked":0},"story":{"total":7,"todo":4,"active":3,"done":0,"closed":0,"blocked":0},"task":{"total":14,"todo":9,"active":4,"done":1,"closed":0,"blocked":0}}}
===== SAMPLE 11:44:07 (elapsed 264s) =====
--- runs ---
RUN-260715-219661 running ? ?
RUN-260715-91953c completed ? ?
RUN-260715-9b2f39 completed ? ?
RUN-260715-9eb74d running ? ?
RUN-260715-b3fa1a completed ? ?
RUN-260715-b8aa0d running ? ?
RUN-260715-eed856 running ? ?
--- log sizes (bytes) ---
516	/Users/alexis/src/relux-works/skill-swift-relux/.temp/orch-loop-probe/demo-project/.temp/logwork/TASK-260715-ci3o2j/-analyst--researcher--codex-.log
204	/Users/alexis/src/relux-works/skill-swift-relux/.temp/orch-loop-probe/demo-project/.temp/logwork/TASK-260715-1zix5s/-implementer--developer--codex-.log
260	/Users/alexis/src/relux-works/skill-swift-relux/.temp/orch-loop-probe/demo-project/.temp/logwork/TASK-260715-1zix5s/-reviewer--reviewer--codex-.log
388	/Users/alexis/src/relux-works/skill-swift-relux/.temp/orch-loop-probe/demo-project/.temp/logwork/TASK-260715-ej266r/-analyst--researcher--codex-.log
660	/Users/alexis/src/relux-works/skill-swift-relux/.temp/orch-loop-probe/demo-project/.temp/logwork/TASK-260715-17r8i9/-analyst--orchestrator--codex-.log
644	/Users/alexis/src/relux-works/skill-swift-relux/.temp/orch-loop-probe/demo-project/.temp/logwork/TASK-260715-20iwb4/-analyst--solution-architect--codex-.log
332	/Users/alexis/src/relux-works/skill-swift-relux/.temp/orch-loop-probe/demo-project/.temp/logwork/TASK-260715-20iwb4/-reviewer--reviewer--codex-.log
--- board ---
summary:{"active":[{"id":"EPIC-260715-hb60an","name":"wordstats-cli","status":"reviewing"},{"id":"STORY-260715-18orjv","name":"behavior-contract","status":"analysis"},{"id":"TASK-260715-ci3o2j","name":"define-cli-output-error-contract","status":"analysis"},{"id":"TASK-260715-ej266r","name":"define-counting-normalization-contract","status":"analysis"},{"id":"STORY-260715-2rp9r2","name":"stats-engine","status":"reviewing"},{"id":"TASK-260715-1zix5s","name":"initialize-go-module","status":"reviewing"},{"id":"STORY-260715-l2vzgc","name":"orchestration","status":"analysis"},{"id":"TASK-260715-17r8i9","name":"orchestrate-wordstats-delivery","status":"analysis"}],"blocked":[{"blockedBy":["STORY-260715-18orjv","STORY-260715-nb3xui"],"id":"STORY-260715-1tdoj1","name":"user-documentation"},{"blockedBy":["TASK-260715-ci3o2j","TASK-260715-3pofvo"],"id":"TASK-260715-3fq1lx","name":"document-wordstats-usage-tools"},{"blockedBy":["STORY-260715-18orjv"],"id":"STORY-260715-2rp9r2","name":"stats-engine"},{"blockedBy":["TASK-260715-ej266r","TASK-260715-1zix5s"],"id":"TASK-260715-2bocgg","name":"implement-counting-logic"},{"blockedBy":["TASK-260715-ej266r","TASK-260715-1zix5s"],"id":"TASK-260715-erqnfs","name":"implement-top-words-logic"},{"blockedBy":["STORY-260715-18orjv","STORY-260715-2rp9r2","STORY-260715-nb3xui"],"id":"STORY-260715-3ni02s","name":"automated-verification"},{"blockedBy":["TASK-260715-ej266r","TASK-260715-erqnfs"],"id":"TASK-260715-25wdqr","name":"add-top-words-table-tests"},{"blockedBy":["TASK-260715-ej266r","TASK-260715-ci3o2j","TASK-260715-3pofvo"],"id":"TASK-260715-2lpg9c","name":"add-cli-contract-tests"},{"blockedBy":["TASK-260715-ej266r","TASK-260715-2bocgg"],"id":"TASK-260715-2r44i0","name":"add-counting-table-tests"},{"blockedBy":["STORY-260715-18orjv","STORY-260715-2rp9r2"],"id":"STORY-260715-nb3xui","name":"cli-application"},{"blockedBy":["TASK-260715-ci3o2j","TASK-260715-1zix5s"],"id":"TASK-260715-2rbap5","name":"implement-input-error-handling"},{"blockedBy":["TASK-260715-ci3o2j","TASK-260715-2bocgg","TASK-260715-erqnfs","TASK-260715-2rbap5"],"id":"TASK-260715-3pofvo","name":"implement-output-flag-orchestration"},{"blockedBy":["STORY-260715-3ni02s","STORY-260715-1tdoj1"],"id":"STORY-260715-oym9iz","name":"delivery-quality-gates"},{"blockedBy":["TASK-260715-2r44i0","TASK-260715-25wdqr","TASK-260715-2lpg9c","TASK-260715-3fq1lx"],"id":"TASK-260715-4y3dqa","name":"run-final-go-quality-gates"}],"byType":{"bug":{"total":0,"todo":0,"active":0,"done":0,"closed":0,"blocked":0},"epic":{"total":1,"todo":0,"active":1,"done":0,"closed":0,"blocked":0},"story":{"total":7,"todo":4,"active":3,"done":0,"closed":0,"blocked":0},"task":{"total":14,"todo":9,"active":4,"done":1,"closed":0,"blocked":0}}}
===== SAMPLE 11:44:27 (elapsed 284s) =====
--- runs ---
RUN-260715-219661 running ? ?
RUN-260715-91953c completed ? ?
RUN-260715-9b2f39 completed ? ?
RUN-260715-9eb74d running ? ?
RUN-260715-b3fa1a completed ? ?
RUN-260715-b8aa0d running ? ?
RUN-260715-eed856 running ? ?
--- log sizes (bytes) ---
516	/Users/alexis/src/relux-works/skill-swift-relux/.temp/orch-loop-probe/demo-project/.temp/logwork/TASK-260715-ci3o2j/-analyst--researcher--codex-.log
204	/Users/alexis/src/relux-works/skill-swift-relux/.temp/orch-loop-probe/demo-project/.temp/logwork/TASK-260715-1zix5s/-implementer--developer--codex-.log
260	/Users/alexis/src/relux-works/skill-swift-relux/.temp/orch-loop-probe/demo-project/.temp/logwork/TASK-260715-1zix5s/-reviewer--reviewer--codex-.log
452	/Users/alexis/src/relux-works/skill-swift-relux/.temp/orch-loop-probe/demo-project/.temp/logwork/TASK-260715-ej266r/-analyst--researcher--codex-.log
660	/Users/alexis/src/relux-works/skill-swift-relux/.temp/orch-loop-probe/demo-project/.temp/logwork/TASK-260715-17r8i9/-analyst--orchestrator--codex-.log
644	/Users/alexis/src/relux-works/skill-swift-relux/.temp/orch-loop-probe/demo-project/.temp/logwork/TASK-260715-20iwb4/-analyst--solution-architect--codex-.log
332	/Users/alexis/src/relux-works/skill-swift-relux/.temp/orch-loop-probe/demo-project/.temp/logwork/TASK-260715-20iwb4/-reviewer--reviewer--codex-.log
--- board ---
summary:{"active":[{"id":"EPIC-260715-hb60an","name":"wordstats-cli","status":"to-review"},{"id":"STORY-260715-18orjv","name":"behavior-contract","status":"to-review"},{"id":"TASK-260715-ci3o2j","name":"define-cli-output-error-contract","status":"analysis"},{"id":"TASK-260715-ej266r","name":"define-counting-normalization-contract","status":"to-review"},{"id":"STORY-260715-2rp9r2","name":"stats-engine","status":"reviewing"},{"id":"TASK-260715-1zix5s","name":"initialize-go-module","status":"reviewing"},{"id":"STORY-260715-l2vzgc","name":"orchestration","status":"analysis"},{"id":"TASK-260715-17r8i9","name":"orchestrate-wordstats-delivery","status":"analysis"}],"blocked":[{"blockedBy":["STORY-260715-18orjv","STORY-260715-nb3xui"],"id":"STORY-260715-1tdoj1","name":"user-documentation"},{"blockedBy":["TASK-260715-ci3o2j","TASK-260715-3pofvo"],"id":"TASK-260715-3fq1lx","name":"document-wordstats-usage-tools"},{"blockedBy":["STORY-260715-18orjv"],"id":"STORY-260715-2rp9r2","name":"stats-engine"},{"blockedBy":["TASK-260715-ej266r","TASK-260715-1zix5s"],"id":"TASK-260715-2bocgg","name":"implement-counting-logic"},{"blockedBy":["TASK-260715-ej266r","TASK-260715-1zix5s"],"id":"TASK-260715-erqnfs","name":"implement-top-words-logic"},{"blockedBy":["STORY-260715-18orjv","STORY-260715-2rp9r2","STORY-260715-nb3xui"],"id":"STORY-260715-3ni02s","name":"automated-verification"},{"blockedBy":["TASK-260715-ej266r","TASK-260715-erqnfs"],"id":"TASK-260715-25wdqr","name":"add-top-words-table-tests"},{"blockedBy":["TASK-260715-ej266r","TASK-260715-ci3o2j","TASK-260715-3pofvo"],"id":"TASK-260715-2lpg9c","name":"add-cli-contract-tests"},{"blockedBy":["TASK-260715-ej266r","TASK-260715-2bocgg"],"id":"TASK-260715-2r44i0","name":"add-counting-table-tests"},{"blockedBy":["STORY-260715-18orjv","STORY-260715-2rp9r2"],"id":"STORY-260715-nb3xui","name":"cli-application"},{"blockedBy":["TASK-260715-ci3o2j","TASK-260715-1zix5s"],"id":"TASK-260715-2rbap5","name":"implement-input-error-handling"},{"blockedBy":["TASK-260715-ci3o2j","TASK-260715-2bocgg","TASK-260715-erqnfs","TASK-260715-2rbap5"],"id":"TASK-260715-3pofvo","name":"implement-output-flag-orchestration"},{"blockedBy":["STORY-260715-3ni02s","STORY-260715-1tdoj1"],"id":"STORY-260715-oym9iz","name":"delivery-quality-gates"},{"blockedBy":["TASK-260715-2r44i0","TASK-260715-25wdqr","TASK-260715-2lpg9c","TASK-260715-3fq1lx"],"id":"TASK-260715-4y3dqa","name":"run-final-go-quality-gates"}],"byType":{"bug":{"total":0,"todo":0,"active":0,"done":0,"closed":0,"blocked":0},"epic":{"total":1,"todo":0,"active":1,"done":0,"closed":0,"blocked":0},"story":{"total":7,"todo":4,"active":3,"done":0,"closed":0,"blocked":0},"task":{"total":14,"todo":9,"active":4,"done":1,"closed":0,"blocked":0}}}
===== SAMPLE 11:44:47 (elapsed 304s) =====
--- runs ---
RUN-260715-219661 completed ? ?
RUN-260715-91953c completed ? ?
RUN-260715-9b2f39 completed ? ?
RUN-260715-9eb74d running ? ?
RUN-260715-b3fa1a completed ? ?
RUN-260715-b8aa0d completed ? ?
RUN-260715-eed856 running ? ?
--- log sizes (bytes) ---
580	/Users/alexis/src/relux-works/skill-swift-relux/.temp/orch-loop-probe/demo-project/.temp/logwork/TASK-260715-ci3o2j/-analyst--researcher--codex-.log
204	/Users/alexis/src/relux-works/skill-swift-relux/.temp/orch-loop-probe/demo-project/.temp/logwork/TASK-260715-1zix5s/-implementer--developer--codex-.log
260	/Users/alexis/src/relux-works/skill-swift-relux/.temp/orch-loop-probe/demo-project/.temp/logwork/TASK-260715-1zix5s/-reviewer--reviewer--codex-.log
516	/Users/alexis/src/relux-works/skill-swift-relux/.temp/orch-loop-probe/demo-project/.temp/logwork/TASK-260715-ej266r/-analyst--researcher--codex-.log
660	/Users/alexis/src/relux-works/skill-swift-relux/.temp/orch-loop-probe/demo-project/.temp/logwork/TASK-260715-17r8i9/-analyst--orchestrator--codex-.log
644	/Users/alexis/src/relux-works/skill-swift-relux/.temp/orch-loop-probe/demo-project/.temp/logwork/TASK-260715-20iwb4/-analyst--solution-architect--codex-.log
332	/Users/alexis/src/relux-works/skill-swift-relux/.temp/orch-loop-probe/demo-project/.temp/logwork/TASK-260715-20iwb4/-reviewer--reviewer--codex-.log
--- board ---
summary:{"active":[{"id":"EPIC-260715-hb60an","name":"wordstats-cli","status":"to-review"},{"id":"STORY-260715-18orjv","name":"behavior-contract","status":"to-review"},{"id":"TASK-260715-ci3o2j","name":"define-cli-output-error-contract","status":"analysis"},{"id":"TASK-260715-ej266r","name":"define-counting-normalization-contract","status":"to-review"},{"id":"STORY-260715-2rp9r2","name":"stats-engine","status":"analysis"},{"id":"TASK-260715-1zix5s","name":"initialize-go-module","status":"analysis"},{"id":"STORY-260715-l2vzgc","name":"orchestration","status":"analysis"},{"id":"TASK-260715-17r8i9","name":"orchestrate-wordstats-delivery","status":"analysis"}],"blocked":[{"blockedBy":["STORY-260715-18orjv","STORY-260715-nb3xui"],"id":"STORY-260715-1tdoj1","name":"user-documentation"},{"blockedBy":["TASK-260715-ci3o2j","TASK-260715-3pofvo"],"id":"TASK-260715-3fq1lx","name":"document-wordstats-usage-tools"},{"blockedBy":["STORY-260715-18orjv"],"id":"STORY-260715-2rp9r2","name":"stats-engine"},{"blockedBy":["TASK-260715-ej266r","TASK-260715-1zix5s"],"id":"TASK-260715-2bocgg","name":"implement-counting-logic"},{"blockedBy":["TASK-260715-ej266r","TASK-260715-1zix5s"],"id":"TASK-260715-erqnfs","name":"implement-top-words-logic"},{"blockedBy":["STORY-260715-18orjv","STORY-260715-2rp9r2","STORY-260715-nb3xui"],"id":"STORY-260715-3ni02s","name":"automated-verification"},{"blockedBy":["TASK-260715-ej266r","TASK-260715-erqnfs"],"id":"TASK-260715-25wdqr","name":"add-top-words-table-tests"},{"blockedBy":["TASK-260715-ej266r","TASK-260715-ci3o2j","TASK-260715-3pofvo"],"id":"TASK-260715-2lpg9c","name":"add-cli-contract-tests"},{"blockedBy":["TASK-260715-ej266r","TASK-260715-2bocgg"],"id":"TASK-260715-2r44i0","name":"add-counting-table-tests"},{"blockedBy":["STORY-260715-18orjv","STORY-260715-2rp9r2"],"id":"STORY-260715-nb3xui","name":"cli-application"},{"blockedBy":["TASK-260715-ci3o2j","TASK-260715-1zix5s"],"id":"TASK-260715-2rbap5","name":"implement-input-error-handling"},{"blockedBy":["TASK-260715-ci3o2j","TASK-260715-2bocgg","TASK-260715-erqnfs","TASK-260715-2rbap5"],"id":"TASK-260715-3pofvo","name":"implement-output-flag-orchestration"},{"blockedBy":["STORY-260715-3ni02s","STORY-260715-1tdoj1"],"id":"STORY-260715-oym9iz","name":"delivery-quality-gates"},{"blockedBy":["TASK-260715-2r44i0","TASK-260715-25wdqr","TASK-260715-2lpg9c","TASK-260715-3fq1lx"],"id":"TASK-260715-4y3dqa","name":"run-final-go-quality-gates"}],"byType":{"bug":{"total":0,"todo":0,"active":0,"done":0,"closed":0,"blocked":0},"epic":{"total":1,"todo":0,"active":1,"done":0,"closed":0,"blocked":0},"story":{"total":7,"todo":4,"active":3,"done":0,"closed":0,"blocked":0},"task":{"total":14,"todo":9,"active":4,"done":1,"closed":0,"blocked":0}}}
===== SAMPLE 11:45:08 (elapsed 325s) =====
--- runs ---
RUN-260715-219661 completed ? ?
RUN-260715-91953c completed ? ?
RUN-260715-9b2f39 completed ? ?
RUN-260715-9eb74d running ? ?
RUN-260715-b3fa1a completed ? ?
RUN-260715-b8aa0d completed ? ?
RUN-260715-eed856 running ? ?
--- log sizes (bytes) ---
644	/Users/alexis/src/relux-works/skill-swift-relux/.temp/orch-loop-probe/demo-project/.temp/logwork/TASK-260715-ci3o2j/-analyst--researcher--codex-.log
204	/Users/alexis/src/relux-works/skill-swift-relux/.temp/orch-loop-probe/demo-project/.temp/logwork/TASK-260715-1zix5s/-implementer--developer--codex-.log
260	/Users/alexis/src/relux-works/skill-swift-relux/.temp/orch-loop-probe/demo-project/.temp/logwork/TASK-260715-1zix5s/-reviewer--reviewer--codex-.log
516	/Users/alexis/src/relux-works/skill-swift-relux/.temp/orch-loop-probe/demo-project/.temp/logwork/TASK-260715-ej266r/-analyst--researcher--codex-.log
660	/Users/alexis/src/relux-works/skill-swift-relux/.temp/orch-loop-probe/demo-project/.temp/logwork/TASK-260715-17r8i9/-analyst--orchestrator--codex-.log
644	/Users/alexis/src/relux-works/skill-swift-relux/.temp/orch-loop-probe/demo-project/.temp/logwork/TASK-260715-20iwb4/-analyst--solution-architect--codex-.log
332	/Users/alexis/src/relux-works/skill-swift-relux/.temp/orch-loop-probe/demo-project/.temp/logwork/TASK-260715-20iwb4/-reviewer--reviewer--codex-.log
--- board ---
summary:{"active":[{"id":"EPIC-260715-hb60an","name":"wordstats-cli","status":"to-review"},{"id":"STORY-260715-18orjv","name":"behavior-contract","status":"to-review"},{"id":"TASK-260715-ci3o2j","name":"define-cli-output-error-contract","status":"analysis"},{"id":"TASK-260715-ej266r","name":"define-counting-normalization-contract","status":"to-review"},{"id":"STORY-260715-2rp9r2","name":"stats-engine","status":"analysis"},{"id":"TASK-260715-1zix5s","name":"initialize-go-module","status":"analysis"},{"id":"STORY-260715-l2vzgc","name":"orchestration","status":"analysis"},{"id":"TASK-260715-17r8i9","name":"orchestrate-wordstats-delivery","status":"analysis"}],"blocked":[{"blockedBy":["STORY-260715-18orjv","STORY-260715-nb3xui"],"id":"STORY-260715-1tdoj1","name":"user-documentation"},{"blockedBy":["TASK-260715-ci3o2j","TASK-260715-3pofvo"],"id":"TASK-260715-3fq1lx","name":"document-wordstats-usage-tools"},{"blockedBy":["STORY-260715-18orjv"],"id":"STORY-260715-2rp9r2","name":"stats-engine"},{"blockedBy":["TASK-260715-ej266r","TASK-260715-1zix5s"],"id":"TASK-260715-2bocgg","name":"implement-counting-logic"},{"blockedBy":["TASK-260715-ej266r","TASK-260715-1zix5s"],"id":"TASK-260715-erqnfs","name":"implement-top-words-logic"},{"blockedBy":["STORY-260715-18orjv","STORY-260715-2rp9r2","STORY-260715-nb3xui"],"id":"STORY-260715-3ni02s","name":"automated-verification"},{"blockedBy":["TASK-260715-ej266r","TASK-260715-erqnfs"],"id":"TASK-260715-25wdqr","name":"add-top-words-table-tests"},{"blockedBy":["TASK-260715-ej266r","TASK-260715-ci3o2j","TASK-260715-3pofvo"],"id":"TASK-260715-2lpg9c","name":"add-cli-contract-tests"},{"blockedBy":["TASK-260715-ej266r","TASK-260715-2bocgg"],"id":"TASK-260715-2r44i0","name":"add-counting-table-tests"},{"blockedBy":["STORY-260715-18orjv","STORY-260715-2rp9r2"],"id":"STORY-260715-nb3xui","name":"cli-application"},{"blockedBy":["TASK-260715-ci3o2j","TASK-260715-1zix5s"],"id":"TASK-260715-2rbap5","name":"implement-input-error-handling"},{"blockedBy":["TASK-260715-ci3o2j","TASK-260715-2bocgg","TASK-260715-erqnfs","TASK-260715-2rbap5"],"id":"TASK-260715-3pofvo","name":"implement-output-flag-orchestration"},{"blockedBy":["STORY-260715-3ni02s","STORY-260715-1tdoj1"],"id":"STORY-260715-oym9iz","name":"delivery-quality-gates"},{"blockedBy":["TASK-260715-2r44i0","TASK-260715-25wdqr","TASK-260715-2lpg9c","TASK-260715-3fq1lx"],"id":"TASK-260715-4y3dqa","name":"run-final-go-quality-gates"}],"byType":{"bug":{"total":0,"todo":0,"active":0,"done":0,"closed":0,"blocked":0},"epic":{"total":1,"todo":0,"active":1,"done":0,"closed":0,"blocked":0},"story":{"total":7,"todo":4,"active":3,"done":0,"closed":0,"blocked":0},"task":{"total":14,"todo":9,"active":4,"done":1,"closed":0,"blocked":0}}}
===== SAMPLE 11:45:28 (elapsed 345s) =====
--- runs ---
RUN-260715-1d29b1 running ? ?
RUN-260715-219661 completed ? ?
RUN-260715-91953c completed ? ?
RUN-260715-9b2f39 completed ? ?
RUN-260715-9eb74d running ? ?
RUN-260715-b3fa1a completed ? ?
RUN-260715-b8aa0d completed ? ?
RUN-260715-eed856 running ? ?
--- log sizes (bytes) ---
644	/Users/alexis/src/relux-works/skill-swift-relux/.temp/orch-loop-probe/demo-project/.temp/logwork/TASK-260715-ci3o2j/-analyst--researcher--codex-.log
16	/Users/alexis/src/relux-works/skill-swift-relux/.temp/orch-loop-probe/demo-project/.temp/logwork/TASK-260715-1zix5s/-implementer--developer--codex-.log
260	/Users/alexis/src/relux-works/skill-swift-relux/.temp/orch-loop-probe/demo-project/.temp/logwork/TASK-260715-1zix5s/-reviewer--reviewer--codex-.log
516	/Users/alexis/src/relux-works/skill-swift-relux/.temp/orch-loop-probe/demo-project/.temp/logwork/TASK-260715-ej266r/-analyst--researcher--codex-.log
660	/Users/alexis/src/relux-works/skill-swift-relux/.temp/orch-loop-probe/demo-project/.temp/logwork/TASK-260715-17r8i9/-analyst--orchestrator--codex-.log
644	/Users/alexis/src/relux-works/skill-swift-relux/.temp/orch-loop-probe/demo-project/.temp/logwork/TASK-260715-20iwb4/-analyst--solution-architect--codex-.log
332	/Users/alexis/src/relux-works/skill-swift-relux/.temp/orch-loop-probe/demo-project/.temp/logwork/TASK-260715-20iwb4/-reviewer--reviewer--codex-.log
--- board ---
summary:{"active":[{"id":"EPIC-260715-hb60an","name":"wordstats-cli","status":"development"},{"id":"STORY-260715-18orjv","name":"behavior-contract","status":"to-review"},{"id":"TASK-260715-ci3o2j","name":"define-cli-output-error-contract","status":"analysis"},{"id":"TASK-260715-ej266r","name":"define-counting-normalization-contract","status":"to-review"},{"id":"STORY-260715-2rp9r2","name":"stats-engine","status":"development"},{"id":"TASK-260715-1zix5s","name":"initialize-go-module","status":"development"},{"id":"STORY-260715-l2vzgc","name":"orchestration","status":"analysis"},{"id":"TASK-260715-17r8i9","name":"orchestrate-wordstats-delivery","status":"analysis"}],"blocked":[{"blockedBy":["STORY-260715-18orjv","STORY-260715-nb3xui"],"id":"STORY-260715-1tdoj1","name":"user-documentation"},{"blockedBy":["TASK-260715-ci3o2j","TASK-260715-3pofvo"],"id":"TASK-260715-3fq1lx","name":"document-wordstats-usage-tools"},{"blockedBy":["STORY-260715-18orjv"],"id":"STORY-260715-2rp9r2","name":"stats-engine"},{"blockedBy":["TASK-260715-ej266r","TASK-260715-1zix5s"],"id":"TASK-260715-2bocgg","name":"implement-counting-logic"},{"blockedBy":["TASK-260715-ej266r","TASK-260715-1zix5s"],"id":"TASK-260715-erqnfs","name":"implement-top-words-logic"},{"blockedBy":["STORY-260715-18orjv","STORY-260715-2rp9r2","STORY-260715-nb3xui"],"id":"STORY-260715-3ni02s","name":"automated-verification"},{"blockedBy":["TASK-260715-ej266r","TASK-260715-erqnfs"],"id":"TASK-260715-25wdqr","name":"add-top-words-table-tests"},{"blockedBy":["TASK-260715-ej266r","TASK-260715-ci3o2j","TASK-260715-3pofvo"],"id":"TASK-260715-2lpg9c","name":"add-cli-contract-tests"},{"blockedBy":["TASK-260715-ej266r","TASK-260715-2bocgg"],"id":"TASK-260715-2r44i0","name":"add-counting-table-tests"},{"blockedBy":["STORY-260715-18orjv","STORY-260715-2rp9r2"],"id":"STORY-260715-nb3xui","name":"cli-application"},{"blockedBy":["TASK-260715-ci3o2j","TASK-260715-1zix5s"],"id":"TASK-260715-2rbap5","name":"implement-input-error-handling"},{"blockedBy":["TASK-260715-ci3o2j","TASK-260715-2bocgg","TASK-260715-erqnfs","TASK-260715-2rbap5"],"id":"TASK-260715-3pofvo","name":"implement-output-flag-orchestration"},{"blockedBy":["STORY-260715-3ni02s","STORY-260715-1tdoj1"],"id":"STORY-260715-oym9iz","name":"delivery-quality-gates"},{"blockedBy":["TASK-260715-2r44i0","TASK-260715-25wdqr","TASK-260715-2lpg9c","TASK-260715-3fq1lx"],"id":"TASK-260715-4y3dqa","name":"run-final-go-quality-gates"}],"byType":{"bug":{"total":0,"todo":0,"active":0,"done":0,"closed":0,"blocked":0},"epic":{"total":1,"todo":0,"active":1,"done":0,"closed":0,"blocked":0},"story":{"total":7,"todo":4,"active":3,"done":0,"closed":0,"blocked":0},"task":{"total":14,"todo":9,"active":4,"done":1,"closed":0,"blocked":0}}}
===== SAMPLE 11:45:48 (elapsed 365s) =====
--- runs ---
RUN-260715-1d29b1 running ? ?
RUN-260715-219661 completed ? ?
RUN-260715-76bdfa running ? ?
RUN-260715-91953c completed ? ?
RUN-260715-9b2f39 completed ? ?
RUN-260715-9eb74d running ? ?
RUN-260715-b3fa1a completed ? ?
RUN-260715-b8aa0d completed ? ?
RUN-260715-eed856 running ? ?
--- log sizes (bytes) ---
708	/Users/alexis/src/relux-works/skill-swift-relux/.temp/orch-loop-probe/demo-project/.temp/logwork/TASK-260715-ci3o2j/-analyst--researcher--codex-.log
212	/Users/alexis/src/relux-works/skill-swift-relux/.temp/orch-loop-probe/demo-project/.temp/logwork/TASK-260715-1zix5s/-implementer--developer--codex-.log
260	/Users/alexis/src/relux-works/skill-swift-relux/.temp/orch-loop-probe/demo-project/.temp/logwork/TASK-260715-1zix5s/-reviewer--reviewer--codex-.log
516	/Users/alexis/src/relux-works/skill-swift-relux/.temp/orch-loop-probe/demo-project/.temp/logwork/TASK-260715-ej266r/-analyst--researcher--codex-.log
12	/Users/alexis/src/relux-works/skill-swift-relux/.temp/orch-loop-probe/demo-project/.temp/logwork/TASK-260715-ej266r/-reviewer--reviewer--codex-.log
660	/Users/alexis/src/relux-works/skill-swift-relux/.temp/orch-loop-probe/demo-project/.temp/logwork/TASK-260715-17r8i9/-analyst--orchestrator--codex-.log
644	/Users/alexis/src/relux-works/skill-swift-relux/.temp/orch-loop-probe/demo-project/.temp/logwork/TASK-260715-20iwb4/-analyst--solution-architect--codex-.log
332	/Users/alexis/src/relux-works/skill-swift-relux/.temp/orch-loop-probe/demo-project/.temp/logwork/TASK-260715-20iwb4/-reviewer--reviewer--codex-.log
--- board ---
summary:{"active":[{"id":"EPIC-260715-hb60an","name":"wordstats-cli","status":"development"},{"id":"STORY-260715-18orjv","name":"behavior-contract","status":"reviewing"},{"id":"TASK-260715-ci3o2j","name":"define-cli-output-error-contract","status":"analysis"},{"id":"TASK-260715-ej266r","name":"define-counting-normalization-contract","status":"reviewing"},{"id":"STORY-260715-2rp9r2","name":"stats-engine","status":"development"},{"id":"TASK-260715-1zix5s","name":"initialize-go-module","status":"development"},{"id":"STORY-260715-l2vzgc","name":"orchestration","status":"analysis"},{"id":"TASK-260715-17r8i9","name":"orchestrate-wordstats-delivery","status":"analysis"}],"blocked":[{"blockedBy":["STORY-260715-18orjv","STORY-260715-nb3xui"],"id":"STORY-260715-1tdoj1","name":"user-documentation"},{"blockedBy":["TASK-260715-ci3o2j","TASK-260715-3pofvo"],"id":"TASK-260715-3fq1lx","name":"document-wordstats-usage-tools"},{"blockedBy":["STORY-260715-18orjv"],"id":"STORY-260715-2rp9r2","name":"stats-engine"},{"blockedBy":["TASK-260715-ej266r","TASK-260715-1zix5s"],"id":"TASK-260715-2bocgg","name":"implement-counting-logic"},{"blockedBy":["TASK-260715-ej266r","TASK-260715-1zix5s"],"id":"TASK-260715-erqnfs","name":"implement-top-words-logic"},{"blockedBy":["STORY-260715-18orjv","STORY-260715-2rp9r2","STORY-260715-nb3xui"],"id":"STORY-260715-3ni02s","name":"automated-verification"},{"blockedBy":["TASK-260715-ej266r","TASK-260715-erqnfs"],"id":"TASK-260715-25wdqr","name":"add-top-words-table-tests"},{"blockedBy":["TASK-260715-ej266r","TASK-260715-ci3o2j","TASK-260715-3pofvo"],"id":"TASK-260715-2lpg9c","name":"add-cli-contract-tests"},{"blockedBy":["TASK-260715-ej266r","TASK-260715-2bocgg"],"id":"TASK-260715-2r44i0","name":"add-counting-table-tests"},{"blockedBy":["STORY-260715-18orjv","STORY-260715-2rp9r2"],"id":"STORY-260715-nb3xui","name":"cli-application"},{"blockedBy":["TASK-260715-ci3o2j","TASK-260715-1zix5s"],"id":"TASK-260715-2rbap5","name":"implement-input-error-handling"},{"blockedBy":["TASK-260715-ci3o2j","TASK-260715-2bocgg","TASK-260715-erqnfs","TASK-260715-2rbap5"],"id":"TASK-260715-3pofvo","name":"implement-output-flag-orchestration"},{"blockedBy":["STORY-260715-3ni02s","STORY-260715-1tdoj1"],"id":"STORY-260715-oym9iz","name":"delivery-quality-gates"},{"blockedBy":["TASK-260715-2r44i0","TASK-260715-25wdqr","TASK-260715-2lpg9c","TASK-260715-3fq1lx"],"id":"TASK-260715-4y3dqa","name":"run-final-go-quality-gates"}],"byType":{"bug":{"total":0,"todo":0,"active":0,"done":0,"closed":0,"blocked":0},"epic":{"total":1,"todo":0,"active":1,"done":0,"closed":0,"blocked":0},"story":{"total":7,"todo":4,"active":3,"done":0,"closed":0,"blocked":0},"task":{"total":14,"todo":9,"active":4,"done":1,"closed":0,"blocked":0}}}
WAKE (interval elapsed, root=running)
===== SAMPLE 11:46:49 (elapsed 0s) =====
--- runs ---
RUN-260715-1d29b1 running ? ?
RUN-260715-219661 completed ? ?
RUN-260715-76bdfa running ? ?
RUN-260715-91953c completed ? ?
RUN-260715-9b2f39 completed ? ?
RUN-260715-9eb74d running ? ?
RUN-260715-b3fa1a completed ? ?
RUN-260715-b8aa0d completed ? ?
RUN-260715-eed856 running ? ?
--- log sizes (bytes) ---
964	/Users/alexis/src/relux-works/skill-swift-relux/.temp/orch-loop-probe/demo-project/.temp/logwork/TASK-260715-ci3o2j/-analyst--researcher--codex-.log
212	/Users/alexis/src/relux-works/skill-swift-relux/.temp/orch-loop-probe/demo-project/.temp/logwork/TASK-260715-1zix5s/-implementer--developer--codex-.log
260	/Users/alexis/src/relux-works/skill-swift-relux/.temp/orch-loop-probe/demo-project/.temp/logwork/TASK-260715-1zix5s/-reviewer--reviewer--codex-.log
516	/Users/alexis/src/relux-works/skill-swift-relux/.temp/orch-loop-probe/demo-project/.temp/logwork/TASK-260715-ej266r/-analyst--researcher--codex-.log
140	/Users/alexis/src/relux-works/skill-swift-relux/.temp/orch-loop-probe/demo-project/.temp/logwork/TASK-260715-ej266r/-reviewer--reviewer--codex-.log
660	/Users/alexis/src/relux-works/skill-swift-relux/.temp/orch-loop-probe/demo-project/.temp/logwork/TASK-260715-17r8i9/-analyst--orchestrator--codex-.log
644	/Users/alexis/src/relux-works/skill-swift-relux/.temp/orch-loop-probe/demo-project/.temp/logwork/TASK-260715-20iwb4/-analyst--solution-architect--codex-.log
332	/Users/alexis/src/relux-works/skill-swift-relux/.temp/orch-loop-probe/demo-project/.temp/logwork/TASK-260715-20iwb4/-reviewer--reviewer--codex-.log
--- board ---
summary:{"active":[{"id":"EPIC-260715-hb60an","name":"wordstats-cli","status":"development"},{"id":"STORY-260715-18orjv","name":"behavior-contract","status":"to-review"},{"id":"TASK-260715-ci3o2j","name":"define-cli-output-error-contract","status":"to-review"},{"id":"TASK-260715-ej266r","name":"define-counting-normalization-contract","status":"reviewing"},{"id":"STORY-260715-2rp9r2","name":"stats-engine","status":"development"},{"id":"TASK-260715-1zix5s","name":"initialize-go-module","status":"development"},{"id":"STORY-260715-l2vzgc","name":"orchestration","status":"analysis"},{"id":"TASK-260715-17r8i9","name":"orchestrate-wordstats-delivery","status":"analysis"}],"blocked":[{"blockedBy":["STORY-260715-18orjv","STORY-260715-nb3xui"],"id":"STORY-260715-1tdoj1","name":"user-documentation"},{"blockedBy":["TASK-260715-ci3o2j","TASK-260715-3pofvo"],"id":"TASK-260715-3fq1lx","name":"document-wordstats-usage-tools"},{"blockedBy":["STORY-260715-18orjv"],"id":"STORY-260715-2rp9r2","name":"stats-engine"},{"blockedBy":["TASK-260715-ej266r","TASK-260715-1zix5s"],"id":"TASK-260715-2bocgg","name":"implement-counting-logic"},{"blockedBy":["TASK-260715-ej266r","TASK-260715-1zix5s"],"id":"TASK-260715-erqnfs","name":"implement-top-words-logic"},{"blockedBy":["STORY-260715-18orjv","STORY-260715-2rp9r2","STORY-260715-nb3xui"],"id":"STORY-260715-3ni02s","name":"automated-verification"},{"blockedBy":["TASK-260715-ej266r","TASK-260715-erqnfs"],"id":"TASK-260715-25wdqr","name":"add-top-words-table-tests"},{"blockedBy":["TASK-260715-ej266r","TASK-260715-ci3o2j","TASK-260715-3pofvo"],"id":"TASK-260715-2lpg9c","name":"add-cli-contract-tests"},{"blockedBy":["TASK-260715-ej266r","TASK-260715-2bocgg"],"id":"TASK-260715-2r44i0","name":"add-counting-table-tests"},{"blockedBy":["STORY-260715-18orjv","STORY-260715-2rp9r2"],"id":"STORY-260715-nb3xui","name":"cli-application"},{"blockedBy":["TASK-260715-ci3o2j","TASK-260715-1zix5s"],"id":"TASK-260715-2rbap5","name":"implement-input-error-handling"},{"blockedBy":["TASK-260715-ci3o2j","TASK-260715-2bocgg","TASK-260715-erqnfs","TASK-260715-2rbap5"],"id":"TASK-260715-3pofvo","name":"implement-output-flag-orchestration"},{"blockedBy":["STORY-260715-3ni02s","STORY-260715-1tdoj1"],"id":"STORY-260715-oym9iz","name":"delivery-quality-gates"},{"blockedBy":["TASK-260715-2r44i0","TASK-260715-25wdqr","TASK-260715-2lpg9c","TASK-260715-3fq1lx"],"id":"TASK-260715-4y3dqa","name":"run-final-go-quality-gates"}],"byType":{"bug":{"total":0,"todo":0,"active":0,"done":0,"closed":0,"blocked":0},"epic":{"total":1,"todo":0,"active":1,"done":0,"closed":0,"blocked":0},"story":{"total":7,"todo":4,"active":3,"done":0,"closed":0,"blocked":0},"task":{"total":14,"todo":9,"active":4,"done":1,"closed":0,"blocked":0}}}
===== SAMPLE 11:47:09 (elapsed 20s) =====
--- runs ---
RUN-260715-0b8429 running ? ?
RUN-260715-1d29b1 running ? ?
RUN-260715-219661 completed ? ?
RUN-260715-76bdfa running ? ?
RUN-260715-91953c completed ? ?
RUN-260715-9b2f39 completed ? ?
RUN-260715-9eb74d running ? ?
RUN-260715-b3fa1a completed ? ?
RUN-260715-b8aa0d completed ? ?
RUN-260715-eed856 completed ? ?
--- log sizes (bytes) ---
1028	/Users/alexis/src/relux-works/skill-swift-relux/.temp/orch-loop-probe/demo-project/.temp/logwork/TASK-260715-ci3o2j/-analyst--researcher--codex-.log
12	/Users/alexis/src/relux-works/skill-swift-relux/.temp/orch-loop-probe/demo-project/.temp/logwork/TASK-260715-ci3o2j/-reviewer--reviewer--codex-.log
212	/Users/alexis/src/relux-works/skill-swift-relux/.temp/orch-loop-probe/demo-project/.temp/logwork/TASK-260715-1zix5s/-implementer--developer--codex-.log
260	/Users/alexis/src/relux-works/skill-swift-relux/.temp/orch-loop-probe/demo-project/.temp/logwork/TASK-260715-1zix5s/-reviewer--reviewer--codex-.log
516	/Users/alexis/src/relux-works/skill-swift-relux/.temp/orch-loop-probe/demo-project/.temp/logwork/TASK-260715-ej266r/-analyst--researcher--codex-.log
140	/Users/alexis/src/relux-works/skill-swift-relux/.temp/orch-loop-probe/demo-project/.temp/logwork/TASK-260715-ej266r/-reviewer--reviewer--codex-.log
724	/Users/alexis/src/relux-works/skill-swift-relux/.temp/orch-loop-probe/demo-project/.temp/logwork/TASK-260715-17r8i9/-analyst--orchestrator--codex-.log
644	/Users/alexis/src/relux-works/skill-swift-relux/.temp/orch-loop-probe/demo-project/.temp/logwork/TASK-260715-20iwb4/-analyst--solution-architect--codex-.log
332	/Users/alexis/src/relux-works/skill-swift-relux/.temp/orch-loop-probe/demo-project/.temp/logwork/TASK-260715-20iwb4/-reviewer--reviewer--codex-.log
--- board ---
summary:{"active":[{"id":"EPIC-260715-hb60an","name":"wordstats-cli","status":"development"},{"id":"STORY-260715-18orjv","name":"behavior-contract","status":"reviewing"},{"id":"TASK-260715-ci3o2j","name":"define-cli-output-error-contract","status":"reviewing"},{"id":"TASK-260715-ej266r","name":"define-counting-normalization-contract","status":"reviewing"},{"id":"STORY-260715-2rp9r2","name":"stats-engine","status":"development"},{"id":"TASK-260715-1zix5s","name":"initialize-go-module","status":"development"},{"id":"STORY-260715-l2vzgc","name":"orchestration","status":"analysis"},{"id":"TASK-260715-17r8i9","name":"orchestrate-wordstats-delivery","status":"analysis"}],"blocked":[{"blockedBy":["STORY-260715-18orjv","STORY-260715-nb3xui"],"id":"STORY-260715-1tdoj1","name":"user-documentation"},{"blockedBy":["TASK-260715-ci3o2j","TASK-260715-3pofvo"],"id":"TASK-260715-3fq1lx","name":"document-wordstats-usage-tools"},{"blockedBy":["STORY-260715-18orjv"],"id":"STORY-260715-2rp9r2","name":"stats-engine"},{"blockedBy":["TASK-260715-ej266r","TASK-260715-1zix5s"],"id":"TASK-260715-2bocgg","name":"implement-counting-logic"},{"blockedBy":["TASK-260715-ej266r","TASK-260715-1zix5s"],"id":"TASK-260715-erqnfs","name":"implement-top-words-logic"},{"blockedBy":["STORY-260715-18orjv","STORY-260715-2rp9r2","STORY-260715-nb3xui"],"id":"STORY-260715-3ni02s","name":"automated-verification"},{"blockedBy":["TASK-260715-ej266r","TASK-260715-erqnfs"],"id":"TASK-260715-25wdqr","name":"add-top-words-table-tests"},{"blockedBy":["TASK-260715-ej266r","TASK-260715-ci3o2j","TASK-260715-3pofvo"],"id":"TASK-260715-2lpg9c","name":"add-cli-contract-tests"},{"blockedBy":["TASK-260715-ej266r","TASK-260715-2bocgg"],"id":"TASK-260715-2r44i0","name":"add-counting-table-tests"},{"blockedBy":["STORY-260715-18orjv","STORY-260715-2rp9r2"],"id":"STORY-260715-nb3xui","name":"cli-application"},{"blockedBy":["TASK-260715-ci3o2j","TASK-260715-1zix5s"],"id":"TASK-260715-2rbap5","name":"implement-input-error-handling"},{"blockedBy":["TASK-260715-ci3o2j","TASK-260715-2bocgg","TASK-260715-erqnfs","TASK-260715-2rbap5"],"id":"TASK-260715-3pofvo","name":"implement-output-flag-orchestration"},{"blockedBy":["STORY-260715-3ni02s","STORY-260715-1tdoj1"],"id":"STORY-260715-oym9iz","name":"delivery-quality-gates"},{"blockedBy":["TASK-260715-2r44i0","TASK-260715-25wdqr","TASK-260715-2lpg9c","TASK-260715-3fq1lx"],"id":"TASK-260715-4y3dqa","name":"run-final-go-quality-gates"}],"byType":{"bug":{"total":0,"todo":0,"active":0,"done":0,"closed":0,"blocked":0},"epic":{"total":1,"todo":0,"active":1,"done":0,"closed":0,"blocked":0},"story":{"total":7,"todo":4,"active":3,"done":0,"closed":0,"blocked":0},"task":{"total":14,"todo":9,"active":4,"done":1,"closed":0,"blocked":0}}}
===== SAMPLE 11:47:30 (elapsed 41s) =====
--- runs ---
RUN-260715-0b8429 running ? ?
RUN-260715-1d29b1 running ? ?
RUN-260715-219661 completed ? ?
RUN-260715-76bdfa running ? ?
RUN-260715-91953c completed ? ?
RUN-260715-9b2f39 completed ? ?
RUN-260715-9eb74d running ? ?
RUN-260715-b3fa1a completed ? ?
RUN-260715-b8aa0d completed ? ?
RUN-260715-eed856 completed ? ?
--- log sizes (bytes) ---
1028	/Users/alexis/src/relux-works/skill-swift-relux/.temp/orch-loop-probe/demo-project/.temp/logwork/TASK-260715-ci3o2j/-analyst--researcher--codex-.log
68	/Users/alexis/src/relux-works/skill-swift-relux/.temp/orch-loop-probe/demo-project/.temp/logwork/TASK-260715-ci3o2j/-reviewer--reviewer--codex-.log
276	/Users/alexis/src/relux-works/skill-swift-relux/.temp/orch-loop-probe/demo-project/.temp/logwork/TASK-260715-1zix5s/-implementer--developer--codex-.log
260	/Users/alexis/src/relux-works/skill-swift-relux/.temp/orch-loop-probe/demo-project/.temp/logwork/TASK-260715-1zix5s/-reviewer--reviewer--codex-.log
516	/Users/alexis/src/relux-works/skill-swift-relux/.temp/orch-loop-probe/demo-project/.temp/logwork/TASK-260715-ej266r/-analyst--researcher--codex-.log
140	/Users/alexis/src/relux-works/skill-swift-relux/.temp/orch-loop-probe/demo-project/.temp/logwork/TASK-260715-ej266r/-reviewer--reviewer--codex-.log
724	/Users/alexis/src/relux-works/skill-swift-relux/.temp/orch-loop-probe/demo-project/.temp/logwork/TASK-260715-17r8i9/-analyst--orchestrator--codex-.log
644	/Users/alexis/src/relux-works/skill-swift-relux/.temp/orch-loop-probe/demo-project/.temp/logwork/TASK-260715-20iwb4/-analyst--solution-architect--codex-.log
332	/Users/alexis/src/relux-works/skill-swift-relux/.temp/orch-loop-probe/demo-project/.temp/logwork/TASK-260715-20iwb4/-reviewer--reviewer--codex-.log
--- board ---
summary:{"active":[{"id":"EPIC-260715-hb60an","name":"wordstats-cli","status":"development"},{"id":"STORY-260715-18orjv","name":"behavior-contract","status":"reviewing"},{"id":"TASK-260715-ci3o2j","name":"define-cli-output-error-contract","status":"reviewing"},{"id":"TASK-260715-ej266r","name":"define-counting-normalization-contract","status":"reviewing"},{"id":"STORY-260715-2rp9r2","name":"stats-engine","status":"development"},{"id":"TASK-260715-1zix5s","name":"initialize-go-module","status":"development"},{"id":"STORY-260715-l2vzgc","name":"orchestration","status":"analysis"},{"id":"TASK-260715-17r8i9","name":"orchestrate-wordstats-delivery","status":"analysis"}],"blocked":[{"blockedBy":["STORY-260715-18orjv","STORY-260715-nb3xui"],"id":"STORY-260715-1tdoj1","name":"user-documentation"},{"blockedBy":["TASK-260715-ci3o2j","TASK-260715-3pofvo"],"id":"TASK-260715-3fq1lx","name":"document-wordstats-usage-tools"},{"blockedBy":["STORY-260715-18orjv"],"id":"STORY-260715-2rp9r2","name":"stats-engine"},{"blockedBy":["TASK-260715-ej266r","TASK-260715-1zix5s"],"id":"TASK-260715-2bocgg","name":"implement-counting-logic"},{"blockedBy":["TASK-260715-ej266r","TASK-260715-1zix5s"],"id":"TASK-260715-erqnfs","name":"implement-top-words-logic"},{"blockedBy":["STORY-260715-18orjv","STORY-260715-2rp9r2","STORY-260715-nb3xui"],"id":"STORY-260715-3ni02s","name":"automated-verification"},{"blockedBy":["TASK-260715-ej266r","TASK-260715-erqnfs"],"id":"TASK-260715-25wdqr","name":"add-top-words-table-tests"},{"blockedBy":["TASK-260715-ej266r","TASK-260715-ci3o2j","TASK-260715-3pofvo"],"id":"TASK-260715-2lpg9c","name":"add-cli-contract-tests"},{"blockedBy":["TASK-260715-ej266r","TASK-260715-2bocgg"],"id":"TASK-260715-2r44i0","name":"add-counting-table-tests"},{"blockedBy":["STORY-260715-18orjv","STORY-260715-2rp9r2"],"id":"STORY-260715-nb3xui","name":"cli-application"},{"blockedBy":["TASK-260715-ci3o2j","TASK-260715-1zix5s"],"id":"TASK-260715-2rbap5","name":"implement-input-error-handling"},{"blockedBy":["TASK-260715-ci3o2j","TASK-260715-2bocgg","TASK-260715-erqnfs","TASK-260715-2rbap5"],"id":"TASK-260715-3pofvo","name":"implement-output-flag-orchestration"},{"blockedBy":["STORY-260715-3ni02s","STORY-260715-1tdoj1"],"id":"STORY-260715-oym9iz","name":"delivery-quality-gates"},{"blockedBy":["TASK-260715-2r44i0","TASK-260715-25wdqr","TASK-260715-2lpg9c","TASK-260715-3fq1lx"],"id":"TASK-260715-4y3dqa","name":"run-final-go-quality-gates"}],"byType":{"bug":{"total":0,"todo":0,"active":0,"done":0,"closed":0,"blocked":0},"epic":{"total":1,"todo":0,"active":1,"done":0,"closed":0,"blocked":0},"story":{"total":7,"todo":4,"active":3,"done":0,"closed":0,"blocked":0},"task":{"total":14,"todo":9,"active":4,"done":1,"closed":0,"blocked":0}}}
===== SAMPLE 11:47:50 (elapsed 61s) =====
--- runs ---
RUN-260715-0b8429 running ? ?
RUN-260715-1d29b1 running ? ?
RUN-260715-219661 completed ? ?
RUN-260715-76bdfa running ? ?
RUN-260715-91953c completed ? ?
RUN-260715-9b2f39 completed ? ?
RUN-260715-9eb74d running ? ?
RUN-260715-b3fa1a completed ? ?
RUN-260715-b8aa0d completed ? ?
RUN-260715-eed856 completed ? ?
--- log sizes (bytes) ---
1028	/Users/alexis/src/relux-works/skill-swift-relux/.temp/orch-loop-probe/demo-project/.temp/logwork/TASK-260715-ci3o2j/-analyst--researcher--codex-.log
132	/Users/alexis/src/relux-works/skill-swift-relux/.temp/orch-loop-probe/demo-project/.temp/logwork/TASK-260715-ci3o2j/-reviewer--reviewer--codex-.log
276	/Users/alexis/src/relux-works/skill-swift-relux/.temp/orch-loop-probe/demo-project/.temp/logwork/TASK-260715-1zix5s/-implementer--developer--codex-.log
260	/Users/alexis/src/relux-works/skill-swift-relux/.temp/orch-loop-probe/demo-project/.temp/logwork/TASK-260715-1zix5s/-reviewer--reviewer--codex-.log
516	/Users/alexis/src/relux-works/skill-swift-relux/.temp/orch-loop-probe/demo-project/.temp/logwork/TASK-260715-ej266r/-analyst--researcher--codex-.log
140	/Users/alexis/src/relux-works/skill-swift-relux/.temp/orch-loop-probe/demo-project/.temp/logwork/TASK-260715-ej266r/-reviewer--reviewer--codex-.log
724	/Users/alexis/src/relux-works/skill-swift-relux/.temp/orch-loop-probe/demo-project/.temp/logwork/TASK-260715-17r8i9/-analyst--orchestrator--codex-.log
644	/Users/alexis/src/relux-works/skill-swift-relux/.temp/orch-loop-probe/demo-project/.temp/logwork/TASK-260715-20iwb4/-analyst--solution-architect--codex-.log
332	/Users/alexis/src/relux-works/skill-swift-relux/.temp/orch-loop-probe/demo-project/.temp/logwork/TASK-260715-20iwb4/-reviewer--reviewer--codex-.log
--- board ---
summary:{"active":[{"id":"EPIC-260715-hb60an","name":"wordstats-cli","status":"development"},{"id":"STORY-260715-18orjv","name":"behavior-contract","status":"reviewing"},{"id":"TASK-260715-ci3o2j","name":"define-cli-output-error-contract","status":"reviewing"},{"id":"TASK-260715-ej266r","name":"define-counting-normalization-contract","status":"reviewing"},{"id":"STORY-260715-2rp9r2","name":"stats-engine","status":"development"},{"id":"TASK-260715-1zix5s","name":"initialize-go-module","status":"development"},{"id":"STORY-260715-l2vzgc","name":"orchestration","status":"analysis"},{"id":"TASK-260715-17r8i9","name":"orchestrate-wordstats-delivery","status":"analysis"}],"blocked":[{"blockedBy":["STORY-260715-18orjv","STORY-260715-nb3xui"],"id":"STORY-260715-1tdoj1","name":"user-documentation"},{"blockedBy":["TASK-260715-ci3o2j","TASK-260715-3pofvo"],"id":"TASK-260715-3fq1lx","name":"document-wordstats-usage-tools"},{"blockedBy":["STORY-260715-18orjv"],"id":"STORY-260715-2rp9r2","name":"stats-engine"},{"blockedBy":["TASK-260715-ej266r","TASK-260715-1zix5s"],"id":"TASK-260715-2bocgg","name":"implement-counting-logic"},{"blockedBy":["TASK-260715-ej266r","TASK-260715-1zix5s"],"id":"TASK-260715-erqnfs","name":"implement-top-words-logic"},{"blockedBy":["STORY-260715-18orjv","STORY-260715-2rp9r2","STORY-260715-nb3xui"],"id":"STORY-260715-3ni02s","name":"automated-verification"},{"blockedBy":["TASK-260715-ej266r","TASK-260715-erqnfs"],"id":"TASK-260715-25wdqr","name":"add-top-words-table-tests"},{"blockedBy":["TASK-260715-ej266r","TASK-260715-ci3o2j","TASK-260715-3pofvo"],"id":"TASK-260715-2lpg9c","name":"add-cli-contract-tests"},{"blockedBy":["TASK-260715-ej266r","TASK-260715-2bocgg"],"id":"TASK-260715-2r44i0","name":"add-counting-table-tests"},{"blockedBy":["STORY-260715-18orjv","STORY-260715-2rp9r2"],"id":"STORY-260715-nb3xui","name":"cli-application"},{"blockedBy":["TASK-260715-ci3o2j","TASK-260715-1zix5s"],"id":"TASK-260715-2rbap5","name":"implement-input-error-handling"},{"blockedBy":["TASK-260715-ci3o2j","TASK-260715-2bocgg","TASK-260715-erqnfs","TASK-260715-2rbap5"],"id":"TASK-260715-3pofvo","name":"implement-output-flag-orchestration"},{"blockedBy":["STORY-260715-3ni02s","STORY-260715-1tdoj1"],"id":"STORY-260715-oym9iz","name":"delivery-quality-gates"},{"blockedBy":["TASK-260715-2r44i0","TASK-260715-25wdqr","TASK-260715-2lpg9c","TASK-260715-3fq1lx"],"id":"TASK-260715-4y3dqa","name":"run-final-go-quality-gates"}],"byType":{"bug":{"total":0,"todo":0,"active":0,"done":0,"closed":0,"blocked":0},"epic":{"total":1,"todo":0,"active":1,"done":0,"closed":0,"blocked":0},"story":{"total":7,"todo":4,"active":3,"done":0,"closed":0,"blocked":0},"task":{"total":14,"todo":9,"active":4,"done":1,"closed":0,"blocked":0}}}
===== SAMPLE 11:48:10 (elapsed 81s) =====
--- runs ---
RUN-260715-0b8429 running ? ?
RUN-260715-1d29b1 running ? ?
RUN-260715-219661 completed ? ?
RUN-260715-76bdfa running ? ?
RUN-260715-91953c completed ? ?
RUN-260715-9b2f39 completed ? ?
RUN-260715-9eb74d running ? ?
RUN-260715-b3fa1a completed ? ?
RUN-260715-b8aa0d completed ? ?
RUN-260715-eed856 completed ? ?
--- log sizes (bytes) ---
1028	/Users/alexis/src/relux-works/skill-swift-relux/.temp/orch-loop-probe/demo-project/.temp/logwork/TASK-260715-ci3o2j/-analyst--researcher--codex-.log
196	/Users/alexis/src/relux-works/skill-swift-relux/.temp/orch-loop-probe/demo-project/.temp/logwork/TASK-260715-ci3o2j/-reviewer--reviewer--codex-.log
276	/Users/alexis/src/relux-works/skill-swift-relux/.temp/orch-loop-probe/demo-project/.temp/logwork/TASK-260715-1zix5s/-implementer--developer--codex-.log
260	/Users/alexis/src/relux-works/skill-swift-relux/.temp/orch-loop-probe/demo-project/.temp/logwork/TASK-260715-1zix5s/-reviewer--reviewer--codex-.log
516	/Users/alexis/src/relux-works/skill-swift-relux/.temp/orch-loop-probe/demo-project/.temp/logwork/TASK-260715-ej266r/-analyst--researcher--codex-.log
204	/Users/alexis/src/relux-works/skill-swift-relux/.temp/orch-loop-probe/demo-project/.temp/logwork/TASK-260715-ej266r/-reviewer--reviewer--codex-.log
724	/Users/alexis/src/relux-works/skill-swift-relux/.temp/orch-loop-probe/demo-project/.temp/logwork/TASK-260715-17r8i9/-analyst--orchestrator--codex-.log
644	/Users/alexis/src/relux-works/skill-swift-relux/.temp/orch-loop-probe/demo-project/.temp/logwork/TASK-260715-20iwb4/-analyst--solution-architect--codex-.log
332	/Users/alexis/src/relux-works/skill-swift-relux/.temp/orch-loop-probe/demo-project/.temp/logwork/TASK-260715-20iwb4/-reviewer--reviewer--codex-.log
--- board ---
summary:{"active":[{"id":"EPIC-260715-hb60an","name":"wordstats-cli","status":"development"},{"id":"STORY-260715-18orjv","name":"behavior-contract","status":"reviewing"},{"id":"TASK-260715-ci3o2j","name":"define-cli-output-error-contract","status":"reviewing"},{"id":"TASK-260715-ej266r","name":"define-counting-normalization-contract","status":"reviewing"},{"id":"STORY-260715-2rp9r2","name":"stats-engine","status":"development"},{"id":"TASK-260715-1zix5s","name":"initialize-go-module","status":"development"},{"id":"STORY-260715-l2vzgc","name":"orchestration","status":"analysis"},{"id":"TASK-260715-17r8i9","name":"orchestrate-wordstats-delivery","status":"analysis"}],"blocked":[{"blockedBy":["STORY-260715-18orjv","STORY-260715-nb3xui"],"id":"STORY-260715-1tdoj1","name":"user-documentation"},{"blockedBy":["TASK-260715-ci3o2j","TASK-260715-3pofvo"],"id":"TASK-260715-3fq1lx","name":"document-wordstats-usage-tools"},{"blockedBy":["STORY-260715-18orjv"],"id":"STORY-260715-2rp9r2","name":"stats-engine"},{"blockedBy":["TASK-260715-ej266r","TASK-260715-1zix5s"],"id":"TASK-260715-2bocgg","name":"implement-counting-logic"},{"blockedBy":["TASK-260715-ej266r","TASK-260715-1zix5s"],"id":"TASK-260715-erqnfs","name":"implement-top-words-logic"},{"blockedBy":["STORY-260715-18orjv","STORY-260715-2rp9r2","STORY-260715-nb3xui"],"id":"STORY-260715-3ni02s","name":"automated-verification"},{"blockedBy":["TASK-260715-ej266r","TASK-260715-erqnfs"],"id":"TASK-260715-25wdqr","name":"add-top-words-table-tests"},{"blockedBy":["TASK-260715-ej266r","TASK-260715-ci3o2j","TASK-260715-3pofvo"],"id":"TASK-260715-2lpg9c","name":"add-cli-contract-tests"},{"blockedBy":["TASK-260715-ej266r","TASK-260715-2bocgg"],"id":"TASK-260715-2r44i0","name":"add-counting-table-tests"},{"blockedBy":["STORY-260715-18orjv","STORY-260715-2rp9r2"],"id":"STORY-260715-nb3xui","name":"cli-application"},{"blockedBy":["TASK-260715-ci3o2j","TASK-260715-1zix5s"],"id":"TASK-260715-2rbap5","name":"implement-input-error-handling"},{"blockedBy":["TASK-260715-ci3o2j","TASK-260715-2bocgg","TASK-260715-erqnfs","TASK-260715-2rbap5"],"id":"TASK-260715-3pofvo","name":"implement-output-flag-orchestration"},{"blockedBy":["STORY-260715-3ni02s","STORY-260715-1tdoj1"],"id":"STORY-260715-oym9iz","name":"delivery-quality-gates"},{"blockedBy":["TASK-260715-2r44i0","TASK-260715-25wdqr","TASK-260715-2lpg9c","TASK-260715-3fq1lx"],"id":"TASK-260715-4y3dqa","name":"run-final-go-quality-gates"}],"byType":{"bug":{"total":0,"todo":0,"active":0,"done":0,"closed":0,"blocked":0},"epic":{"total":1,"todo":0,"active":1,"done":0,"closed":0,"blocked":0},"story":{"total":7,"todo":4,"active":3,"done":0,"closed":0,"blocked":0},"task":{"total":14,"todo":9,"active":4,"done":1,"closed":0,"blocked":0}}}
===== SAMPLE 11:48:31 (elapsed 102s) =====
--- runs ---
RUN-260715-0b8429 running ? ?
RUN-260715-1d29b1 completed ? ?
RUN-260715-219661 completed ? ?
RUN-260715-76bdfa running ? ?
RUN-260715-91953c completed ? ?
RUN-260715-9b2f39 completed ? ?
RUN-260715-9eb74d running ? ?
RUN-260715-b3fa1a completed ? ?
RUN-260715-b8aa0d completed ? ?
RUN-260715-eed856 completed ? ?
--- log sizes (bytes) ---
1028	/Users/alexis/src/relux-works/skill-swift-relux/.temp/orch-loop-probe/demo-project/.temp/logwork/TASK-260715-ci3o2j/-analyst--researcher--codex-.log
196	/Users/alexis/src/relux-works/skill-swift-relux/.temp/orch-loop-probe/demo-project/.temp/logwork/TASK-260715-ci3o2j/-reviewer--reviewer--codex-.log
276	/Users/alexis/src/relux-works/skill-swift-relux/.temp/orch-loop-probe/demo-project/.temp/logwork/TASK-260715-1zix5s/-implementer--developer--codex-.log
260	/Users/alexis/src/relux-works/skill-swift-relux/.temp/orch-loop-probe/demo-project/.temp/logwork/TASK-260715-1zix5s/-reviewer--reviewer--codex-.log
516	/Users/alexis/src/relux-works/skill-swift-relux/.temp/orch-loop-probe/demo-project/.temp/logwork/TASK-260715-ej266r/-analyst--researcher--codex-.log
204	/Users/alexis/src/relux-works/skill-swift-relux/.temp/orch-loop-probe/demo-project/.temp/logwork/TASK-260715-ej266r/-reviewer--reviewer--codex-.log
724	/Users/alexis/src/relux-works/skill-swift-relux/.temp/orch-loop-probe/demo-project/.temp/logwork/TASK-260715-17r8i9/-analyst--orchestrator--codex-.log
644	/Users/alexis/src/relux-works/skill-swift-relux/.temp/orch-loop-probe/demo-project/.temp/logwork/TASK-260715-20iwb4/-analyst--solution-architect--codex-.log
332	/Users/alexis/src/relux-works/skill-swift-relux/.temp/orch-loop-probe/demo-project/.temp/logwork/TASK-260715-20iwb4/-reviewer--reviewer--codex-.log
--- board ---
summary:{"active":[{"id":"EPIC-260715-hb60an","name":"wordstats-cli","status":"development"},{"id":"STORY-260715-18orjv","name":"behavior-contract","status":"reviewing"},{"id":"TASK-260715-ci3o2j","name":"define-cli-output-error-contract","status":"reviewing"},{"id":"TASK-260715-ej266r","name":"define-counting-normalization-contract","status":"reviewing"},{"id":"STORY-260715-2rp9r2","name":"stats-engine","status":"development"},{"id":"TASK-260715-1zix5s","name":"initialize-go-module","status":"development"},{"id":"STORY-260715-l2vzgc","name":"orchestration","status":"analysis"},{"id":"TASK-260715-17r8i9","name":"orchestrate-wordstats-delivery","status":"analysis"}],"blocked":[{"blockedBy":["STORY-260715-18orjv","STORY-260715-nb3xui"],"id":"STORY-260715-1tdoj1","name":"user-documentation"},{"blockedBy":["TASK-260715-ci3o2j","TASK-260715-3pofvo"],"id":"TASK-260715-3fq1lx","name":"document-wordstats-usage-tools"},{"blockedBy":["STORY-260715-18orjv"],"id":"STORY-260715-2rp9r2","name":"stats-engine"},{"blockedBy":["TASK-260715-ej266r","TASK-260715-1zix5s"],"id":"TASK-260715-2bocgg","name":"implement-counting-logic"},{"blockedBy":["TASK-260715-ej266r","TASK-260715-1zix5s"],"id":"TASK-260715-erqnfs","name":"implement-top-words-logic"},{"blockedBy":["STORY-260715-18orjv","STORY-260715-2rp9r2","STORY-260715-nb3xui"],"id":"STORY-260715-3ni02s","name":"automated-verification"},{"blockedBy":["TASK-260715-ej266r","TASK-260715-erqnfs"],"id":"TASK-260715-25wdqr","name":"add-top-words-table-tests"},{"blockedBy":["TASK-260715-ej266r","TASK-260715-ci3o2j","TASK-260715-3pofvo"],"id":"TASK-260715-2lpg9c","name":"add-cli-contract-tests"},{"blockedBy":["TASK-260715-ej266r","TASK-260715-2bocgg"],"id":"TASK-260715-2r44i0","name":"add-counting-table-tests"},{"blockedBy":["STORY-260715-18orjv","STORY-260715-2rp9r2"],"id":"STORY-260715-nb3xui","name":"cli-application"},{"blockedBy":["TASK-260715-ci3o2j","TASK-260715-1zix5s"],"id":"TASK-260715-2rbap5","name":"implement-input-error-handling"},{"blockedBy":["TASK-260715-ci3o2j","TASK-260715-2bocgg","TASK-260715-erqnfs","TASK-260715-2rbap5"],"id":"TASK-260715-3pofvo","name":"implement-output-flag-orchestration"},{"blockedBy":["STORY-260715-3ni02s","STORY-260715-1tdoj1"],"id":"STORY-260715-oym9iz","name":"delivery-quality-gates"},{"blockedBy":["TASK-260715-2r44i0","TASK-260715-25wdqr","TASK-260715-2lpg9c","TASK-260715-3fq1lx"],"id":"TASK-260715-4y3dqa","name":"run-final-go-quality-gates"}],"byType":{"bug":{"total":0,"todo":0,"active":0,"done":0,"closed":0,"blocked":0},"epic":{"total":1,"todo":0,"active":1,"done":0,"closed":0,"blocked":0},"story":{"total":7,"todo":4,"active":3,"done":0,"closed":0,"blocked":0},"task":{"total":14,"todo":9,"active":4,"done":1,"closed":0,"blocked":0}}}
===== SAMPLE 11:48:51 (elapsed 122s) =====
--- runs ---
RUN-260715-0b8429 running ? ?
RUN-260715-1d29b1 completed ? ?
RUN-260715-219661 completed ? ?
RUN-260715-5c1e42 running ? ?
RUN-260715-76bdfa running ? ?
RUN-260715-91953c completed ? ?
RUN-260715-9b2f39 completed ? ?
RUN-260715-9eb74d running ? ?
RUN-260715-b3fa1a completed ? ?
RUN-260715-b8aa0d completed ? ?
RUN-260715-eed856 completed ? ?
--- log sizes (bytes) ---
1028	/Users/alexis/src/relux-works/skill-swift-relux/.temp/orch-loop-probe/demo-project/.temp/logwork/TASK-260715-ci3o2j/-analyst--researcher--codex-.log
196	/Users/alexis/src/relux-works/skill-swift-relux/.temp/orch-loop-probe/demo-project/.temp/logwork/TASK-260715-ci3o2j/-reviewer--reviewer--codex-.log
16	/Users/alexis/src/relux-works/skill-swift-relux/.temp/orch-loop-probe/demo-project/.temp/logwork/TASK-260715-1zix5s/-implementer--developer--codex-.log
260	/Users/alexis/src/relux-works/skill-swift-relux/.temp/orch-loop-probe/demo-project/.temp/logwork/TASK-260715-1zix5s/-reviewer--reviewer--codex-.log
516	/Users/alexis/src/relux-works/skill-swift-relux/.temp/orch-loop-probe/demo-project/.temp/logwork/TASK-260715-ej266r/-analyst--researcher--codex-.log
204	/Users/alexis/src/relux-works/skill-swift-relux/.temp/orch-loop-probe/demo-project/.temp/logwork/TASK-260715-ej266r/-reviewer--reviewer--codex-.log
724	/Users/alexis/src/relux-works/skill-swift-relux/.temp/orch-loop-probe/demo-project/.temp/logwork/TASK-260715-17r8i9/-analyst--orchestrator--codex-.log
644	/Users/alexis/src/relux-works/skill-swift-relux/.temp/orch-loop-probe/demo-project/.temp/logwork/TASK-260715-20iwb4/-analyst--solution-architect--codex-.log
332	/Users/alexis/src/relux-works/skill-swift-relux/.temp/orch-loop-probe/demo-project/.temp/logwork/TASK-260715-20iwb4/-reviewer--reviewer--codex-.log
--- board ---
summary:{"active":[{"id":"EPIC-260715-hb60an","name":"wordstats-cli","status":"development"},{"id":"STORY-260715-18orjv","name":"behavior-contract","status":"reviewing"},{"id":"TASK-260715-ci3o2j","name":"define-cli-output-error-contract","status":"reviewing"},{"id":"TASK-260715-ej266r","name":"define-counting-normalization-contract","status":"reviewing"},{"id":"STORY-260715-2rp9r2","name":"stats-engine","status":"development"},{"id":"TASK-260715-1zix5s","name":"initialize-go-module","status":"development"},{"id":"STORY-260715-l2vzgc","name":"orchestration","status":"analysis"},{"id":"TASK-260715-17r8i9","name":"orchestrate-wordstats-delivery","status":"analysis"}],"blocked":[{"blockedBy":["STORY-260715-18orjv","STORY-260715-nb3xui"],"id":"STORY-260715-1tdoj1","name":"user-documentation"},{"blockedBy":["TASK-260715-ci3o2j","TASK-260715-3pofvo"],"id":"TASK-260715-3fq1lx","name":"document-wordstats-usage-tools"},{"blockedBy":["STORY-260715-18orjv"],"id":"STORY-260715-2rp9r2","name":"stats-engine"},{"blockedBy":["TASK-260715-ej266r","TASK-260715-1zix5s"],"id":"TASK-260715-2bocgg","name":"implement-counting-logic"},{"blockedBy":["TASK-260715-ej266r","TASK-260715-1zix5s"],"id":"TASK-260715-erqnfs","name":"implement-top-words-logic"},{"blockedBy":["STORY-260715-18orjv","STORY-260715-2rp9r2","STORY-260715-nb3xui"],"id":"STORY-260715-3ni02s","name":"automated-verification"},{"blockedBy":["TASK-260715-ej266r","TASK-260715-erqnfs"],"id":"TASK-260715-25wdqr","name":"add-top-words-table-tests"},{"blockedBy":["TASK-260715-ej266r","TASK-260715-ci3o2j","TASK-260715-3pofvo"],"id":"TASK-260715-2lpg9c","name":"add-cli-contract-tests"},{"blockedBy":["TASK-260715-ej266r","TASK-260715-2bocgg"],"id":"TASK-260715-2r44i0","name":"add-counting-table-tests"},{"blockedBy":["STORY-260715-18orjv","STORY-260715-2rp9r2"],"id":"STORY-260715-nb3xui","name":"cli-application"},{"blockedBy":["TASK-260715-ci3o2j","TASK-260715-1zix5s"],"id":"TASK-260715-2rbap5","name":"implement-input-error-handling"},{"blockedBy":["TASK-260715-ci3o2j","TASK-260715-2bocgg","TASK-260715-erqnfs","TASK-260715-2rbap5"],"id":"TASK-260715-3pofvo","name":"implement-output-flag-orchestration"},{"blockedBy":["STORY-260715-3ni02s","STORY-260715-1tdoj1"],"id":"STORY-260715-oym9iz","name":"delivery-quality-gates"},{"blockedBy":["TASK-260715-2r44i0","TASK-260715-25wdqr","TASK-260715-2lpg9c","TASK-260715-3fq1lx"],"id":"TASK-260715-4y3dqa","name":"run-final-go-quality-gates"}],"byType":{"bug":{"total":0,"todo":0,"active":0,"done":0,"closed":0,"blocked":0},"epic":{"total":1,"todo":0,"active":1,"done":0,"closed":0,"blocked":0},"story":{"total":7,"todo":4,"active":3,"done":0,"closed":0,"blocked":0},"task":{"total":14,"todo":9,"active":4,"done":1,"closed":0,"blocked":0}}}
===== SAMPLE 11:49:12 (elapsed 143s) =====
--- runs ---
RUN-260715-0b8429 running ? ?
RUN-260715-1d29b1 completed ? ?
RUN-260715-219661 completed ? ?
RUN-260715-5c1e42 running ? ?
RUN-260715-76bdfa running ? ?
RUN-260715-91953c completed ? ?
RUN-260715-9b2f39 completed ? ?
RUN-260715-9eb74d running ? ?
RUN-260715-b3fa1a completed ? ?
RUN-260715-b8aa0d completed ? ?
RUN-260715-eed856 completed ? ?
--- log sizes (bytes) ---
1028	/Users/alexis/src/relux-works/skill-swift-relux/.temp/orch-loop-probe/demo-project/.temp/logwork/TASK-260715-ci3o2j/-analyst--researcher--codex-.log
196	/Users/alexis/src/relux-works/skill-swift-relux/.temp/orch-loop-probe/demo-project/.temp/logwork/TASK-260715-ci3o2j/-reviewer--reviewer--codex-.log
140	/Users/alexis/src/relux-works/skill-swift-relux/.temp/orch-loop-probe/demo-project/.temp/logwork/TASK-260715-1zix5s/-implementer--developer--codex-.log
260	/Users/alexis/src/relux-works/skill-swift-relux/.temp/orch-loop-probe/demo-project/.temp/logwork/TASK-260715-1zix5s/-reviewer--reviewer--codex-.log
516	/Users/alexis/src/relux-works/skill-swift-relux/.temp/orch-loop-probe/demo-project/.temp/logwork/TASK-260715-ej266r/-analyst--researcher--codex-.log
204	/Users/alexis/src/relux-works/skill-swift-relux/.temp/orch-loop-probe/demo-project/.temp/logwork/TASK-260715-ej266r/-reviewer--reviewer--codex-.log
724	/Users/alexis/src/relux-works/skill-swift-relux/.temp/orch-loop-probe/demo-project/.temp/logwork/TASK-260715-17r8i9/-analyst--orchestrator--codex-.log
644	/Users/alexis/src/relux-works/skill-swift-relux/.temp/orch-loop-probe/demo-project/.temp/logwork/TASK-260715-20iwb4/-analyst--solution-architect--codex-.log
332	/Users/alexis/src/relux-works/skill-swift-relux/.temp/orch-loop-probe/demo-project/.temp/logwork/TASK-260715-20iwb4/-reviewer--reviewer--codex-.log
--- board ---
summary:{"active":[{"id":"EPIC-260715-hb60an","name":"wordstats-cli","status":"development"},{"id":"STORY-260715-18orjv","name":"behavior-contract","status":"reviewing"},{"id":"TASK-260715-ci3o2j","name":"define-cli-output-error-contract","status":"reviewing"},{"id":"TASK-260715-ej266r","name":"define-counting-normalization-contract","status":"reviewing"},{"id":"STORY-260715-2rp9r2","name":"stats-engine","status":"development"},{"id":"TASK-260715-1zix5s","name":"initialize-go-module","status":"development"},{"id":"STORY-260715-l2vzgc","name":"orchestration","status":"analysis"},{"id":"TASK-260715-17r8i9","name":"orchestrate-wordstats-delivery","status":"analysis"}],"blocked":[{"blockedBy":["STORY-260715-18orjv","STORY-260715-nb3xui"],"id":"STORY-260715-1tdoj1","name":"user-documentation"},{"blockedBy":["TASK-260715-ci3o2j","TASK-260715-3pofvo"],"id":"TASK-260715-3fq1lx","name":"document-wordstats-usage-tools"},{"blockedBy":["STORY-260715-18orjv"],"id":"STORY-260715-2rp9r2","name":"stats-engine"},{"blockedBy":["TASK-260715-ej266r","TASK-260715-1zix5s"],"id":"TASK-260715-2bocgg","name":"implement-counting-logic"},{"blockedBy":["TASK-260715-ej266r","TASK-260715-1zix5s"],"id":"TASK-260715-erqnfs","name":"implement-top-words-logic"},{"blockedBy":["STORY-260715-18orjv","STORY-260715-2rp9r2","STORY-260715-nb3xui"],"id":"STORY-260715-3ni02s","name":"automated-verification"},{"blockedBy":["TASK-260715-ej266r","TASK-260715-erqnfs"],"id":"TASK-260715-25wdqr","name":"add-top-words-table-tests"},{"blockedBy":["TASK-260715-ej266r","TASK-260715-ci3o2j","TASK-260715-3pofvo"],"id":"TASK-260715-2lpg9c","name":"add-cli-contract-tests"},{"blockedBy":["TASK-260715-ej266r","TASK-260715-2bocgg"],"id":"TASK-260715-2r44i0","name":"add-counting-table-tests"},{"blockedBy":["STORY-260715-18orjv","STORY-260715-2rp9r2"],"id":"STORY-260715-nb3xui","name":"cli-application"},{"blockedBy":["TASK-260715-ci3o2j","TASK-260715-1zix5s"],"id":"TASK-260715-2rbap5","name":"implement-input-error-handling"},{"blockedBy":["TASK-260715-ci3o2j","TASK-260715-2bocgg","TASK-260715-erqnfs","TASK-260715-2rbap5"],"id":"TASK-260715-3pofvo","name":"implement-output-flag-orchestration"},{"blockedBy":["STORY-260715-3ni02s","STORY-260715-1tdoj1"],"id":"STORY-260715-oym9iz","name":"delivery-quality-gates"},{"blockedBy":["TASK-260715-2r44i0","TASK-260715-25wdqr","TASK-260715-2lpg9c","TASK-260715-3fq1lx"],"id":"TASK-260715-4y3dqa","name":"run-final-go-quality-gates"}],"byType":{"bug":{"total":0,"todo":0,"active":0,"done":0,"closed":0,"blocked":0},"epic":{"total":1,"todo":0,"active":1,"done":0,"closed":0,"blocked":0},"story":{"total":7,"todo":4,"active":3,"done":0,"closed":0,"blocked":0},"task":{"total":14,"todo":9,"active":4,"done":1,"closed":0,"blocked":0}}}
===== SAMPLE 11:49:32 (elapsed 163s) =====
--- runs ---
RUN-260715-0b8429 running ? ?
RUN-260715-1d29b1 completed ? ?
RUN-260715-219661 completed ? ?
RUN-260715-5c1e42 running ? ?
RUN-260715-76bdfa running ? ?
RUN-260715-91953c completed ? ?
RUN-260715-9b2f39 completed ? ?
RUN-260715-9eb74d running ? ?
RUN-260715-b3fa1a completed ? ?
RUN-260715-b8aa0d completed ? ?
RUN-260715-eed856 completed ? ?
--- log sizes (bytes) ---
1028	/Users/alexis/src/relux-works/skill-swift-relux/.temp/orch-loop-probe/demo-project/.temp/logwork/TASK-260715-ci3o2j/-analyst--researcher--codex-.log
324	/Users/alexis/src/relux-works/skill-swift-relux/.temp/orch-loop-probe/demo-project/.temp/logwork/TASK-260715-ci3o2j/-reviewer--reviewer--codex-.log
140	/Users/alexis/src/relux-works/skill-swift-relux/.temp/orch-loop-probe/demo-project/.temp/logwork/TASK-260715-1zix5s/-implementer--developer--codex-.log
260	/Users/alexis/src/relux-works/skill-swift-relux/.temp/orch-loop-probe/demo-project/.temp/logwork/TASK-260715-1zix5s/-reviewer--reviewer--codex-.log
516	/Users/alexis/src/relux-works/skill-swift-relux/.temp/orch-loop-probe/demo-project/.temp/logwork/TASK-260715-ej266r/-analyst--researcher--codex-.log
204	/Users/alexis/src/relux-works/skill-swift-relux/.temp/orch-loop-probe/demo-project/.temp/logwork/TASK-260715-ej266r/-reviewer--reviewer--codex-.log
724	/Users/alexis/src/relux-works/skill-swift-relux/.temp/orch-loop-probe/demo-project/.temp/logwork/TASK-260715-17r8i9/-analyst--orchestrator--codex-.log
644	/Users/alexis/src/relux-works/skill-swift-relux/.temp/orch-loop-probe/demo-project/.temp/logwork/TASK-260715-20iwb4/-analyst--solution-architect--codex-.log
332	/Users/alexis/src/relux-works/skill-swift-relux/.temp/orch-loop-probe/demo-project/.temp/logwork/TASK-260715-20iwb4/-reviewer--reviewer--codex-.log
--- board ---
summary:{"active":[{"id":"EPIC-260715-hb60an","name":"wordstats-cli","status":"development"},{"id":"STORY-260715-18orjv","name":"behavior-contract","status":"reviewing"},{"id":"TASK-260715-ci3o2j","name":"define-cli-output-error-contract","status":"reviewing"},{"id":"TASK-260715-ej266r","name":"define-counting-normalization-contract","status":"reviewing"},{"id":"STORY-260715-2rp9r2","name":"stats-engine","status":"development"},{"id":"TASK-260715-1zix5s","name":"initialize-go-module","status":"development"},{"id":"STORY-260715-l2vzgc","name":"orchestration","status":"analysis"},{"id":"TASK-260715-17r8i9","name":"orchestrate-wordstats-delivery","status":"analysis"}],"blocked":[{"blockedBy":["STORY-260715-18orjv","STORY-260715-nb3xui"],"id":"STORY-260715-1tdoj1","name":"user-documentation"},{"blockedBy":["TASK-260715-ci3o2j","TASK-260715-3pofvo"],"id":"TASK-260715-3fq1lx","name":"document-wordstats-usage-tools"},{"blockedBy":["STORY-260715-18orjv"],"id":"STORY-260715-2rp9r2","name":"stats-engine"},{"blockedBy":["TASK-260715-ej266r","TASK-260715-1zix5s"],"id":"TASK-260715-2bocgg","name":"implement-counting-logic"},{"blockedBy":["TASK-260715-ej266r","TASK-260715-1zix5s"],"id":"TASK-260715-erqnfs","name":"implement-top-words-logic"},{"blockedBy":["STORY-260715-18orjv","STORY-260715-2rp9r2","STORY-260715-nb3xui"],"id":"STORY-260715-3ni02s","name":"automated-verification"},{"blockedBy":["TASK-260715-ej266r","TASK-260715-erqnfs"],"id":"TASK-260715-25wdqr","name":"add-top-words-table-tests"},{"blockedBy":["TASK-260715-ej266r","TASK-260715-ci3o2j","TASK-260715-3pofvo"],"id":"TASK-260715-2lpg9c","name":"add-cli-contract-tests"},{"blockedBy":["TASK-260715-ej266r","TASK-260715-2bocgg"],"id":"TASK-260715-2r44i0","name":"add-counting-table-tests"},{"blockedBy":["STORY-260715-18orjv","STORY-260715-2rp9r2"],"id":"STORY-260715-nb3xui","name":"cli-application"},{"blockedBy":["TASK-260715-ci3o2j","TASK-260715-1zix5s"],"id":"TASK-260715-2rbap5","name":"implement-input-error-handling"},{"blockedBy":["TASK-260715-ci3o2j","TASK-260715-2bocgg","TASK-260715-erqnfs","TASK-260715-2rbap5"],"id":"TASK-260715-3pofvo","name":"implement-output-flag-orchestration"},{"blockedBy":["STORY-260715-3ni02s","STORY-260715-1tdoj1"],"id":"STORY-260715-oym9iz","name":"delivery-quality-gates"},{"blockedBy":["TASK-260715-2r44i0","TASK-260715-25wdqr","TASK-260715-2lpg9c","TASK-260715-3fq1lx"],"id":"TASK-260715-4y3dqa","name":"run-final-go-quality-gates"}],"byType":{"bug":{"total":0,"todo":0,"active":0,"done":0,"closed":0,"blocked":0},"epic":{"total":1,"todo":0,"active":1,"done":0,"closed":0,"blocked":0},"story":{"total":7,"todo":4,"active":3,"done":0,"closed":0,"blocked":0},"task":{"total":14,"todo":9,"active":4,"done":1,"closed":0,"blocked":0}}}
===== SAMPLE 11:49:52 (elapsed 183s) =====
--- runs ---
RUN-260715-0b8429 running ? ?
RUN-260715-1d29b1 completed ? ?
RUN-260715-219661 completed ? ?
RUN-260715-5c1e42 running ? ?
RUN-260715-76bdfa running ? ?
RUN-260715-91953c completed ? ?
RUN-260715-9b2f39 completed ? ?
RUN-260715-9eb74d running ? ?
RUN-260715-b3fa1a completed ? ?
RUN-260715-b8aa0d completed ? ?
RUN-260715-eed856 completed ? ?
--- log sizes (bytes) ---
1028	/Users/alexis/src/relux-works/skill-swift-relux/.temp/orch-loop-probe/demo-project/.temp/logwork/TASK-260715-ci3o2j/-analyst--researcher--codex-.log
324	/Users/alexis/src/relux-works/skill-swift-relux/.temp/orch-loop-probe/demo-project/.temp/logwork/TASK-260715-ci3o2j/-reviewer--reviewer--codex-.log
140	/Users/alexis/src/relux-works/skill-swift-relux/.temp/orch-loop-probe/demo-project/.temp/logwork/TASK-260715-1zix5s/-implementer--developer--codex-.log
260	/Users/alexis/src/relux-works/skill-swift-relux/.temp/orch-loop-probe/demo-project/.temp/logwork/TASK-260715-1zix5s/-reviewer--reviewer--codex-.log
516	/Users/alexis/src/relux-works/skill-swift-relux/.temp/orch-loop-probe/demo-project/.temp/logwork/TASK-260715-ej266r/-analyst--researcher--codex-.log
204	/Users/alexis/src/relux-works/skill-swift-relux/.temp/orch-loop-probe/demo-project/.temp/logwork/TASK-260715-ej266r/-reviewer--reviewer--codex-.log
724	/Users/alexis/src/relux-works/skill-swift-relux/.temp/orch-loop-probe/demo-project/.temp/logwork/TASK-260715-17r8i9/-analyst--orchestrator--codex-.log
644	/Users/alexis/src/relux-works/skill-swift-relux/.temp/orch-loop-probe/demo-project/.temp/logwork/TASK-260715-20iwb4/-analyst--solution-architect--codex-.log
332	/Users/alexis/src/relux-works/skill-swift-relux/.temp/orch-loop-probe/demo-project/.temp/logwork/TASK-260715-20iwb4/-reviewer--reviewer--codex-.log
--- board ---
summary:{"active":[{"id":"EPIC-260715-hb60an","name":"wordstats-cli","status":"development"},{"id":"STORY-260715-18orjv","name":"behavior-contract","status":"reviewing"},{"id":"TASK-260715-ci3o2j","name":"define-cli-output-error-contract","status":"reviewing"},{"id":"STORY-260715-2rp9r2","name":"stats-engine","status":"development"},{"id":"TASK-260715-1zix5s","name":"initialize-go-module","status":"development"},{"id":"STORY-260715-l2vzgc","name":"orchestration","status":"analysis"},{"id":"TASK-260715-17r8i9","name":"orchestrate-wordstats-delivery","status":"analysis"}],"blocked":[{"blockedBy":["STORY-260715-18orjv","STORY-260715-nb3xui"],"id":"STORY-260715-1tdoj1","name":"user-documentation"},{"blockedBy":["TASK-260715-ci3o2j","TASK-260715-3pofvo"],"id":"TASK-260715-3fq1lx","name":"document-wordstats-usage-tools"},{"blockedBy":["STORY-260715-18orjv"],"id":"STORY-260715-2rp9r2","name":"stats-engine"},{"blockedBy":["TASK-260715-1zix5s"],"id":"TASK-260715-2bocgg","name":"implement-counting-logic"},{"blockedBy":["TASK-260715-1zix5s"],"id":"TASK-260715-erqnfs","name":"implement-top-words-logic"},{"blockedBy":["STORY-260715-18orjv","STORY-260715-2rp9r2","STORY-260715-nb3xui"],"id":"STORY-260715-3ni02s","name":"automated-verification"},{"blockedBy":["TASK-260715-erqnfs"],"id":"TASK-260715-25wdqr","name":"add-top-words-table-tests"},{"blockedBy":["TASK-260715-ci3o2j","TASK-260715-3pofvo"],"id":"TASK-260715-2lpg9c","name":"add-cli-contract-tests"},{"blockedBy":["TASK-260715-2bocgg"],"id":"TASK-260715-2r44i0","name":"add-counting-table-tests"},{"blockedBy":["STORY-260715-18orjv","STORY-260715-2rp9r2"],"id":"STORY-260715-nb3xui","name":"cli-application"},{"blockedBy":["TASK-260715-ci3o2j","TASK-260715-1zix5s"],"id":"TASK-260715-2rbap5","name":"implement-input-error-handling"},{"blockedBy":["TASK-260715-ci3o2j","TASK-260715-2bocgg","TASK-260715-erqnfs","TASK-260715-2rbap5"],"id":"TASK-260715-3pofvo","name":"implement-output-flag-orchestration"},{"blockedBy":["STORY-260715-3ni02s","STORY-260715-1tdoj1"],"id":"STORY-260715-oym9iz","name":"delivery-quality-gates"},{"blockedBy":["TASK-260715-2r44i0","TASK-260715-25wdqr","TASK-260715-2lpg9c","TASK-260715-3fq1lx"],"id":"TASK-260715-4y3dqa","name":"run-final-go-quality-gates"}],"byType":{"bug":{"total":0,"todo":0,"active":0,"done":0,"closed":0,"blocked":0},"epic":{"total":1,"todo":0,"active":1,"done":0,"closed":0,"blocked":0},"story":{"total":7,"todo":4,"active":3,"done":0,"closed":0,"blocked":0},"task":{"total":14,"todo":9,"active":3,"done":2,"closed":0,"blocked":0}}}
===== SAMPLE 11:50:13 (elapsed 204s) =====
--- runs ---
RUN-260715-0b8429 running ? ?
RUN-260715-1d29b1 completed ? ?
RUN-260715-219661 completed ? ?
RUN-260715-5c1e42 running ? ?
RUN-260715-76bdfa completed ? ?
RUN-260715-91953c completed ? ?
RUN-260715-9b2f39 completed ? ?
RUN-260715-9eb74d running ? ?
RUN-260715-b3fa1a completed ? ?
RUN-260715-b8aa0d completed ? ?
RUN-260715-eed856 completed ? ?
--- log sizes (bytes) ---
1028	/Users/alexis/src/relux-works/skill-swift-relux/.temp/orch-loop-probe/demo-project/.temp/logwork/TASK-260715-ci3o2j/-analyst--researcher--codex-.log
324	/Users/alexis/src/relux-works/skill-swift-relux/.temp/orch-loop-probe/demo-project/.temp/logwork/TASK-260715-ci3o2j/-reviewer--reviewer--codex-.log
140	/Users/alexis/src/relux-works/skill-swift-relux/.temp/orch-loop-probe/demo-project/.temp/logwork/TASK-260715-1zix5s/-implementer--developer--codex-.log
260	/Users/alexis/src/relux-works/skill-swift-relux/.temp/orch-loop-probe/demo-project/.temp/logwork/TASK-260715-1zix5s/-reviewer--reviewer--codex-.log
516	/Users/alexis/src/relux-works/skill-swift-relux/.temp/orch-loop-probe/demo-project/.temp/logwork/TASK-260715-ej266r/-analyst--researcher--codex-.log
204	/Users/alexis/src/relux-works/skill-swift-relux/.temp/orch-loop-probe/demo-project/.temp/logwork/TASK-260715-ej266r/-reviewer--reviewer--codex-.log
724	/Users/alexis/src/relux-works/skill-swift-relux/.temp/orch-loop-probe/demo-project/.temp/logwork/TASK-260715-17r8i9/-analyst--orchestrator--codex-.log
644	/Users/alexis/src/relux-works/skill-swift-relux/.temp/orch-loop-probe/demo-project/.temp/logwork/TASK-260715-20iwb4/-analyst--solution-architect--codex-.log
332	/Users/alexis/src/relux-works/skill-swift-relux/.temp/orch-loop-probe/demo-project/.temp/logwork/TASK-260715-20iwb4/-reviewer--reviewer--codex-.log
--- board ---
summary:{"active":[{"id":"EPIC-260715-hb60an","name":"wordstats-cli","status":"development"},{"id":"STORY-260715-18orjv","name":"behavior-contract","status":"reviewing"},{"id":"TASK-260715-ci3o2j","name":"define-cli-output-error-contract","status":"reviewing"},{"id":"STORY-260715-2rp9r2","name":"stats-engine","status":"development"},{"id":"TASK-260715-1zix5s","name":"initialize-go-module","status":"development"},{"id":"STORY-260715-l2vzgc","name":"orchestration","status":"analysis"},{"id":"TASK-260715-17r8i9","name":"orchestrate-wordstats-delivery","status":"analysis"}],"blocked":[{"blockedBy":["STORY-260715-18orjv","STORY-260715-nb3xui"],"id":"STORY-260715-1tdoj1","name":"user-documentation"},{"blockedBy":["TASK-260715-ci3o2j","TASK-260715-3pofvo"],"id":"TASK-260715-3fq1lx","name":"document-wordstats-usage-tools"},{"blockedBy":["STORY-260715-18orjv"],"id":"STORY-260715-2rp9r2","name":"stats-engine"},{"blockedBy":["TASK-260715-1zix5s"],"id":"TASK-260715-2bocgg","name":"implement-counting-logic"},{"blockedBy":["TASK-260715-1zix5s"],"id":"TASK-260715-erqnfs","name":"implement-top-words-logic"},{"blockedBy":["STORY-260715-18orjv","STORY-260715-2rp9r2","STORY-260715-nb3xui"],"id":"STORY-260715-3ni02s","name":"automated-verification"},{"blockedBy":["TASK-260715-erqnfs"],"id":"TASK-260715-25wdqr","name":"add-top-words-table-tests"},{"blockedBy":["TASK-260715-ci3o2j","TASK-260715-3pofvo"],"id":"TASK-260715-2lpg9c","name":"add-cli-contract-tests"},{"blockedBy":["TASK-260715-2bocgg"],"id":"TASK-260715-2r44i0","name":"add-counting-table-tests"},{"blockedBy":["STORY-260715-18orjv","STORY-260715-2rp9r2"],"id":"STORY-260715-nb3xui","name":"cli-application"},{"blockedBy":["TASK-260715-ci3o2j","TASK-260715-1zix5s"],"id":"TASK-260715-2rbap5","name":"implement-input-error-handling"},{"blockedBy":["TASK-260715-ci3o2j","TASK-260715-2bocgg","TASK-260715-erqnfs","TASK-260715-2rbap5"],"id":"TASK-260715-3pofvo","name":"implement-output-flag-orchestration"},{"blockedBy":["STORY-260715-3ni02s","STORY-260715-1tdoj1"],"id":"STORY-260715-oym9iz","name":"delivery-quality-gates"},{"blockedBy":["TASK-260715-2r44i0","TASK-260715-25wdqr","TASK-260715-2lpg9c","TASK-260715-3fq1lx"],"id":"TASK-260715-4y3dqa","name":"run-final-go-quality-gates"}],"byType":{"bug":{"total":0,"todo":0,"active":0,"done":0,"closed":0,"blocked":0},"epic":{"total":1,"todo":0,"active":1,"done":0,"closed":0,"blocked":0},"story":{"total":7,"todo":4,"active":3,"done":0,"closed":0,"blocked":0},"task":{"total":14,"todo":9,"active":3,"done":2,"closed":0,"blocked":0}}}
===== SAMPLE 11:50:33 (elapsed 224s) =====
--- runs ---
RUN-260715-0b8429 running ? ?
RUN-260715-1d29b1 completed ? ?
RUN-260715-219661 completed ? ?
RUN-260715-5c1e42 running ? ?
RUN-260715-76bdfa completed ? ?
RUN-260715-91953c completed ? ?
RUN-260715-9b2f39 completed ? ?
RUN-260715-9eb74d running ? ?
RUN-260715-b3fa1a completed ? ?
RUN-260715-b8aa0d completed ? ?
RUN-260715-eed856 completed ? ?
--- log sizes (bytes) ---
1028	/Users/alexis/src/relux-works/skill-swift-relux/.temp/orch-loop-probe/demo-project/.temp/logwork/TASK-260715-ci3o2j/-analyst--researcher--codex-.log
324	/Users/alexis/src/relux-works/skill-swift-relux/.temp/orch-loop-probe/demo-project/.temp/logwork/TASK-260715-ci3o2j/-reviewer--reviewer--codex-.log
140	/Users/alexis/src/relux-works/skill-swift-relux/.temp/orch-loop-probe/demo-project/.temp/logwork/TASK-260715-1zix5s/-implementer--developer--codex-.log
260	/Users/alexis/src/relux-works/skill-swift-relux/.temp/orch-loop-probe/demo-project/.temp/logwork/TASK-260715-1zix5s/-reviewer--reviewer--codex-.log
516	/Users/alexis/src/relux-works/skill-swift-relux/.temp/orch-loop-probe/demo-project/.temp/logwork/TASK-260715-ej266r/-analyst--researcher--codex-.log
204	/Users/alexis/src/relux-works/skill-swift-relux/.temp/orch-loop-probe/demo-project/.temp/logwork/TASK-260715-ej266r/-reviewer--reviewer--codex-.log
724	/Users/alexis/src/relux-works/skill-swift-relux/.temp/orch-loop-probe/demo-project/.temp/logwork/TASK-260715-17r8i9/-analyst--orchestrator--codex-.log
644	/Users/alexis/src/relux-works/skill-swift-relux/.temp/orch-loop-probe/demo-project/.temp/logwork/TASK-260715-20iwb4/-analyst--solution-architect--codex-.log
332	/Users/alexis/src/relux-works/skill-swift-relux/.temp/orch-loop-probe/demo-project/.temp/logwork/TASK-260715-20iwb4/-reviewer--reviewer--codex-.log
--- board ---
summary:{"active":[{"id":"EPIC-260715-hb60an","name":"wordstats-cli","status":"development"},{"id":"STORY-260715-18orjv","name":"behavior-contract","status":"reviewing"},{"id":"TASK-260715-ci3o2j","name":"define-cli-output-error-contract","status":"reviewing"},{"id":"STORY-260715-2rp9r2","name":"stats-engine","status":"development"},{"id":"TASK-260715-1zix5s","name":"initialize-go-module","status":"development"},{"id":"STORY-260715-l2vzgc","name":"orchestration","status":"analysis"},{"id":"TASK-260715-17r8i9","name":"orchestrate-wordstats-delivery","status":"analysis"}],"blocked":[{"blockedBy":["STORY-260715-18orjv","STORY-260715-nb3xui"],"id":"STORY-260715-1tdoj1","name":"user-documentation"},{"blockedBy":["TASK-260715-ci3o2j","TASK-260715-3pofvo"],"id":"TASK-260715-3fq1lx","name":"document-wordstats-usage-tools"},{"blockedBy":["STORY-260715-18orjv"],"id":"STORY-260715-2rp9r2","name":"stats-engine"},{"blockedBy":["TASK-260715-1zix5s"],"id":"TASK-260715-2bocgg","name":"implement-counting-logic"},{"blockedBy":["TASK-260715-1zix5s"],"id":"TASK-260715-erqnfs","name":"implement-top-words-logic"},{"blockedBy":["STORY-260715-18orjv","STORY-260715-2rp9r2","STORY-260715-nb3xui"],"id":"STORY-260715-3ni02s","name":"automated-verification"},{"blockedBy":["TASK-260715-erqnfs"],"id":"TASK-260715-25wdqr","name":"add-top-words-table-tests"},{"blockedBy":["TASK-260715-ci3o2j","TASK-260715-3pofvo"],"id":"TASK-260715-2lpg9c","name":"add-cli-contract-tests"},{"blockedBy":["TASK-260715-2bocgg"],"id":"TASK-260715-2r44i0","name":"add-counting-table-tests"},{"blockedBy":["STORY-260715-18orjv","STORY-260715-2rp9r2"],"id":"STORY-260715-nb3xui","name":"cli-application"},{"blockedBy":["TASK-260715-ci3o2j","TASK-260715-1zix5s"],"id":"TASK-260715-2rbap5","name":"implement-input-error-handling"},{"blockedBy":["TASK-260715-ci3o2j","TASK-260715-2bocgg","TASK-260715-erqnfs","TASK-260715-2rbap5"],"id":"TASK-260715-3pofvo","name":"implement-output-flag-orchestration"},{"blockedBy":["STORY-260715-3ni02s","STORY-260715-1tdoj1"],"id":"STORY-260715-oym9iz","name":"delivery-quality-gates"},{"blockedBy":["TASK-260715-2r44i0","TASK-260715-25wdqr","TASK-260715-2lpg9c","TASK-260715-3fq1lx"],"id":"TASK-260715-4y3dqa","name":"run-final-go-quality-gates"}],"byType":{"bug":{"total":0,"todo":0,"active":0,"done":0,"closed":0,"blocked":0},"epic":{"total":1,"todo":0,"active":1,"done":0,"closed":0,"blocked":0},"story":{"total":7,"todo":4,"active":3,"done":0,"closed":0,"blocked":0},"task":{"total":14,"todo":9,"active":3,"done":2,"closed":0,"blocked":0}}}
===== SAMPLE 11:50:54 (elapsed 245s) =====
--- runs ---
RUN-260715-0b8429 running ? ?
RUN-260715-1d29b1 completed ? ?
RUN-260715-219661 completed ? ?
RUN-260715-5c1e42 running ? ?
RUN-260715-76bdfa completed ? ?
RUN-260715-91953c completed ? ?
RUN-260715-9b2f39 completed ? ?
RUN-260715-9eb74d running ? ?
RUN-260715-b3fa1a completed ? ?
RUN-260715-b8aa0d completed ? ?
RUN-260715-eed856 completed ? ?
--- log sizes (bytes) ---
1028	/Users/alexis/src/relux-works/skill-swift-relux/.temp/orch-loop-probe/demo-project/.temp/logwork/TASK-260715-ci3o2j/-analyst--researcher--codex-.log
324	/Users/alexis/src/relux-works/skill-swift-relux/.temp/orch-loop-probe/demo-project/.temp/logwork/TASK-260715-ci3o2j/-reviewer--reviewer--codex-.log
140	/Users/alexis/src/relux-works/skill-swift-relux/.temp/orch-loop-probe/demo-project/.temp/logwork/TASK-260715-1zix5s/-implementer--developer--codex-.log
260	/Users/alexis/src/relux-works/skill-swift-relux/.temp/orch-loop-probe/demo-project/.temp/logwork/TASK-260715-1zix5s/-reviewer--reviewer--codex-.log
516	/Users/alexis/src/relux-works/skill-swift-relux/.temp/orch-loop-probe/demo-project/.temp/logwork/TASK-260715-ej266r/-analyst--researcher--codex-.log
204	/Users/alexis/src/relux-works/skill-swift-relux/.temp/orch-loop-probe/demo-project/.temp/logwork/TASK-260715-ej266r/-reviewer--reviewer--codex-.log
724	/Users/alexis/src/relux-works/skill-swift-relux/.temp/orch-loop-probe/demo-project/.temp/logwork/TASK-260715-17r8i9/-analyst--orchestrator--codex-.log
644	/Users/alexis/src/relux-works/skill-swift-relux/.temp/orch-loop-probe/demo-project/.temp/logwork/TASK-260715-20iwb4/-analyst--solution-architect--codex-.log
332	/Users/alexis/src/relux-works/skill-swift-relux/.temp/orch-loop-probe/demo-project/.temp/logwork/TASK-260715-20iwb4/-reviewer--reviewer--codex-.log
--- board ---
summary:{"active":[{"id":"EPIC-260715-hb60an","name":"wordstats-cli","status":"development"},{"id":"STORY-260715-18orjv","name":"behavior-contract","status":"reviewing"},{"id":"TASK-260715-ci3o2j","name":"define-cli-output-error-contract","status":"reviewing"},{"id":"STORY-260715-2rp9r2","name":"stats-engine","status":"development"},{"id":"TASK-260715-1zix5s","name":"initialize-go-module","status":"development"},{"id":"STORY-260715-l2vzgc","name":"orchestration","status":"analysis"},{"id":"TASK-260715-17r8i9","name":"orchestrate-wordstats-delivery","status":"analysis"}],"blocked":[{"blockedBy":["STORY-260715-18orjv","STORY-260715-nb3xui"],"id":"STORY-260715-1tdoj1","name":"user-documentation"},{"blockedBy":["TASK-260715-ci3o2j","TASK-260715-3pofvo"],"id":"TASK-260715-3fq1lx","name":"document-wordstats-usage-tools"},{"blockedBy":["STORY-260715-18orjv"],"id":"STORY-260715-2rp9r2","name":"stats-engine"},{"blockedBy":["TASK-260715-1zix5s"],"id":"TASK-260715-2bocgg","name":"implement-counting-logic"},{"blockedBy":["TASK-260715-1zix5s"],"id":"TASK-260715-erqnfs","name":"implement-top-words-logic"},{"blockedBy":["STORY-260715-18orjv","STORY-260715-2rp9r2","STORY-260715-nb3xui"],"id":"STORY-260715-3ni02s","name":"automated-verification"},{"blockedBy":["TASK-260715-erqnfs"],"id":"TASK-260715-25wdqr","name":"add-top-words-table-tests"},{"blockedBy":["TASK-260715-ci3o2j","TASK-260715-3pofvo"],"id":"TASK-260715-2lpg9c","name":"add-cli-contract-tests"},{"blockedBy":["TASK-260715-2bocgg"],"id":"TASK-260715-2r44i0","name":"add-counting-table-tests"},{"blockedBy":["STORY-260715-18orjv","STORY-260715-2rp9r2"],"id":"STORY-260715-nb3xui","name":"cli-application"},{"blockedBy":["TASK-260715-ci3o2j","TASK-260715-1zix5s"],"id":"TASK-260715-2rbap5","name":"implement-input-error-handling"},{"blockedBy":["TASK-260715-ci3o2j","TASK-260715-2bocgg","TASK-260715-erqnfs","TASK-260715-2rbap5"],"id":"TASK-260715-3pofvo","name":"implement-output-flag-orchestration"},{"blockedBy":["STORY-260715-3ni02s","STORY-260715-1tdoj1"],"id":"STORY-260715-oym9iz","name":"delivery-quality-gates"},{"blockedBy":["TASK-260715-2r44i0","TASK-260715-25wdqr","TASK-260715-2lpg9c","TASK-260715-3fq1lx"],"id":"TASK-260715-4y3dqa","name":"run-final-go-quality-gates"}],"byType":{"bug":{"total":0,"todo":0,"active":0,"done":0,"closed":0,"blocked":0},"epic":{"total":1,"todo":0,"active":1,"done":0,"closed":0,"blocked":0},"story":{"total":7,"todo":4,"active":3,"done":0,"closed":0,"blocked":0},"task":{"total":14,"todo":9,"active":3,"done":2,"closed":0,"blocked":0}}}
===== SAMPLE 11:51:14 (elapsed 265s) =====
--- runs ---
RUN-260715-0b8429 running ? ?
RUN-260715-1d29b1 completed ? ?
RUN-260715-219661 completed ? ?
RUN-260715-5c1e42 running ? ?
RUN-260715-76bdfa completed ? ?
RUN-260715-91953c completed ? ?
RUN-260715-9b2f39 completed ? ?
RUN-260715-9eb74d running ? ?
RUN-260715-b3fa1a completed ? ?
RUN-260715-b8aa0d completed ? ?
RUN-260715-eed856 completed ? ?
--- log sizes (bytes) ---
1028	/Users/alexis/src/relux-works/skill-swift-relux/.temp/orch-loop-probe/demo-project/.temp/logwork/TASK-260715-ci3o2j/-analyst--researcher--codex-.log
324	/Users/alexis/src/relux-works/skill-swift-relux/.temp/orch-loop-probe/demo-project/.temp/logwork/TASK-260715-ci3o2j/-reviewer--reviewer--codex-.log
140	/Users/alexis/src/relux-works/skill-swift-relux/.temp/orch-loop-probe/demo-project/.temp/logwork/TASK-260715-1zix5s/-implementer--developer--codex-.log
260	/Users/alexis/src/relux-works/skill-swift-relux/.temp/orch-loop-probe/demo-project/.temp/logwork/TASK-260715-1zix5s/-reviewer--reviewer--codex-.log
516	/Users/alexis/src/relux-works/skill-swift-relux/.temp/orch-loop-probe/demo-project/.temp/logwork/TASK-260715-ej266r/-analyst--researcher--codex-.log
204	/Users/alexis/src/relux-works/skill-swift-relux/.temp/orch-loop-probe/demo-project/.temp/logwork/TASK-260715-ej266r/-reviewer--reviewer--codex-.log
724	/Users/alexis/src/relux-works/skill-swift-relux/.temp/orch-loop-probe/demo-project/.temp/logwork/TASK-260715-17r8i9/-analyst--orchestrator--codex-.log
644	/Users/alexis/src/relux-works/skill-swift-relux/.temp/orch-loop-probe/demo-project/.temp/logwork/TASK-260715-20iwb4/-analyst--solution-architect--codex-.log
332	/Users/alexis/src/relux-works/skill-swift-relux/.temp/orch-loop-probe/demo-project/.temp/logwork/TASK-260715-20iwb4/-reviewer--reviewer--codex-.log
--- board ---
summary:{"active":[{"id":"EPIC-260715-hb60an","name":"wordstats-cli","status":"development"},{"id":"STORY-260715-18orjv","name":"behavior-contract","status":"reviewing"},{"id":"TASK-260715-ci3o2j","name":"define-cli-output-error-contract","status":"reviewing"},{"id":"STORY-260715-2rp9r2","name":"stats-engine","status":"development"},{"id":"TASK-260715-1zix5s","name":"initialize-go-module","status":"development"},{"id":"STORY-260715-l2vzgc","name":"orchestration","status":"analysis"},{"id":"TASK-260715-17r8i9","name":"orchestrate-wordstats-delivery","status":"analysis"}],"blocked":[{"blockedBy":["STORY-260715-18orjv","STORY-260715-nb3xui"],"id":"STORY-260715-1tdoj1","name":"user-documentation"},{"blockedBy":["TASK-260715-ci3o2j","TASK-260715-3pofvo"],"id":"TASK-260715-3fq1lx","name":"document-wordstats-usage-tools"},{"blockedBy":["STORY-260715-18orjv"],"id":"STORY-260715-2rp9r2","name":"stats-engine"},{"blockedBy":["TASK-260715-1zix5s"],"id":"TASK-260715-2bocgg","name":"implement-counting-logic"},{"blockedBy":["TASK-260715-1zix5s"],"id":"TASK-260715-erqnfs","name":"implement-top-words-logic"},{"blockedBy":["STORY-260715-18orjv","STORY-260715-2rp9r2","STORY-260715-nb3xui"],"id":"STORY-260715-3ni02s","name":"automated-verification"},{"blockedBy":["TASK-260715-erqnfs"],"id":"TASK-260715-25wdqr","name":"add-top-words-table-tests"},{"blockedBy":["TASK-260715-ci3o2j","TASK-260715-3pofvo"],"id":"TASK-260715-2lpg9c","name":"add-cli-contract-tests"},{"blockedBy":["TASK-260715-2bocgg"],"id":"TASK-260715-2r44i0","name":"add-counting-table-tests"},{"blockedBy":["STORY-260715-18orjv","STORY-260715-2rp9r2"],"id":"STORY-260715-nb3xui","name":"cli-application"},{"blockedBy":["TASK-260715-ci3o2j","TASK-260715-1zix5s"],"id":"TASK-260715-2rbap5","name":"implement-input-error-handling"},{"blockedBy":["TASK-260715-ci3o2j","TASK-260715-2bocgg","TASK-260715-erqnfs","TASK-260715-2rbap5"],"id":"TASK-260715-3pofvo","name":"implement-output-flag-orchestration"},{"blockedBy":["STORY-260715-3ni02s","STORY-260715-1tdoj1"],"id":"STORY-260715-oym9iz","name":"delivery-quality-gates"},{"blockedBy":["TASK-260715-2r44i0","TASK-260715-25wdqr","TASK-260715-2lpg9c","TASK-260715-3fq1lx"],"id":"TASK-260715-4y3dqa","name":"run-final-go-quality-gates"}],"byType":{"bug":{"total":0,"todo":0,"active":0,"done":0,"closed":0,"blocked":0},"epic":{"total":1,"todo":0,"active":1,"done":0,"closed":0,"blocked":0},"story":{"total":7,"todo":4,"active":3,"done":0,"closed":0,"blocked":0},"task":{"total":14,"todo":9,"active":3,"done":2,"closed":0,"blocked":0}}}
===== SAMPLE 11:51:34 (elapsed 285s) =====
--- runs ---
RUN-260715-0b8429 running ? ?
RUN-260715-1d29b1 completed ? ?
RUN-260715-219661 completed ? ?
RUN-260715-5c1e42 running ? ?
RUN-260715-76bdfa completed ? ?
RUN-260715-91953c completed ? ?
RUN-260715-9b2f39 completed ? ?
RUN-260715-9eb74d running ? ?
RUN-260715-b3fa1a completed ? ?
RUN-260715-b8aa0d completed ? ?
RUN-260715-eed856 completed ? ?
--- log sizes (bytes) ---
1028	/Users/alexis/src/relux-works/skill-swift-relux/.temp/orch-loop-probe/demo-project/.temp/logwork/TASK-260715-ci3o2j/-analyst--researcher--codex-.log
324	/Users/alexis/src/relux-works/skill-swift-relux/.temp/orch-loop-probe/demo-project/.temp/logwork/TASK-260715-ci3o2j/-reviewer--reviewer--codex-.log
140	/Users/alexis/src/relux-works/skill-swift-relux/.temp/orch-loop-probe/demo-project/.temp/logwork/TASK-260715-1zix5s/-implementer--developer--codex-.log
260	/Users/alexis/src/relux-works/skill-swift-relux/.temp/orch-loop-probe/demo-project/.temp/logwork/TASK-260715-1zix5s/-reviewer--reviewer--codex-.log
516	/Users/alexis/src/relux-works/skill-swift-relux/.temp/orch-loop-probe/demo-project/.temp/logwork/TASK-260715-ej266r/-analyst--researcher--codex-.log
204	/Users/alexis/src/relux-works/skill-swift-relux/.temp/orch-loop-probe/demo-project/.temp/logwork/TASK-260715-ej266r/-reviewer--reviewer--codex-.log
724	/Users/alexis/src/relux-works/skill-swift-relux/.temp/orch-loop-probe/demo-project/.temp/logwork/TASK-260715-17r8i9/-analyst--orchestrator--codex-.log
644	/Users/alexis/src/relux-works/skill-swift-relux/.temp/orch-loop-probe/demo-project/.temp/logwork/TASK-260715-20iwb4/-analyst--solution-architect--codex-.log
332	/Users/alexis/src/relux-works/skill-swift-relux/.temp/orch-loop-probe/demo-project/.temp/logwork/TASK-260715-20iwb4/-reviewer--reviewer--codex-.log
--- board ---
summary:{"active":[{"id":"EPIC-260715-hb60an","name":"wordstats-cli","status":"to-review"},{"id":"STORY-260715-18orjv","name":"behavior-contract","status":"reviewing"},{"id":"TASK-260715-ci3o2j","name":"define-cli-output-error-contract","status":"reviewing"},{"id":"STORY-260715-2rp9r2","name":"stats-engine","status":"to-review"},{"id":"TASK-260715-1zix5s","name":"initialize-go-module","status":"to-review"},{"id":"STORY-260715-l2vzgc","name":"orchestration","status":"analysis"},{"id":"TASK-260715-17r8i9","name":"orchestrate-wordstats-delivery","status":"analysis"}],"blocked":[{"blockedBy":["STORY-260715-18orjv","STORY-260715-nb3xui"],"id":"STORY-260715-1tdoj1","name":"user-documentation"},{"blockedBy":["TASK-260715-ci3o2j","TASK-260715-3pofvo"],"id":"TASK-260715-3fq1lx","name":"document-wordstats-usage-tools"},{"blockedBy":["STORY-260715-18orjv"],"id":"STORY-260715-2rp9r2","name":"stats-engine"},{"blockedBy":["TASK-260715-1zix5s"],"id":"TASK-260715-2bocgg","name":"implement-counting-logic"},{"blockedBy":["TASK-260715-1zix5s"],"id":"TASK-260715-erqnfs","name":"implement-top-words-logic"},{"blockedBy":["STORY-260715-18orjv","STORY-260715-2rp9r2","STORY-260715-nb3xui"],"id":"STORY-260715-3ni02s","name":"automated-verification"},{"blockedBy":["TASK-260715-erqnfs"],"id":"TASK-260715-25wdqr","name":"add-top-words-table-tests"},{"blockedBy":["TASK-260715-ci3o2j","TASK-260715-3pofvo"],"id":"TASK-260715-2lpg9c","name":"add-cli-contract-tests"},{"blockedBy":["TASK-260715-2bocgg"],"id":"TASK-260715-2r44i0","name":"add-counting-table-tests"},{"blockedBy":["STORY-260715-18orjv","STORY-260715-2rp9r2"],"id":"STORY-260715-nb3xui","name":"cli-application"},{"blockedBy":["TASK-260715-ci3o2j","TASK-260715-1zix5s"],"id":"TASK-260715-2rbap5","name":"implement-input-error-handling"},{"blockedBy":["TASK-260715-ci3o2j","TASK-260715-2bocgg","TASK-260715-erqnfs","TASK-260715-2rbap5"],"id":"TASK-260715-3pofvo","name":"implement-output-flag-orchestration"},{"blockedBy":["STORY-260715-3ni02s","STORY-260715-1tdoj1"],"id":"STORY-260715-oym9iz","name":"delivery-quality-gates"},{"blockedBy":["TASK-260715-2r44i0","TASK-260715-25wdqr","TASK-260715-2lpg9c","TASK-260715-3fq1lx"],"id":"TASK-260715-4y3dqa","name":"run-final-go-quality-gates"}],"byType":{"bug":{"total":0,"todo":0,"active":0,"done":0,"closed":0,"blocked":0},"epic":{"total":1,"todo":0,"active":1,"done":0,"closed":0,"blocked":0},"story":{"total":7,"todo":4,"active":3,"done":0,"closed":0,"blocked":0},"task":{"total":14,"todo":9,"active":3,"done":2,"closed":0,"blocked":0}}}
===== SAMPLE 11:51:55 (elapsed 306s) =====
--- runs ---
RUN-260715-0b8429 running ? ?
RUN-260715-1d29b1 completed ? ?
RUN-260715-219661 completed ? ?
RUN-260715-4946b0 running ? ?
RUN-260715-5c1e42 completed ? ?
RUN-260715-76bdfa completed ? ?
RUN-260715-91953c completed ? ?
RUN-260715-9b2f39 completed ? ?
RUN-260715-9eb74d running ? ?
RUN-260715-b3fa1a completed ? ?
RUN-260715-b8aa0d completed ? ?
RUN-260715-eed856 completed ? ?
--- log sizes (bytes) ---
1028	/Users/alexis/src/relux-works/skill-swift-relux/.temp/orch-loop-probe/demo-project/.temp/logwork/TASK-260715-ci3o2j/-analyst--researcher--codex-.log
388	/Users/alexis/src/relux-works/skill-swift-relux/.temp/orch-loop-probe/demo-project/.temp/logwork/TASK-260715-ci3o2j/-reviewer--reviewer--codex-.log
204	/Users/alexis/src/relux-works/skill-swift-relux/.temp/orch-loop-probe/demo-project/.temp/logwork/TASK-260715-1zix5s/-implementer--developer--codex-.log
12	/Users/alexis/src/relux-works/skill-swift-relux/.temp/orch-loop-probe/demo-project/.temp/logwork/TASK-260715-1zix5s/-reviewer--reviewer--codex-.log
516	/Users/alexis/src/relux-works/skill-swift-relux/.temp/orch-loop-probe/demo-project/.temp/logwork/TASK-260715-ej266r/-analyst--researcher--codex-.log
204	/Users/alexis/src/relux-works/skill-swift-relux/.temp/orch-loop-probe/demo-project/.temp/logwork/TASK-260715-ej266r/-reviewer--reviewer--codex-.log
788	/Users/alexis/src/relux-works/skill-swift-relux/.temp/orch-loop-probe/demo-project/.temp/logwork/TASK-260715-17r8i9/-analyst--orchestrator--codex-.log
644	/Users/alexis/src/relux-works/skill-swift-relux/.temp/orch-loop-probe/demo-project/.temp/logwork/TASK-260715-20iwb4/-analyst--solution-architect--codex-.log
332	/Users/alexis/src/relux-works/skill-swift-relux/.temp/orch-loop-probe/demo-project/.temp/logwork/TASK-260715-20iwb4/-reviewer--reviewer--codex-.log
--- board ---
summary:{"active":[{"id":"EPIC-260715-hb60an","name":"wordstats-cli","status":"to-review"},{"id":"STORY-260715-18orjv","name":"behavior-contract","status":"reviewing"},{"id":"TASK-260715-ci3o2j","name":"define-cli-output-error-contract","status":"reviewing"},{"id":"STORY-260715-2rp9r2","name":"stats-engine","status":"to-review"},{"id":"TASK-260715-1zix5s","name":"initialize-go-module","status":"to-review"},{"id":"STORY-260715-l2vzgc","name":"orchestration","status":"analysis"},{"id":"TASK-260715-17r8i9","name":"orchestrate-wordstats-delivery","status":"analysis"}],"blocked":[{"blockedBy":["STORY-260715-18orjv","STORY-260715-nb3xui"],"id":"STORY-260715-1tdoj1","name":"user-documentation"},{"blockedBy":["TASK-260715-ci3o2j","TASK-260715-3pofvo"],"id":"TASK-260715-3fq1lx","name":"document-wordstats-usage-tools"},{"blockedBy":["STORY-260715-18orjv"],"id":"STORY-260715-2rp9r2","name":"stats-engine"},{"blockedBy":["TASK-260715-1zix5s"],"id":"TASK-260715-2bocgg","name":"implement-counting-logic"},{"blockedBy":["TASK-260715-1zix5s"],"id":"TASK-260715-erqnfs","name":"implement-top-words-logic"},{"blockedBy":["STORY-260715-18orjv","STORY-260715-2rp9r2","STORY-260715-nb3xui"],"id":"STORY-260715-3ni02s","name":"automated-verification"},{"blockedBy":["TASK-260715-erqnfs"],"id":"TASK-260715-25wdqr","name":"add-top-words-table-tests"},{"blockedBy":["TASK-260715-ci3o2j","TASK-260715-3pofvo"],"id":"TASK-260715-2lpg9c","name":"add-cli-contract-tests"},{"blockedBy":["TASK-260715-2bocgg"],"id":"TASK-260715-2r44i0","name":"add-counting-table-tests"},{"blockedBy":["STORY-260715-18orjv","STORY-260715-2rp9r2"],"id":"STORY-260715-nb3xui","name":"cli-application"},{"blockedBy":["TASK-260715-ci3o2j","TASK-260715-1zix5s"],"id":"TASK-260715-2rbap5","name":"implement-input-error-handling"},{"blockedBy":["TASK-260715-ci3o2j","TASK-260715-2bocgg","TASK-260715-erqnfs","TASK-260715-2rbap5"],"id":"TASK-260715-3pofvo","name":"implement-output-flag-orchestration"},{"blockedBy":["STORY-260715-3ni02s","STORY-260715-1tdoj1"],"id":"STORY-260715-oym9iz","name":"delivery-quality-gates"},{"blockedBy":["TASK-260715-2r44i0","TASK-260715-25wdqr","TASK-260715-2lpg9c","TASK-260715-3fq1lx"],"id":"TASK-260715-4y3dqa","name":"run-final-go-quality-gates"}],"byType":{"bug":{"total":0,"todo":0,"active":0,"done":0,"closed":0,"blocked":0},"epic":{"total":1,"todo":0,"active":1,"done":0,"closed":0,"blocked":0},"story":{"total":7,"todo":4,"active":3,"done":0,"closed":0,"blocked":0},"task":{"total":14,"todo":9,"active":3,"done":2,"closed":0,"blocked":0}}}
===== SAMPLE 11:52:15 (elapsed 326s) =====
--- runs ---
RUN-260715-0b8429 running ? ?
RUN-260715-1d29b1 completed ? ?
RUN-260715-219661 completed ? ?
RUN-260715-4946b0 running ? ?
RUN-260715-5c1e42 completed ? ?
RUN-260715-76bdfa completed ? ?
RUN-260715-91953c completed ? ?
RUN-260715-9b2f39 completed ? ?
RUN-260715-9eb74d running ? ?
RUN-260715-b3fa1a completed ? ?
RUN-260715-b8aa0d completed ? ?
RUN-260715-eed856 completed ? ?
--- log sizes (bytes) ---
1028	/Users/alexis/src/relux-works/skill-swift-relux/.temp/orch-loop-probe/demo-project/.temp/logwork/TASK-260715-ci3o2j/-analyst--researcher--codex-.log
388	/Users/alexis/src/relux-works/skill-swift-relux/.temp/orch-loop-probe/demo-project/.temp/logwork/TASK-260715-ci3o2j/-reviewer--reviewer--codex-.log
204	/Users/alexis/src/relux-works/skill-swift-relux/.temp/orch-loop-probe/demo-project/.temp/logwork/TASK-260715-1zix5s/-implementer--developer--codex-.log
56	/Users/alexis/src/relux-works/skill-swift-relux/.temp/orch-loop-probe/demo-project/.temp/logwork/TASK-260715-1zix5s/-reviewer--reviewer--codex-.log
516	/Users/alexis/src/relux-works/skill-swift-relux/.temp/orch-loop-probe/demo-project/.temp/logwork/TASK-260715-ej266r/-analyst--researcher--codex-.log
204	/Users/alexis/src/relux-works/skill-swift-relux/.temp/orch-loop-probe/demo-project/.temp/logwork/TASK-260715-ej266r/-reviewer--reviewer--codex-.log
788	/Users/alexis/src/relux-works/skill-swift-relux/.temp/orch-loop-probe/demo-project/.temp/logwork/TASK-260715-17r8i9/-analyst--orchestrator--codex-.log
644	/Users/alexis/src/relux-works/skill-swift-relux/.temp/orch-loop-probe/demo-project/.temp/logwork/TASK-260715-20iwb4/-analyst--solution-architect--codex-.log
332	/Users/alexis/src/relux-works/skill-swift-relux/.temp/orch-loop-probe/demo-project/.temp/logwork/TASK-260715-20iwb4/-reviewer--reviewer--codex-.log
--- board ---
summary:{"active":[{"id":"EPIC-260715-hb60an","name":"wordstats-cli","status":"reviewing"},{"id":"STORY-260715-18orjv","name":"behavior-contract","status":"reviewing"},{"id":"TASK-260715-ci3o2j","name":"define-cli-output-error-contract","status":"reviewing"},{"id":"STORY-260715-2rp9r2","name":"stats-engine","status":"reviewing"},{"id":"TASK-260715-1zix5s","name":"initialize-go-module","status":"reviewing"},{"id":"STORY-260715-l2vzgc","name":"orchestration","status":"analysis"},{"id":"TASK-260715-17r8i9","name":"orchestrate-wordstats-delivery","status":"analysis"}],"blocked":[{"blockedBy":["STORY-260715-18orjv","STORY-260715-nb3xui"],"id":"STORY-260715-1tdoj1","name":"user-documentation"},{"blockedBy":["TASK-260715-ci3o2j","TASK-260715-3pofvo"],"id":"TASK-260715-3fq1lx","name":"document-wordstats-usage-tools"},{"blockedBy":["STORY-260715-18orjv"],"id":"STORY-260715-2rp9r2","name":"stats-engine"},{"blockedBy":["TASK-260715-1zix5s"],"id":"TASK-260715-2bocgg","name":"implement-counting-logic"},{"blockedBy":["TASK-260715-1zix5s"],"id":"TASK-260715-erqnfs","name":"implement-top-words-logic"},{"blockedBy":["STORY-260715-18orjv","STORY-260715-2rp9r2","STORY-260715-nb3xui"],"id":"STORY-260715-3ni02s","name":"automated-verification"},{"blockedBy":["TASK-260715-erqnfs"],"id":"TASK-260715-25wdqr","name":"add-top-words-table-tests"},{"blockedBy":["TASK-260715-ci3o2j","TASK-260715-3pofvo"],"id":"TASK-260715-2lpg9c","name":"add-cli-contract-tests"},{"blockedBy":["TASK-260715-2bocgg"],"id":"TASK-260715-2r44i0","name":"add-counting-table-tests"},{"blockedBy":["STORY-260715-18orjv","STORY-260715-2rp9r2"],"id":"STORY-260715-nb3xui","name":"cli-application"},{"blockedBy":["TASK-260715-ci3o2j","TASK-260715-1zix5s"],"id":"TASK-260715-2rbap5","name":"implement-input-error-handling"},{"blockedBy":["TASK-260715-ci3o2j","TASK-260715-2bocgg","TASK-260715-erqnfs","TASK-260715-2rbap5"],"id":"TASK-260715-3pofvo","name":"implement-output-flag-orchestration"},{"blockedBy":["STORY-260715-3ni02s","STORY-260715-1tdoj1"],"id":"STORY-260715-oym9iz","name":"delivery-quality-gates"},{"blockedBy":["TASK-260715-2r44i0","TASK-260715-25wdqr","TASK-260715-2lpg9c","TASK-260715-3fq1lx"],"id":"TASK-260715-4y3dqa","name":"run-final-go-quality-gates"}],"byType":{"bug":{"total":0,"todo":0,"active":0,"done":0,"closed":0,"blocked":0},"epic":{"total":1,"todo":0,"active":1,"done":0,"closed":0,"blocked":0},"story":{"total":7,"todo":4,"active":3,"done":0,"closed":0,"blocked":0},"task":{"total":14,"todo":9,"active":3,"done":2,"closed":0,"blocked":0}}}
===== SAMPLE 11:52:35 (elapsed 346s) =====
--- runs ---
RUN-260715-0b8429 running ? ?
RUN-260715-1d29b1 completed ? ?
RUN-260715-219661 completed ? ?
RUN-260715-4946b0 running ? ?
RUN-260715-5c1e42 completed ? ?
RUN-260715-76bdfa completed ? ?
RUN-260715-91953c completed ? ?
RUN-260715-9b2f39 completed ? ?
RUN-260715-9eb74d running ? ?
RUN-260715-b3fa1a completed ? ?
RUN-260715-b8aa0d completed ? ?
RUN-260715-eed856 completed ? ?
--- log sizes (bytes) ---
1028	/Users/alexis/src/relux-works/skill-swift-relux/.temp/orch-loop-probe/demo-project/.temp/logwork/TASK-260715-ci3o2j/-analyst--researcher--codex-.log
388	/Users/alexis/src/relux-works/skill-swift-relux/.temp/orch-loop-probe/demo-project/.temp/logwork/TASK-260715-ci3o2j/-reviewer--reviewer--codex-.log
204	/Users/alexis/src/relux-works/skill-swift-relux/.temp/orch-loop-probe/demo-project/.temp/logwork/TASK-260715-1zix5s/-implementer--developer--codex-.log
136	/Users/alexis/src/relux-works/skill-swift-relux/.temp/orch-loop-probe/demo-project/.temp/logwork/TASK-260715-1zix5s/-reviewer--reviewer--codex-.log
516	/Users/alexis/src/relux-works/skill-swift-relux/.temp/orch-loop-probe/demo-project/.temp/logwork/TASK-260715-ej266r/-analyst--researcher--codex-.log
204	/Users/alexis/src/relux-works/skill-swift-relux/.temp/orch-loop-probe/demo-project/.temp/logwork/TASK-260715-ej266r/-reviewer--reviewer--codex-.log
788	/Users/alexis/src/relux-works/skill-swift-relux/.temp/orch-loop-probe/demo-project/.temp/logwork/TASK-260715-17r8i9/-analyst--orchestrator--codex-.log
644	/Users/alexis/src/relux-works/skill-swift-relux/.temp/orch-loop-probe/demo-project/.temp/logwork/TASK-260715-20iwb4/-analyst--solution-architect--codex-.log
332	/Users/alexis/src/relux-works/skill-swift-relux/.temp/orch-loop-probe/demo-project/.temp/logwork/TASK-260715-20iwb4/-reviewer--reviewer--codex-.log
--- board ---
summary:{"active":[{"id":"EPIC-260715-hb60an","name":"wordstats-cli","status":"reviewing"},{"id":"STORY-260715-18orjv","name":"behavior-contract","status":"reviewing"},{"id":"TASK-260715-ci3o2j","name":"define-cli-output-error-contract","status":"reviewing"},{"id":"STORY-260715-2rp9r2","name":"stats-engine","status":"reviewing"},{"id":"TASK-260715-1zix5s","name":"initialize-go-module","status":"reviewing"},{"id":"STORY-260715-l2vzgc","name":"orchestration","status":"analysis"},{"id":"TASK-260715-17r8i9","name":"orchestrate-wordstats-delivery","status":"analysis"}],"blocked":[{"blockedBy":["STORY-260715-18orjv","STORY-260715-nb3xui"],"id":"STORY-260715-1tdoj1","name":"user-documentation"},{"blockedBy":["TASK-260715-ci3o2j","TASK-260715-3pofvo"],"id":"TASK-260715-3fq1lx","name":"document-wordstats-usage-tools"},{"blockedBy":["STORY-260715-18orjv"],"id":"STORY-260715-2rp9r2","name":"stats-engine"},{"blockedBy":["TASK-260715-1zix5s"],"id":"TASK-260715-2bocgg","name":"implement-counting-logic"},{"blockedBy":["TASK-260715-1zix5s"],"id":"TASK-260715-erqnfs","name":"implement-top-words-logic"},{"blockedBy":["STORY-260715-18orjv","STORY-260715-2rp9r2","STORY-260715-nb3xui"],"id":"STORY-260715-3ni02s","name":"automated-verification"},{"blockedBy":["TASK-260715-erqnfs"],"id":"TASK-260715-25wdqr","name":"add-top-words-table-tests"},{"blockedBy":["TASK-260715-ci3o2j","TASK-260715-3pofvo"],"id":"TASK-260715-2lpg9c","name":"add-cli-contract-tests"},{"blockedBy":["TASK-260715-2bocgg"],"id":"TASK-260715-2r44i0","name":"add-counting-table-tests"},{"blockedBy":["STORY-260715-18orjv","STORY-260715-2rp9r2"],"id":"STORY-260715-nb3xui","name":"cli-application"},{"blockedBy":["TASK-260715-ci3o2j","TASK-260715-1zix5s"],"id":"TASK-260715-2rbap5","name":"implement-input-error-handling"},{"blockedBy":["TASK-260715-ci3o2j","TASK-260715-2bocgg","TASK-260715-erqnfs","TASK-260715-2rbap5"],"id":"TASK-260715-3pofvo","name":"implement-output-flag-orchestration"},{"blockedBy":["STORY-260715-3ni02s","STORY-260715-1tdoj1"],"id":"STORY-260715-oym9iz","name":"delivery-quality-gates"},{"blockedBy":["TASK-260715-2r44i0","TASK-260715-25wdqr","TASK-260715-2lpg9c","TASK-260715-3fq1lx"],"id":"TASK-260715-4y3dqa","name":"run-final-go-quality-gates"}],"byType":{"bug":{"total":0,"todo":0,"active":0,"done":0,"closed":0,"blocked":0},"epic":{"total":1,"todo":0,"active":1,"done":0,"closed":0,"blocked":0},"story":{"total":7,"todo":4,"active":3,"done":0,"closed":0,"blocked":0},"task":{"total":14,"todo":9,"active":3,"done":2,"closed":0,"blocked":0}}}
===== SAMPLE 11:52:56 (elapsed 367s) =====
--- runs ---
RUN-260715-0b8429 running ? ?
RUN-260715-1d29b1 completed ? ?
RUN-260715-219661 completed ? ?
RUN-260715-4946b0 running ? ?
RUN-260715-5c1e42 completed ? ?
RUN-260715-76bdfa completed ? ?
RUN-260715-91953c completed ? ?
RUN-260715-9b2f39 completed ? ?
RUN-260715-9eb74d running ? ?
RUN-260715-b3fa1a completed ? ?
RUN-260715-b8aa0d completed ? ?
RUN-260715-eed856 completed ? ?
--- log sizes (bytes) ---
1028	/Users/alexis/src/relux-works/skill-swift-relux/.temp/orch-loop-probe/demo-project/.temp/logwork/TASK-260715-ci3o2j/-analyst--researcher--codex-.log
388	/Users/alexis/src/relux-works/skill-swift-relux/.temp/orch-loop-probe/demo-project/.temp/logwork/TASK-260715-ci3o2j/-reviewer--reviewer--codex-.log
204	/Users/alexis/src/relux-works/skill-swift-relux/.temp/orch-loop-probe/demo-project/.temp/logwork/TASK-260715-1zix5s/-implementer--developer--codex-.log
136	/Users/alexis/src/relux-works/skill-swift-relux/.temp/orch-loop-probe/demo-project/.temp/logwork/TASK-260715-1zix5s/-reviewer--reviewer--codex-.log
516	/Users/alexis/src/relux-works/skill-swift-relux/.temp/orch-loop-probe/demo-project/.temp/logwork/TASK-260715-ej266r/-analyst--researcher--codex-.log
204	/Users/alexis/src/relux-works/skill-swift-relux/.temp/orch-loop-probe/demo-project/.temp/logwork/TASK-260715-ej266r/-reviewer--reviewer--codex-.log
788	/Users/alexis/src/relux-works/skill-swift-relux/.temp/orch-loop-probe/demo-project/.temp/logwork/TASK-260715-17r8i9/-analyst--orchestrator--codex-.log
644	/Users/alexis/src/relux-works/skill-swift-relux/.temp/orch-loop-probe/demo-project/.temp/logwork/TASK-260715-20iwb4/-analyst--solution-architect--codex-.log
332	/Users/alexis/src/relux-works/skill-swift-relux/.temp/orch-loop-probe/demo-project/.temp/logwork/TASK-260715-20iwb4/-reviewer--reviewer--codex-.log
--- board ---
summary:{"active":[{"id":"EPIC-260715-hb60an","name":"wordstats-cli","status":"reviewing"},{"id":"STORY-260715-18orjv","name":"behavior-contract","status":"reviewing"},{"id":"TASK-260715-ci3o2j","name":"define-cli-output-error-contract","status":"reviewing"},{"id":"STORY-260715-2rp9r2","name":"stats-engine","status":"reviewing"},{"id":"TASK-260715-1zix5s","name":"initialize-go-module","status":"reviewing"},{"id":"STORY-260715-l2vzgc","name":"orchestration","status":"analysis"},{"id":"TASK-260715-17r8i9","name":"orchestrate-wordstats-delivery","status":"analysis"}],"blocked":[{"blockedBy":["STORY-260715-18orjv","STORY-260715-nb3xui"],"id":"STORY-260715-1tdoj1","name":"user-documentation"},{"blockedBy":["TASK-260715-ci3o2j","TASK-260715-3pofvo"],"id":"TASK-260715-3fq1lx","name":"document-wordstats-usage-tools"},{"blockedBy":["STORY-260715-18orjv"],"id":"STORY-260715-2rp9r2","name":"stats-engine"},{"blockedBy":["TASK-260715-1zix5s"],"id":"TASK-260715-2bocgg","name":"implement-counting-logic"},{"blockedBy":["TASK-260715-1zix5s"],"id":"TASK-260715-erqnfs","name":"implement-top-words-logic"},{"blockedBy":["STORY-260715-18orjv","STORY-260715-2rp9r2","STORY-260715-nb3xui"],"id":"STORY-260715-3ni02s","name":"automated-verification"},{"blockedBy":["TASK-260715-erqnfs"],"id":"TASK-260715-25wdqr","name":"add-top-words-table-tests"},{"blockedBy":["TASK-260715-ci3o2j","TASK-260715-3pofvo"],"id":"TASK-260715-2lpg9c","name":"add-cli-contract-tests"},{"blockedBy":["TASK-260715-2bocgg"],"id":"TASK-260715-2r44i0","name":"add-counting-table-tests"},{"blockedBy":["STORY-260715-18orjv","STORY-260715-2rp9r2"],"id":"STORY-260715-nb3xui","name":"cli-application"},{"blockedBy":["TASK-260715-ci3o2j","TASK-260715-1zix5s"],"id":"TASK-260715-2rbap5","name":"implement-input-error-handling"},{"blockedBy":["TASK-260715-ci3o2j","TASK-260715-2bocgg","TASK-260715-erqnfs","TASK-260715-2rbap5"],"id":"TASK-260715-3pofvo","name":"implement-output-flag-orchestration"},{"blockedBy":["STORY-260715-3ni02s","STORY-260715-1tdoj1"],"id":"STORY-260715-oym9iz","name":"delivery-quality-gates"},{"blockedBy":["TASK-260715-2r44i0","TASK-260715-25wdqr","TASK-260715-2lpg9c","TASK-260715-3fq1lx"],"id":"TASK-260715-4y3dqa","name":"run-final-go-quality-gates"}],"byType":{"bug":{"total":0,"todo":0,"active":0,"done":0,"closed":0,"blocked":0},"epic":{"total":1,"todo":0,"active":1,"done":0,"closed":0,"blocked":0},"story":{"total":7,"todo":4,"active":3,"done":0,"closed":0,"blocked":0},"task":{"total":14,"todo":9,"active":3,"done":2,"closed":0,"blocked":0}}}
WAKE (interval elapsed, root=running)
===== SAMPLE 11:54:24 (elapsed 0s) =====
--- runs ---
RUN-260715-0b8429 completed ? ?
RUN-260715-1d29b1 completed ? ?
RUN-260715-219661 completed ? ?
RUN-260715-4946b0 running ? ?
RUN-260715-5c1e42 completed ? ?
RUN-260715-76bdfa completed ? ?
RUN-260715-91953c completed ? ?
RUN-260715-9b2f39 completed ? ?
RUN-260715-9eb74d running ? ?
RUN-260715-b3fa1a completed ? ?
RUN-260715-b8aa0d completed ? ?
RUN-260715-eed856 completed ? ?
--- log sizes (bytes) ---
1028	/Users/alexis/src/relux-works/skill-swift-relux/.temp/orch-loop-probe/demo-project/.temp/logwork/TASK-260715-ci3o2j/-analyst--researcher--codex-.log
388	/Users/alexis/src/relux-works/skill-swift-relux/.temp/orch-loop-probe/demo-project/.temp/logwork/TASK-260715-ci3o2j/-reviewer--reviewer--codex-.log
204	/Users/alexis/src/relux-works/skill-swift-relux/.temp/orch-loop-probe/demo-project/.temp/logwork/TASK-260715-1zix5s/-implementer--developer--codex-.log
136	/Users/alexis/src/relux-works/skill-swift-relux/.temp/orch-loop-probe/demo-project/.temp/logwork/TASK-260715-1zix5s/-reviewer--reviewer--codex-.log
516	/Users/alexis/src/relux-works/skill-swift-relux/.temp/orch-loop-probe/demo-project/.temp/logwork/TASK-260715-ej266r/-analyst--researcher--codex-.log
204	/Users/alexis/src/relux-works/skill-swift-relux/.temp/orch-loop-probe/demo-project/.temp/logwork/TASK-260715-ej266r/-reviewer--reviewer--codex-.log
788	/Users/alexis/src/relux-works/skill-swift-relux/.temp/orch-loop-probe/demo-project/.temp/logwork/TASK-260715-17r8i9/-analyst--orchestrator--codex-.log
644	/Users/alexis/src/relux-works/skill-swift-relux/.temp/orch-loop-probe/demo-project/.temp/logwork/TASK-260715-20iwb4/-analyst--solution-architect--codex-.log
332	/Users/alexis/src/relux-works/skill-swift-relux/.temp/orch-loop-probe/demo-project/.temp/logwork/TASK-260715-20iwb4/-reviewer--reviewer--codex-.log
--- board ---
summary:{"active":[{"id":"EPIC-260715-hb60an","name":"wordstats-cli","status":"reviewing"},{"id":"STORY-260715-2rp9r2","name":"stats-engine","status":"reviewing"},{"id":"TASK-260715-1zix5s","name":"initialize-go-module","status":"reviewing"},{"id":"STORY-260715-l2vzgc","name":"orchestration","status":"analysis"},{"id":"TASK-260715-17r8i9","name":"orchestrate-wordstats-delivery","status":"analysis"}],"blocked":[{"blockedBy":["STORY-260715-nb3xui"],"id":"STORY-260715-1tdoj1","name":"user-documentation"},{"blockedBy":["TASK-260715-3pofvo"],"id":"TASK-260715-3fq1lx","name":"document-wordstats-usage-tools"},{"blockedBy":["TASK-260715-1zix5s"],"id":"TASK-260715-2bocgg","name":"implement-counting-logic"},{"blockedBy":["TASK-260715-1zix5s"],"id":"TASK-260715-erqnfs","name":"implement-top-words-logic"},{"blockedBy":["STORY-260715-2rp9r2","STORY-260715-nb3xui"],"id":"STORY-260715-3ni02s","name":"automated-verification"},{"blockedBy":["TASK-260715-erqnfs"],"id":"TASK-260715-25wdqr","name":"add-top-words-table-tests"},{"blockedBy":["TASK-260715-3pofvo"],"id":"TASK-260715-2lpg9c","name":"add-cli-contract-tests"},{"blockedBy":["TASK-260715-2bocgg"],"id":"TASK-260715-2r44i0","name":"add-counting-table-tests"},{"blockedBy":["STORY-260715-2rp9r2"],"id":"STORY-260715-nb3xui","name":"cli-application"},{"blockedBy":["TASK-260715-1zix5s"],"id":"TASK-260715-2rbap5","name":"implement-input-error-handling"},{"blockedBy":["TASK-260715-2bocgg","TASK-260715-erqnfs","TASK-260715-2rbap5"],"id":"TASK-260715-3pofvo","name":"implement-output-flag-orchestration"},{"blockedBy":["STORY-260715-3ni02s","STORY-260715-1tdoj1"],"id":"STORY-260715-oym9iz","name":"delivery-quality-gates"},{"blockedBy":["TASK-260715-2r44i0","TASK-260715-25wdqr","TASK-260715-2lpg9c","TASK-260715-3fq1lx"],"id":"TASK-260715-4y3dqa","name":"run-final-go-quality-gates"}],"byType":{"bug":{"total":0,"todo":0,"active":0,"done":0,"closed":0,"blocked":0},"epic":{"total":1,"todo":0,"active":1,"done":0,"closed":0,"blocked":0},"story":{"total":7,"todo":4,"active":2,"done":1,"closed":0,"blocked":0},"task":{"total":14,"todo":9,"active":2,"done":3,"closed":0,"blocked":0}}}
===== SAMPLE 11:54:44 (elapsed 20s) =====
--- runs ---
RUN-260715-0b8429 completed ? ?
RUN-260715-1d29b1 completed ? ?
RUN-260715-219661 completed ? ?
RUN-260715-4946b0 running ? ?
RUN-260715-5c1e42 completed ? ?
RUN-260715-76bdfa completed ? ?
RUN-260715-91953c completed ? ?
RUN-260715-9b2f39 completed ? ?
RUN-260715-9eb74d running ? ?
RUN-260715-b3fa1a completed ? ?
RUN-260715-b8aa0d completed ? ?
RUN-260715-eed856 completed ? ?
--- log sizes (bytes) ---
1028	/Users/alexis/src/relux-works/skill-swift-relux/.temp/orch-loop-probe/demo-project/.temp/logwork/TASK-260715-ci3o2j/-analyst--researcher--codex-.log
388	/Users/alexis/src/relux-works/skill-swift-relux/.temp/orch-loop-probe/demo-project/.temp/logwork/TASK-260715-ci3o2j/-reviewer--reviewer--codex-.log
204	/Users/alexis/src/relux-works/skill-swift-relux/.temp/orch-loop-probe/demo-project/.temp/logwork/TASK-260715-1zix5s/-implementer--developer--codex-.log
136	/Users/alexis/src/relux-works/skill-swift-relux/.temp/orch-loop-probe/demo-project/.temp/logwork/TASK-260715-1zix5s/-reviewer--reviewer--codex-.log
516	/Users/alexis/src/relux-works/skill-swift-relux/.temp/orch-loop-probe/demo-project/.temp/logwork/TASK-260715-ej266r/-analyst--researcher--codex-.log
204	/Users/alexis/src/relux-works/skill-swift-relux/.temp/orch-loop-probe/demo-project/.temp/logwork/TASK-260715-ej266r/-reviewer--reviewer--codex-.log
788	/Users/alexis/src/relux-works/skill-swift-relux/.temp/orch-loop-probe/demo-project/.temp/logwork/TASK-260715-17r8i9/-analyst--orchestrator--codex-.log
644	/Users/alexis/src/relux-works/skill-swift-relux/.temp/orch-loop-probe/demo-project/.temp/logwork/TASK-260715-20iwb4/-analyst--solution-architect--codex-.log
332	/Users/alexis/src/relux-works/skill-swift-relux/.temp/orch-loop-probe/demo-project/.temp/logwork/TASK-260715-20iwb4/-reviewer--reviewer--codex-.log
--- board ---
summary:{"active":[{"id":"EPIC-260715-hb60an","name":"wordstats-cli","status":"reviewing"},{"id":"STORY-260715-2rp9r2","name":"stats-engine","status":"reviewing"},{"id":"TASK-260715-1zix5s","name":"initialize-go-module","status":"reviewing"},{"id":"STORY-260715-l2vzgc","name":"orchestration","status":"analysis"},{"id":"TASK-260715-17r8i9","name":"orchestrate-wordstats-delivery","status":"analysis"}],"blocked":[{"blockedBy":["STORY-260715-nb3xui"],"id":"STORY-260715-1tdoj1","name":"user-documentation"},{"blockedBy":["TASK-260715-3pofvo"],"id":"TASK-260715-3fq1lx","name":"document-wordstats-usage-tools"},{"blockedBy":["TASK-260715-1zix5s"],"id":"TASK-260715-2bocgg","name":"implement-counting-logic"},{"blockedBy":["TASK-260715-1zix5s"],"id":"TASK-260715-erqnfs","name":"implement-top-words-logic"},{"blockedBy":["STORY-260715-2rp9r2","STORY-260715-nb3xui"],"id":"STORY-260715-3ni02s","name":"automated-verification"},{"blockedBy":["TASK-260715-erqnfs"],"id":"TASK-260715-25wdqr","name":"add-top-words-table-tests"},{"blockedBy":["TASK-260715-3pofvo"],"id":"TASK-260715-2lpg9c","name":"add-cli-contract-tests"},{"blockedBy":["TASK-260715-2bocgg"],"id":"TASK-260715-2r44i0","name":"add-counting-table-tests"},{"blockedBy":["STORY-260715-2rp9r2"],"id":"STORY-260715-nb3xui","name":"cli-application"},{"blockedBy":["TASK-260715-1zix5s"],"id":"TASK-260715-2rbap5","name":"implement-input-error-handling"},{"blockedBy":["TASK-260715-2bocgg","TASK-260715-erqnfs","TASK-260715-2rbap5"],"id":"TASK-260715-3pofvo","name":"implement-output-flag-orchestration"},{"blockedBy":["STORY-260715-3ni02s","STORY-260715-1tdoj1"],"id":"STORY-260715-oym9iz","name":"delivery-quality-gates"},{"blockedBy":["TASK-260715-2r44i0","TASK-260715-25wdqr","TASK-260715-2lpg9c","TASK-260715-3fq1lx"],"id":"TASK-260715-4y3dqa","name":"run-final-go-quality-gates"}],"byType":{"bug":{"total":0,"todo":0,"active":0,"done":0,"closed":0,"blocked":0},"epic":{"total":1,"todo":0,"active":1,"done":0,"closed":0,"blocked":0},"story":{"total":7,"todo":4,"active":2,"done":1,"closed":0,"blocked":0},"task":{"total":14,"todo":9,"active":2,"done":3,"closed":0,"blocked":0}}}
===== SAMPLE 11:55:05 (elapsed 41s) =====
--- runs ---
RUN-260715-0b8429 completed ? ?
RUN-260715-1d29b1 completed ? ?
RUN-260715-219661 completed ? ?
RUN-260715-4946b0 completed ? ?
RUN-260715-5c1e42 completed ? ?
RUN-260715-76bdfa completed ? ?
RUN-260715-91953c completed ? ?
RUN-260715-9b2f39 completed ? ?
RUN-260715-9eb74d running ? ?
RUN-260715-b3fa1a completed ? ?
RUN-260715-b8aa0d completed ? ?
RUN-260715-eed856 completed ? ?
--- log sizes (bytes) ---
1028	/Users/alexis/src/relux-works/skill-swift-relux/.temp/orch-loop-probe/demo-project/.temp/logwork/TASK-260715-ci3o2j/-analyst--researcher--codex-.log
388	/Users/alexis/src/relux-works/skill-swift-relux/.temp/orch-loop-probe/demo-project/.temp/logwork/TASK-260715-ci3o2j/-reviewer--reviewer--codex-.log
204	/Users/alexis/src/relux-works/skill-swift-relux/.temp/orch-loop-probe/demo-project/.temp/logwork/TASK-260715-1zix5s/-implementer--developer--codex-.log
136	/Users/alexis/src/relux-works/skill-swift-relux/.temp/orch-loop-probe/demo-project/.temp/logwork/TASK-260715-1zix5s/-reviewer--reviewer--codex-.log
516	/Users/alexis/src/relux-works/skill-swift-relux/.temp/orch-loop-probe/demo-project/.temp/logwork/TASK-260715-ej266r/-analyst--researcher--codex-.log
204	/Users/alexis/src/relux-works/skill-swift-relux/.temp/orch-loop-probe/demo-project/.temp/logwork/TASK-260715-ej266r/-reviewer--reviewer--codex-.log
788	/Users/alexis/src/relux-works/skill-swift-relux/.temp/orch-loop-probe/demo-project/.temp/logwork/TASK-260715-17r8i9/-analyst--orchestrator--codex-.log
644	/Users/alexis/src/relux-works/skill-swift-relux/.temp/orch-loop-probe/demo-project/.temp/logwork/TASK-260715-20iwb4/-analyst--solution-architect--codex-.log
332	/Users/alexis/src/relux-works/skill-swift-relux/.temp/orch-loop-probe/demo-project/.temp/logwork/TASK-260715-20iwb4/-reviewer--reviewer--codex-.log
--- board ---
summary:{"active":[{"id":"EPIC-260715-hb60an","name":"wordstats-cli","status":"analysis"},{"id":"STORY-260715-l2vzgc","name":"orchestration","status":"analysis"},{"id":"TASK-260715-17r8i9","name":"orchestrate-wordstats-delivery","status":"analysis"}],"blocked":[{"blockedBy":["STORY-260715-nb3xui"],"id":"STORY-260715-1tdoj1","name":"user-documentation"},{"blockedBy":["TASK-260715-3pofvo"],"id":"TASK-260715-3fq1lx","name":"document-wordstats-usage-tools"},{"blockedBy":["STORY-260715-2rp9r2","STORY-260715-nb3xui"],"id":"STORY-260715-3ni02s","name":"automated-verification"},{"blockedBy":["TASK-260715-erqnfs"],"id":"TASK-260715-25wdqr","name":"add-top-words-table-tests"},{"blockedBy":["TASK-260715-3pofvo"],"id":"TASK-260715-2lpg9c","name":"add-cli-contract-tests"},{"blockedBy":["TASK-260715-2bocgg"],"id":"TASK-260715-2r44i0","name":"add-counting-table-tests"},{"blockedBy":["STORY-260715-2rp9r2"],"id":"STORY-260715-nb3xui","name":"cli-application"},{"blockedBy":["TASK-260715-2bocgg","TASK-260715-erqnfs","TASK-260715-2rbap5"],"id":"TASK-260715-3pofvo","name":"implement-output-flag-orchestration"},{"blockedBy":["STORY-260715-3ni02s","STORY-260715-1tdoj1"],"id":"STORY-260715-oym9iz","name":"delivery-quality-gates"},{"blockedBy":["TASK-260715-2r44i0","TASK-260715-25wdqr","TASK-260715-2lpg9c","TASK-260715-3fq1lx"],"id":"TASK-260715-4y3dqa","name":"run-final-go-quality-gates"}],"byType":{"bug":{"total":0,"todo":0,"active":0,"done":0,"closed":0,"blocked":0},"epic":{"total":1,"todo":0,"active":1,"done":0,"closed":0,"blocked":0},"story":{"total":7,"todo":5,"active":1,"done":1,"closed":0,"blocked":0},"task":{"total":14,"todo":9,"active":1,"done":4,"closed":0,"blocked":0}}}
===== SAMPLE 11:55:25 (elapsed 61s) =====
--- runs ---
RUN-260715-0b8429 completed ? ?
RUN-260715-1d29b1 completed ? ?
RUN-260715-219661 completed ? ?
RUN-260715-4946b0 completed ? ?
RUN-260715-5c1e42 completed ? ?
RUN-260715-76bdfa completed ? ?
RUN-260715-91953c completed ? ?
RUN-260715-9b2f39 completed ? ?
RUN-260715-9eb74d running ? ?
RUN-260715-b3fa1a completed ? ?
RUN-260715-b8aa0d completed ? ?
RUN-260715-eed856 completed ? ?
--- log sizes (bytes) ---
1028	/Users/alexis/src/relux-works/skill-swift-relux/.temp/orch-loop-probe/demo-project/.temp/logwork/TASK-260715-ci3o2j/-analyst--researcher--codex-.log
388	/Users/alexis/src/relux-works/skill-swift-relux/.temp/orch-loop-probe/demo-project/.temp/logwork/TASK-260715-ci3o2j/-reviewer--reviewer--codex-.log
204	/Users/alexis/src/relux-works/skill-swift-relux/.temp/orch-loop-probe/demo-project/.temp/logwork/TASK-260715-1zix5s/-implementer--developer--codex-.log
136	/Users/alexis/src/relux-works/skill-swift-relux/.temp/orch-loop-probe/demo-project/.temp/logwork/TASK-260715-1zix5s/-reviewer--reviewer--codex-.log
516	/Users/alexis/src/relux-works/skill-swift-relux/.temp/orch-loop-probe/demo-project/.temp/logwork/TASK-260715-ej266r/-analyst--researcher--codex-.log
204	/Users/alexis/src/relux-works/skill-swift-relux/.temp/orch-loop-probe/demo-project/.temp/logwork/TASK-260715-ej266r/-reviewer--reviewer--codex-.log
788	/Users/alexis/src/relux-works/skill-swift-relux/.temp/orch-loop-probe/demo-project/.temp/logwork/TASK-260715-17r8i9/-analyst--orchestrator--codex-.log
644	/Users/alexis/src/relux-works/skill-swift-relux/.temp/orch-loop-probe/demo-project/.temp/logwork/TASK-260715-20iwb4/-analyst--solution-architect--codex-.log
332	/Users/alexis/src/relux-works/skill-swift-relux/.temp/orch-loop-probe/demo-project/.temp/logwork/TASK-260715-20iwb4/-reviewer--reviewer--codex-.log
--- board ---
summary:{"active":[{"id":"EPIC-260715-hb60an","name":"wordstats-cli","status":"analysis"},{"id":"STORY-260715-l2vzgc","name":"orchestration","status":"analysis"},{"id":"TASK-260715-17r8i9","name":"orchestrate-wordstats-delivery","status":"analysis"}],"blocked":[{"blockedBy":["STORY-260715-nb3xui"],"id":"STORY-260715-1tdoj1","name":"user-documentation"},{"blockedBy":["TASK-260715-3pofvo"],"id":"TASK-260715-3fq1lx","name":"document-wordstats-usage-tools"},{"blockedBy":["STORY-260715-2rp9r2","STORY-260715-nb3xui"],"id":"STORY-260715-3ni02s","name":"automated-verification"},{"blockedBy":["TASK-260715-erqnfs"],"id":"TASK-260715-25wdqr","name":"add-top-words-table-tests"},{"blockedBy":["TASK-260715-3pofvo"],"id":"TASK-260715-2lpg9c","name":"add-cli-contract-tests"},{"blockedBy":["TASK-260715-2bocgg"],"id":"TASK-260715-2r44i0","name":"add-counting-table-tests"},{"blockedBy":["STORY-260715-2rp9r2"],"id":"STORY-260715-nb3xui","name":"cli-application"},{"blockedBy":["TASK-260715-2bocgg","TASK-260715-erqnfs","TASK-260715-2rbap5"],"id":"TASK-260715-3pofvo","name":"implement-output-flag-orchestration"},{"blockedBy":["STORY-260715-3ni02s","STORY-260715-1tdoj1"],"id":"STORY-260715-oym9iz","name":"delivery-quality-gates"},{"blockedBy":["TASK-260715-2r44i0","TASK-260715-25wdqr","TASK-260715-2lpg9c","TASK-260715-3fq1lx"],"id":"TASK-260715-4y3dqa","name":"run-final-go-quality-gates"}],"byType":{"bug":{"total":0,"todo":0,"active":0,"done":0,"closed":0,"blocked":0},"epic":{"total":1,"todo":0,"active":1,"done":0,"closed":0,"blocked":0},"story":{"total":7,"todo":5,"active":1,"done":1,"closed":0,"blocked":0},"task":{"total":14,"todo":9,"active":1,"done":4,"closed":0,"blocked":0}}}
===== SAMPLE 11:55:45 (elapsed 81s) =====
--- runs ---
RUN-260715-0b8429 completed ? ?
RUN-260715-1d29b1 completed ? ?
RUN-260715-219661 completed ? ?
RUN-260715-304b16 running ? ?
RUN-260715-4946b0 completed ? ?
RUN-260715-5c1e42 completed ? ?
RUN-260715-707ef8 running ? ?
RUN-260715-74a87a running ? ?
RUN-260715-76bdfa completed ? ?
RUN-260715-91953c completed ? ?
RUN-260715-9b2f39 completed ? ?
RUN-260715-9eb74d running ? ?
RUN-260715-b3fa1a completed ? ?
RUN-260715-b8aa0d completed ? ?
RUN-260715-eed856 completed ? ?
--- log sizes (bytes) ---
1028	/Users/alexis/src/relux-works/skill-swift-relux/.temp/orch-loop-probe/demo-project/.temp/logwork/TASK-260715-ci3o2j/-analyst--researcher--codex-.log
388	/Users/alexis/src/relux-works/skill-swift-relux/.temp/orch-loop-probe/demo-project/.temp/logwork/TASK-260715-ci3o2j/-reviewer--reviewer--codex-.log
204	/Users/alexis/src/relux-works/skill-swift-relux/.temp/orch-loop-probe/demo-project/.temp/logwork/TASK-260715-1zix5s/-implementer--developer--codex-.log
136	/Users/alexis/src/relux-works/skill-swift-relux/.temp/orch-loop-probe/demo-project/.temp/logwork/TASK-260715-1zix5s/-reviewer--reviewer--codex-.log
36	/Users/alexis/src/relux-works/skill-swift-relux/.temp/orch-loop-probe/demo-project/.temp/logwork/TASK-260715-2rbap5/-implementer--developer--codex-.log
28	/Users/alexis/src/relux-works/skill-swift-relux/.temp/orch-loop-probe/demo-project/.temp/logwork/TASK-260715-2bocgg/-implementer--developer--codex-.log
516	/Users/alexis/src/relux-works/skill-swift-relux/.temp/orch-loop-probe/demo-project/.temp/logwork/TASK-260715-ej266r/-analyst--researcher--codex-.log
204	/Users/alexis/src/relux-works/skill-swift-relux/.temp/orch-loop-probe/demo-project/.temp/logwork/TASK-260715-ej266r/-reviewer--reviewer--codex-.log
28	/Users/alexis/src/relux-works/skill-swift-relux/.temp/orch-loop-probe/demo-project/.temp/logwork/TASK-260715-erqnfs/-implementer--developer--codex-.log
788	/Users/alexis/src/relux-works/skill-swift-relux/.temp/orch-loop-probe/demo-project/.temp/logwork/TASK-260715-17r8i9/-analyst--orchestrator--codex-.log
644	/Users/alexis/src/relux-works/skill-swift-relux/.temp/orch-loop-probe/demo-project/.temp/logwork/TASK-260715-20iwb4/-analyst--solution-architect--codex-.log
332	/Users/alexis/src/relux-works/skill-swift-relux/.temp/orch-loop-probe/demo-project/.temp/logwork/TASK-260715-20iwb4/-reviewer--reviewer--codex-.log
--- board ---
summary:{"active":[{"id":"EPIC-260715-hb60an","name":"wordstats-cli","status":"analysis"},{"id":"STORY-260715-l2vzgc","name":"orchestration","status":"analysis"},{"id":"TASK-260715-17r8i9","name":"orchestrate-wordstats-delivery","status":"analysis"}],"blocked":[{"blockedBy":["STORY-260715-nb3xui"],"id":"STORY-260715-1tdoj1","name":"user-documentation"},{"blockedBy":["TASK-260715-3pofvo"],"id":"TASK-260715-3fq1lx","name":"document-wordstats-usage-tools"},{"blockedBy":["STORY-260715-2rp9r2","STORY-260715-nb3xui"],"id":"STORY-260715-3ni02s","name":"automated-verification"},{"blockedBy":["TASK-260715-erqnfs"],"id":"TASK-260715-25wdqr","name":"add-top-words-table-tests"},{"blockedBy":["TASK-260715-3pofvo"],"id":"TASK-260715-2lpg9c","name":"add-cli-contract-tests"},{"blockedBy":["TASK-260715-2bocgg"],"id":"TASK-260715-2r44i0","name":"add-counting-table-tests"},{"blockedBy":["STORY-260715-2rp9r2"],"id":"STORY-260715-nb3xui","name":"cli-application"},{"blockedBy":["TASK-260715-2bocgg","TASK-260715-erqnfs","TASK-260715-2rbap5"],"id":"TASK-260715-3pofvo","name":"implement-output-flag-orchestration"},{"blockedBy":["STORY-260715-3ni02s","STORY-260715-1tdoj1"],"id":"STORY-260715-oym9iz","name":"delivery-quality-gates"},{"blockedBy":["TASK-260715-2r44i0","TASK-260715-25wdqr","TASK-260715-2lpg9c","TASK-260715-3fq1lx"],"id":"TASK-260715-4y3dqa","name":"run-final-go-quality-gates"}],"byType":{"bug":{"total":0,"todo":0,"active":0,"done":0,"closed":0,"blocked":0},"epic":{"total":1,"todo":0,"active":1,"done":0,"closed":0,"blocked":0},"story":{"total":7,"todo":5,"active":1,"done":1,"closed":0,"blocked":0},"task":{"total":14,"todo":9,"active":1,"done":4,"closed":0,"blocked":0}}}
===== SAMPLE 11:56:06 (elapsed 102s) =====
--- runs ---
RUN-260715-0b8429 completed ? ?
RUN-260715-1d29b1 completed ? ?
RUN-260715-219661 completed ? ?
RUN-260715-304b16 running ? ?
RUN-260715-4946b0 completed ? ?
RUN-260715-5c1e42 completed ? ?
RUN-260715-707ef8 running ? ?
RUN-260715-74a87a running ? ?
RUN-260715-76bdfa completed ? ?
RUN-260715-91953c completed ? ?
RUN-260715-9b2f39 completed ? ?
RUN-260715-9eb74d running ? ?
RUN-260715-b3fa1a completed ? ?
RUN-260715-b8aa0d completed ? ?
RUN-260715-eed856 completed ? ?
--- log sizes (bytes) ---
1028	/Users/alexis/src/relux-works/skill-swift-relux/.temp/orch-loop-probe/demo-project/.temp/logwork/TASK-260715-ci3o2j/-analyst--researcher--codex-.log
388	/Users/alexis/src/relux-works/skill-swift-relux/.temp/orch-loop-probe/demo-project/.temp/logwork/TASK-260715-ci3o2j/-reviewer--reviewer--codex-.log
204	/Users/alexis/src/relux-works/skill-swift-relux/.temp/orch-loop-probe/demo-project/.temp/logwork/TASK-260715-1zix5s/-implementer--developer--codex-.log
136	/Users/alexis/src/relux-works/skill-swift-relux/.temp/orch-loop-probe/demo-project/.temp/logwork/TASK-260715-1zix5s/-reviewer--reviewer--codex-.log
64	/Users/alexis/src/relux-works/skill-swift-relux/.temp/orch-loop-probe/demo-project/.temp/logwork/TASK-260715-2rbap5/-implementer--developer--codex-.log
160	/Users/alexis/src/relux-works/skill-swift-relux/.temp/orch-loop-probe/demo-project/.temp/logwork/TASK-260715-2bocgg/-implementer--developer--codex-.log
516	/Users/alexis/src/relux-works/skill-swift-relux/.temp/orch-loop-probe/demo-project/.temp/logwork/TASK-260715-ej266r/-analyst--researcher--codex-.log
204	/Users/alexis/src/relux-works/skill-swift-relux/.temp/orch-loop-probe/demo-project/.temp/logwork/TASK-260715-ej266r/-reviewer--reviewer--codex-.log
156	/Users/alexis/src/relux-works/skill-swift-relux/.temp/orch-loop-probe/demo-project/.temp/logwork/TASK-260715-erqnfs/-implementer--developer--codex-.log
788	/Users/alexis/src/relux-works/skill-swift-relux/.temp/orch-loop-probe/demo-project/.temp/logwork/TASK-260715-17r8i9/-analyst--orchestrator--codex-.log
644	/Users/alexis/src/relux-works/skill-swift-relux/.temp/orch-loop-probe/demo-project/.temp/logwork/TASK-260715-20iwb4/-analyst--solution-architect--codex-.log
332	/Users/alexis/src/relux-works/skill-swift-relux/.temp/orch-loop-probe/demo-project/.temp/logwork/TASK-260715-20iwb4/-reviewer--reviewer--codex-.log
--- board ---
summary:{"active":[{"id":"EPIC-260715-hb60an","name":"wordstats-cli","status":"development"},{"id":"STORY-260715-2rp9r2","name":"stats-engine","status":"development"},{"id":"TASK-260715-2bocgg","name":"implement-counting-logic","status":"development"},{"id":"TASK-260715-erqnfs","name":"implement-top-words-logic","status":"development"},{"id":"STORY-260715-l2vzgc","name":"orchestration","status":"analysis"},{"id":"TASK-260715-17r8i9","name":"orchestrate-wordstats-delivery","status":"analysis"},{"id":"STORY-260715-nb3xui","name":"cli-application","status":"development"},{"id":"TASK-260715-2rbap5","name":"implement-input-error-handling","status":"development"}],"blocked":[{"blockedBy":["STORY-260715-nb3xui"],"id":"STORY-260715-1tdoj1","name":"user-documentation"},{"blockedBy":["TASK-260715-3pofvo"],"id":"TASK-260715-3fq1lx","name":"document-wordstats-usage-tools"},{"blockedBy":["STORY-260715-2rp9r2","STORY-260715-nb3xui"],"id":"STORY-260715-3ni02s","name":"automated-verification"},{"blockedBy":["TASK-260715-erqnfs"],"id":"TASK-260715-25wdqr","name":"add-top-words-table-tests"},{"blockedBy":["TASK-260715-3pofvo"],"id":"TASK-260715-2lpg9c","name":"add-cli-contract-tests"},{"blockedBy":["TASK-260715-2bocgg"],"id":"TASK-260715-2r44i0","name":"add-counting-table-tests"},{"blockedBy":["STORY-260715-2rp9r2"],"id":"STORY-260715-nb3xui","name":"cli-application"},{"blockedBy":["TASK-260715-2bocgg","TASK-260715-erqnfs","TASK-260715-2rbap5"],"id":"TASK-260715-3pofvo","name":"implement-output-flag-orchestration"},{"blockedBy":["STORY-260715-3ni02s","STORY-260715-1tdoj1"],"id":"STORY-260715-oym9iz","name":"delivery-quality-gates"},{"blockedBy":["TASK-260715-2r44i0","TASK-260715-25wdqr","TASK-260715-2lpg9c","TASK-260715-3fq1lx"],"id":"TASK-260715-4y3dqa","name":"run-final-go-quality-gates"}],"byType":{"bug":{"total":0,"todo":0,"active":0,"done":0,"closed":0,"blocked":0},"epic":{"total":1,"todo":0,"active":1,"done":0,"closed":0,"blocked":0},"story":{"total":7,"todo":3,"active":3,"done":1,"closed":0,"blocked":0},"task":{"total":14,"todo":6,"active":4,"done":4,"closed":0,"blocked":0}}}
===== SAMPLE 11:56:26 (elapsed 122s) =====
--- runs ---
RUN-260715-0b8429 completed ? ?
RUN-260715-1d29b1 completed ? ?
RUN-260715-219661 completed ? ?
RUN-260715-304b16 running ? ?
RUN-260715-4946b0 completed ? ?
RUN-260715-5c1e42 completed ? ?
RUN-260715-707ef8 running ? ?
RUN-260715-74a87a running ? ?
RUN-260715-76bdfa completed ? ?
RUN-260715-91953c completed ? ?
RUN-260715-9b2f39 completed ? ?
RUN-260715-9eb74d running ? ?
RUN-260715-b3fa1a completed ? ?
RUN-260715-b8aa0d completed ? ?
RUN-260715-eed856 completed ? ?
--- log sizes (bytes) ---
1028	/Users/alexis/src/relux-works/skill-swift-relux/.temp/orch-loop-probe/demo-project/.temp/logwork/TASK-260715-ci3o2j/-analyst--researcher--codex-.log
388	/Users/alexis/src/relux-works/skill-swift-relux/.temp/orch-loop-probe/demo-project/.temp/logwork/TASK-260715-ci3o2j/-reviewer--reviewer--codex-.log
204	/Users/alexis/src/relux-works/skill-swift-relux/.temp/orch-loop-probe/demo-project/.temp/logwork/TASK-260715-1zix5s/-implementer--developer--codex-.log
136	/Users/alexis/src/relux-works/skill-swift-relux/.temp/orch-loop-probe/demo-project/.temp/logwork/TASK-260715-1zix5s/-reviewer--reviewer--codex-.log
160	/Users/alexis/src/relux-works/skill-swift-relux/.temp/orch-loop-probe/demo-project/.temp/logwork/TASK-260715-2rbap5/-implementer--developer--codex-.log
288	/Users/alexis/src/relux-works/skill-swift-relux/.temp/orch-loop-probe/demo-project/.temp/logwork/TASK-260715-2bocgg/-implementer--developer--codex-.log
516	/Users/alexis/src/relux-works/skill-swift-relux/.temp/orch-loop-probe/demo-project/.temp/logwork/TASK-260715-ej266r/-analyst--researcher--codex-.log
204	/Users/alexis/src/relux-works/skill-swift-relux/.temp/orch-loop-probe/demo-project/.temp/logwork/TASK-260715-ej266r/-reviewer--reviewer--codex-.log
284	/Users/alexis/src/relux-works/skill-swift-relux/.temp/orch-loop-probe/demo-project/.temp/logwork/TASK-260715-erqnfs/-implementer--developer--codex-.log
852	/Users/alexis/src/relux-works/skill-swift-relux/.temp/orch-loop-probe/demo-project/.temp/logwork/TASK-260715-17r8i9/-analyst--orchestrator--codex-.log
644	/Users/alexis/src/relux-works/skill-swift-relux/.temp/orch-loop-probe/demo-project/.temp/logwork/TASK-260715-20iwb4/-analyst--solution-architect--codex-.log
332	/Users/alexis/src/relux-works/skill-swift-relux/.temp/orch-loop-probe/demo-project/.temp/logwork/TASK-260715-20iwb4/-reviewer--reviewer--codex-.log
--- board ---
summary:{"active":[{"id":"EPIC-260715-hb60an","name":"wordstats-cli","status":"development"},{"id":"STORY-260715-2rp9r2","name":"stats-engine","status":"development"},{"id":"TASK-260715-2bocgg","name":"implement-counting-logic","status":"development"},{"id":"TASK-260715-erqnfs","name":"implement-top-words-logic","status":"development"},{"id":"STORY-260715-l2vzgc","name":"orchestration","status":"analysis"},{"id":"TASK-260715-17r8i9","name":"orchestrate-wordstats-delivery","status":"analysis"},{"id":"STORY-260715-nb3xui","name":"cli-application","status":"development"},{"id":"TASK-260715-2rbap5","name":"implement-input-error-handling","status":"development"}],"blocked":[{"blockedBy":["STORY-260715-nb3xui"],"id":"STORY-260715-1tdoj1","name":"user-documentation"},{"blockedBy":["TASK-260715-3pofvo"],"id":"TASK-260715-3fq1lx","name":"document-wordstats-usage-tools"},{"blockedBy":["STORY-260715-2rp9r2","STORY-260715-nb3xui"],"id":"STORY-260715-3ni02s","name":"automated-verification"},{"blockedBy":["TASK-260715-erqnfs"],"id":"TASK-260715-25wdqr","name":"add-top-words-table-tests"},{"blockedBy":["TASK-260715-3pofvo"],"id":"TASK-260715-2lpg9c","name":"add-cli-contract-tests"},{"blockedBy":["TASK-260715-2bocgg"],"id":"TASK-260715-2r44i0","name":"add-counting-table-tests"},{"blockedBy":["STORY-260715-2rp9r2"],"id":"STORY-260715-nb3xui","name":"cli-application"},{"blockedBy":["TASK-260715-2bocgg","TASK-260715-erqnfs","TASK-260715-2rbap5"],"id":"TASK-260715-3pofvo","name":"implement-output-flag-orchestration"},{"blockedBy":["STORY-260715-3ni02s","STORY-260715-1tdoj1"],"id":"STORY-260715-oym9iz","name":"delivery-quality-gates"},{"blockedBy":["TASK-260715-2r44i0","TASK-260715-25wdqr","TASK-260715-2lpg9c","TASK-260715-3fq1lx"],"id":"TASK-260715-4y3dqa","name":"run-final-go-quality-gates"}],"byType":{"bug":{"total":0,"todo":0,"active":0,"done":0,"closed":0,"blocked":0},"epic":{"total":1,"todo":0,"active":1,"done":0,"closed":0,"blocked":0},"story":{"total":7,"todo":3,"active":3,"done":1,"closed":0,"blocked":0},"task":{"total":14,"todo":6,"active":4,"done":4,"closed":0,"blocked":0}}}
===== SAMPLE 11:56:47 (elapsed 143s) =====
--- runs ---
RUN-260715-0b8429 completed ? ?
RUN-260715-1d29b1 completed ? ?
RUN-260715-219661 completed ? ?
RUN-260715-304b16 running ? ?
RUN-260715-4946b0 completed ? ?
RUN-260715-5c1e42 completed ? ?
RUN-260715-707ef8 running ? ?
RUN-260715-74a87a running ? ?
RUN-260715-76bdfa completed ? ?
RUN-260715-91953c completed ? ?
RUN-260715-9b2f39 completed ? ?
RUN-260715-9eb74d running ? ?
RUN-260715-b3fa1a completed ? ?
RUN-260715-b8aa0d completed ? ?
RUN-260715-eed856 completed ? ?
--- log sizes (bytes) ---
1028	/Users/alexis/src/relux-works/skill-swift-relux/.temp/orch-loop-probe/demo-project/.temp/logwork/TASK-260715-ci3o2j/-analyst--researcher--codex-.log
388	/Users/alexis/src/relux-works/skill-swift-relux/.temp/orch-loop-probe/demo-project/.temp/logwork/TASK-260715-ci3o2j/-reviewer--reviewer--codex-.log
204	/Users/alexis/src/relux-works/skill-swift-relux/.temp/orch-loop-probe/demo-project/.temp/logwork/TASK-260715-1zix5s/-implementer--developer--codex-.log
136	/Users/alexis/src/relux-works/skill-swift-relux/.temp/orch-loop-probe/demo-project/.temp/logwork/TASK-260715-1zix5s/-reviewer--reviewer--codex-.log
160	/Users/alexis/src/relux-works/skill-swift-relux/.temp/orch-loop-probe/demo-project/.temp/logwork/TASK-260715-2rbap5/-implementer--developer--codex-.log
288	/Users/alexis/src/relux-works/skill-swift-relux/.temp/orch-loop-probe/demo-project/.temp/logwork/TASK-260715-2bocgg/-implementer--developer--codex-.log
516	/Users/alexis/src/relux-works/skill-swift-relux/.temp/orch-loop-probe/demo-project/.temp/logwork/TASK-260715-ej266r/-analyst--researcher--codex-.log
204	/Users/alexis/src/relux-works/skill-swift-relux/.temp/orch-loop-probe/demo-project/.temp/logwork/TASK-260715-ej266r/-reviewer--reviewer--codex-.log
284	/Users/alexis/src/relux-works/skill-swift-relux/.temp/orch-loop-probe/demo-project/.temp/logwork/TASK-260715-erqnfs/-implementer--developer--codex-.log
852	/Users/alexis/src/relux-works/skill-swift-relux/.temp/orch-loop-probe/demo-project/.temp/logwork/TASK-260715-17r8i9/-analyst--orchestrator--codex-.log
644	/Users/alexis/src/relux-works/skill-swift-relux/.temp/orch-loop-probe/demo-project/.temp/logwork/TASK-260715-20iwb4/-analyst--solution-architect--codex-.log
332	/Users/alexis/src/relux-works/skill-swift-relux/.temp/orch-loop-probe/demo-project/.temp/logwork/TASK-260715-20iwb4/-reviewer--reviewer--codex-.log
--- board ---
summary:{"active":[{"id":"EPIC-260715-hb60an","name":"wordstats-cli","status":"development"},{"id":"STORY-260715-2rp9r2","name":"stats-engine","status":"development"},{"id":"TASK-260715-2bocgg","name":"implement-counting-logic","status":"development"},{"id":"TASK-260715-erqnfs","name":"implement-top-words-logic","status":"development"},{"id":"STORY-260715-l2vzgc","name":"orchestration","status":"analysis"},{"id":"TASK-260715-17r8i9","name":"orchestrate-wordstats-delivery","status":"analysis"},{"id":"STORY-260715-nb3xui","name":"cli-application","status":"development"},{"id":"TASK-260715-2rbap5","name":"implement-input-error-handling","status":"development"}],"blocked":[{"blockedBy":["STORY-260715-nb3xui"],"id":"STORY-260715-1tdoj1","name":"user-documentation"},{"blockedBy":["TASK-260715-3pofvo"],"id":"TASK-260715-3fq1lx","name":"document-wordstats-usage-tools"},{"blockedBy":["STORY-260715-2rp9r2","STORY-260715-nb3xui"],"id":"STORY-260715-3ni02s","name":"automated-verification"},{"blockedBy":["TASK-260715-erqnfs"],"id":"TASK-260715-25wdqr","name":"add-top-words-table-tests"},{"blockedBy":["TASK-260715-3pofvo"],"id":"TASK-260715-2lpg9c","name":"add-cli-contract-tests"},{"blockedBy":["TASK-260715-2bocgg"],"id":"TASK-260715-2r44i0","name":"add-counting-table-tests"},{"blockedBy":["STORY-260715-2rp9r2"],"id":"STORY-260715-nb3xui","name":"cli-application"},{"blockedBy":["TASK-260715-2bocgg","TASK-260715-erqnfs","TASK-260715-2rbap5"],"id":"TASK-260715-3pofvo","name":"implement-output-flag-orchestration"},{"blockedBy":["STORY-260715-3ni02s","STORY-260715-1tdoj1"],"id":"STORY-260715-oym9iz","name":"delivery-quality-gates"},{"blockedBy":["TASK-260715-2r44i0","TASK-260715-25wdqr","TASK-260715-2lpg9c","TASK-260715-3fq1lx"],"id":"TASK-260715-4y3dqa","name":"run-final-go-quality-gates"}],"byType":{"bug":{"total":0,"todo":0,"active":0,"done":0,"closed":0,"blocked":0},"epic":{"total":1,"todo":0,"active":1,"done":0,"closed":0,"blocked":0},"story":{"total":7,"todo":3,"active":3,"done":1,"closed":0,"blocked":0},"task":{"total":14,"todo":6,"active":4,"done":4,"closed":0,"blocked":0}}}
===== SAMPLE 11:57:07 (elapsed 163s) =====
--- runs ---
RUN-260715-0b8429 completed ? ?
RUN-260715-1d29b1 completed ? ?
RUN-260715-219661 completed ? ?
RUN-260715-304b16 running ? ?
RUN-260715-4946b0 completed ? ?
RUN-260715-5c1e42 completed ? ?
RUN-260715-707ef8 running ? ?
RUN-260715-74a87a running ? ?
RUN-260715-76bdfa completed ? ?
RUN-260715-91953c completed ? ?
RUN-260715-9b2f39 completed ? ?
RUN-260715-9eb74d running ? ?
RUN-260715-b3fa1a completed ? ?
RUN-260715-b8aa0d completed ? ?
RUN-260715-eed856 completed ? ?
--- log sizes (bytes) ---
1028	/Users/alexis/src/relux-works/skill-swift-relux/.temp/orch-loop-probe/demo-project/.temp/logwork/TASK-260715-ci3o2j/-analyst--researcher--codex-.log
388	/Users/alexis/src/relux-works/skill-swift-relux/.temp/orch-loop-probe/demo-project/.temp/logwork/TASK-260715-ci3o2j/-reviewer--reviewer--codex-.log
204	/Users/alexis/src/relux-works/skill-swift-relux/.temp/orch-loop-probe/demo-project/.temp/logwork/TASK-260715-1zix5s/-implementer--developer--codex-.log
136	/Users/alexis/src/relux-works/skill-swift-relux/.temp/orch-loop-probe/demo-project/.temp/logwork/TASK-260715-1zix5s/-reviewer--reviewer--codex-.log
224	/Users/alexis/src/relux-works/skill-swift-relux/.temp/orch-loop-probe/demo-project/.temp/logwork/TASK-260715-2rbap5/-implementer--developer--codex-.log
352	/Users/alexis/src/relux-works/skill-swift-relux/.temp/orch-loop-probe/demo-project/.temp/logwork/TASK-260715-2bocgg/-implementer--developer--codex-.log
516	/Users/alexis/src/relux-works/skill-swift-relux/.temp/orch-loop-probe/demo-project/.temp/logwork/TASK-260715-ej266r/-analyst--researcher--codex-.log
204	/Users/alexis/src/relux-works/skill-swift-relux/.temp/orch-loop-probe/demo-project/.temp/logwork/TASK-260715-ej266r/-reviewer--reviewer--codex-.log
348	/Users/alexis/src/relux-works/skill-swift-relux/.temp/orch-loop-probe/demo-project/.temp/logwork/TASK-260715-erqnfs/-implementer--developer--codex-.log
852	/Users/alexis/src/relux-works/skill-swift-relux/.temp/orch-loop-probe/demo-project/.temp/logwork/TASK-260715-17r8i9/-analyst--orchestrator--codex-.log
644	/Users/alexis/src/relux-works/skill-swift-relux/.temp/orch-loop-probe/demo-project/.temp/logwork/TASK-260715-20iwb4/-analyst--solution-architect--codex-.log
332	/Users/alexis/src/relux-works/skill-swift-relux/.temp/orch-loop-probe/demo-project/.temp/logwork/TASK-260715-20iwb4/-reviewer--reviewer--codex-.log
--- board ---
summary:{"active":[{"id":"EPIC-260715-hb60an","name":"wordstats-cli","status":"development"},{"id":"STORY-260715-2rp9r2","name":"stats-engine","status":"development"},{"id":"TASK-260715-2bocgg","name":"implement-counting-logic","status":"development"},{"id":"TASK-260715-erqnfs","name":"implement-top-words-logic","status":"development"},{"id":"STORY-260715-l2vzgc","name":"orchestration","status":"analysis"},{"id":"TASK-260715-17r8i9","name":"orchestrate-wordstats-delivery","status":"analysis"},{"id":"STORY-260715-nb3xui","name":"cli-application","status":"development"},{"id":"TASK-260715-2rbap5","name":"implement-input-error-handling","status":"development"}],"blocked":[{"blockedBy":["STORY-260715-nb3xui"],"id":"STORY-260715-1tdoj1","name":"user-documentation"},{"blockedBy":["TASK-260715-3pofvo"],"id":"TASK-260715-3fq1lx","name":"document-wordstats-usage-tools"},{"blockedBy":["STORY-260715-2rp9r2","STORY-260715-nb3xui"],"id":"STORY-260715-3ni02s","name":"automated-verification"},{"blockedBy":["TASK-260715-erqnfs"],"id":"TASK-260715-25wdqr","name":"add-top-words-table-tests"},{"blockedBy":["TASK-260715-3pofvo"],"id":"TASK-260715-2lpg9c","name":"add-cli-contract-tests"},{"blockedBy":["TASK-260715-2bocgg"],"id":"TASK-260715-2r44i0","name":"add-counting-table-tests"},{"blockedBy":["STORY-260715-2rp9r2"],"id":"STORY-260715-nb3xui","name":"cli-application"},{"blockedBy":["TASK-260715-2bocgg","TASK-260715-erqnfs","TASK-260715-2rbap5"],"id":"TASK-260715-3pofvo","name":"implement-output-flag-orchestration"},{"blockedBy":["STORY-260715-3ni02s","STORY-260715-1tdoj1"],"id":"STORY-260715-oym9iz","name":"delivery-quality-gates"},{"blockedBy":["TASK-260715-2r44i0","TASK-260715-25wdqr","TASK-260715-2lpg9c","TASK-260715-3fq1lx"],"id":"TASK-260715-4y3dqa","name":"run-final-go-quality-gates"}],"byType":{"bug":{"total":0,"todo":0,"active":0,"done":0,"closed":0,"blocked":0},"epic":{"total":1,"todo":0,"active":1,"done":0,"closed":0,"blocked":0},"story":{"total":7,"todo":3,"active":3,"done":1,"closed":0,"blocked":0},"task":{"total":14,"todo":6,"active":4,"done":4,"closed":0,"blocked":0}}}
===== SAMPLE 11:57:28 (elapsed 184s) =====
--- runs ---
RUN-260715-0b8429 completed ? ?
RUN-260715-1d29b1 completed ? ?
RUN-260715-219661 completed ? ?
RUN-260715-304b16 running ? ?
RUN-260715-4946b0 completed ? ?
RUN-260715-5c1e42 completed ? ?
RUN-260715-707ef8 running ? ?
RUN-260715-74a87a running ? ?
RUN-260715-76bdfa completed ? ?
RUN-260715-91953c completed ? ?
RUN-260715-9b2f39 completed ? ?
RUN-260715-9eb74d running ? ?
RUN-260715-b3fa1a completed ? ?
RUN-260715-b8aa0d completed ? ?
RUN-260715-eed856 completed ? ?
--- log sizes (bytes) ---
1028	/Users/alexis/src/relux-works/skill-swift-relux/.temp/orch-loop-probe/demo-project/.temp/logwork/TASK-260715-ci3o2j/-analyst--researcher--codex-.log
388	/Users/alexis/src/relux-works/skill-swift-relux/.temp/orch-loop-probe/demo-project/.temp/logwork/TASK-260715-ci3o2j/-reviewer--reviewer--codex-.log
204	/Users/alexis/src/relux-works/skill-swift-relux/.temp/orch-loop-probe/demo-project/.temp/logwork/TASK-260715-1zix5s/-implementer--developer--codex-.log
136	/Users/alexis/src/relux-works/skill-swift-relux/.temp/orch-loop-probe/demo-project/.temp/logwork/TASK-260715-1zix5s/-reviewer--reviewer--codex-.log
224	/Users/alexis/src/relux-works/skill-swift-relux/.temp/orch-loop-probe/demo-project/.temp/logwork/TASK-260715-2rbap5/-implementer--developer--codex-.log
352	/Users/alexis/src/relux-works/skill-swift-relux/.temp/orch-loop-probe/demo-project/.temp/logwork/TASK-260715-2bocgg/-implementer--developer--codex-.log
516	/Users/alexis/src/relux-works/skill-swift-relux/.temp/orch-loop-probe/demo-project/.temp/logwork/TASK-260715-ej266r/-analyst--researcher--codex-.log
204	/Users/alexis/src/relux-works/skill-swift-relux/.temp/orch-loop-probe/demo-project/.temp/logwork/TASK-260715-ej266r/-reviewer--reviewer--codex-.log
348	/Users/alexis/src/relux-works/skill-swift-relux/.temp/orch-loop-probe/demo-project/.temp/logwork/TASK-260715-erqnfs/-implementer--developer--codex-.log
852	/Users/alexis/src/relux-works/skill-swift-relux/.temp/orch-loop-probe/demo-project/.temp/logwork/TASK-260715-17r8i9/-analyst--orchestrator--codex-.log
644	/Users/alexis/src/relux-works/skill-swift-relux/.temp/orch-loop-probe/demo-project/.temp/logwork/TASK-260715-20iwb4/-analyst--solution-architect--codex-.log
332	/Users/alexis/src/relux-works/skill-swift-relux/.temp/orch-loop-probe/demo-project/.temp/logwork/TASK-260715-20iwb4/-reviewer--reviewer--codex-.log
--- board ---
summary:{"active":[{"id":"EPIC-260715-hb60an","name":"wordstats-cli","status":"development"},{"id":"STORY-260715-2rp9r2","name":"stats-engine","status":"development"},{"id":"TASK-260715-2bocgg","name":"implement-counting-logic","status":"development"},{"id":"TASK-260715-erqnfs","name":"implement-top-words-logic","status":"development"},{"id":"STORY-260715-l2vzgc","name":"orchestration","status":"analysis"},{"id":"TASK-260715-17r8i9","name":"orchestrate-wordstats-delivery","status":"analysis"},{"id":"STORY-260715-nb3xui","name":"cli-application","status":"development"},{"id":"TASK-260715-2rbap5","name":"implement-input-error-handling","status":"development"}],"blocked":[{"blockedBy":["STORY-260715-nb3xui"],"id":"STORY-260715-1tdoj1","name":"user-documentation"},{"blockedBy":["TASK-260715-3pofvo"],"id":"TASK-260715-3fq1lx","name":"document-wordstats-usage-tools"},{"blockedBy":["STORY-260715-2rp9r2","STORY-260715-nb3xui"],"id":"STORY-260715-3ni02s","name":"automated-verification"},{"blockedBy":["TASK-260715-erqnfs"],"id":"TASK-260715-25wdqr","name":"add-top-words-table-tests"},{"blockedBy":["TASK-260715-3pofvo"],"id":"TASK-260715-2lpg9c","name":"add-cli-contract-tests"},{"blockedBy":["TASK-260715-2bocgg"],"id":"TASK-260715-2r44i0","name":"add-counting-table-tests"},{"blockedBy":["STORY-260715-2rp9r2"],"id":"STORY-260715-nb3xui","name":"cli-application"},{"blockedBy":["TASK-260715-2bocgg","TASK-260715-erqnfs","TASK-260715-2rbap5"],"id":"TASK-260715-3pofvo","name":"implement-output-flag-orchestration"},{"blockedBy":["STORY-260715-3ni02s","STORY-260715-1tdoj1"],"id":"STORY-260715-oym9iz","name":"delivery-quality-gates"},{"blockedBy":["TASK-260715-2r44i0","TASK-260715-25wdqr","TASK-260715-2lpg9c","TASK-260715-3fq1lx"],"id":"TASK-260715-4y3dqa","name":"run-final-go-quality-gates"}],"byType":{"bug":{"total":0,"todo":0,"active":0,"done":0,"closed":0,"blocked":0},"epic":{"total":1,"todo":0,"active":1,"done":0,"closed":0,"blocked":0},"story":{"total":7,"todo":3,"active":3,"done":1,"closed":0,"blocked":0},"task":{"total":14,"todo":6,"active":4,"done":4,"closed":0,"blocked":0}}}
===== SAMPLE 11:57:48 (elapsed 204s) =====
--- runs ---
RUN-260715-0b8429 completed ? ?
RUN-260715-1d29b1 completed ? ?
RUN-260715-219661 completed ? ?
RUN-260715-304b16 running ? ?
RUN-260715-4946b0 completed ? ?
RUN-260715-5c1e42 completed ? ?
RUN-260715-707ef8 running ? ?
RUN-260715-74a87a running ? ?
RUN-260715-76bdfa completed ? ?
RUN-260715-91953c completed ? ?
RUN-260715-9b2f39 completed ? ?
RUN-260715-9eb74d running ? ?
RUN-260715-b3fa1a completed ? ?
RUN-260715-b8aa0d completed ? ?
RUN-260715-eed856 completed ? ?
--- log sizes (bytes) ---
1028	/Users/alexis/src/relux-works/skill-swift-relux/.temp/orch-loop-probe/demo-project/.temp/logwork/TASK-260715-ci3o2j/-analyst--researcher--codex-.log
388	/Users/alexis/src/relux-works/skill-swift-relux/.temp/orch-loop-probe/demo-project/.temp/logwork/TASK-260715-ci3o2j/-reviewer--reviewer--codex-.log
204	/Users/alexis/src/relux-works/skill-swift-relux/.temp/orch-loop-probe/demo-project/.temp/logwork/TASK-260715-1zix5s/-implementer--developer--codex-.log
136	/Users/alexis/src/relux-works/skill-swift-relux/.temp/orch-loop-probe/demo-project/.temp/logwork/TASK-260715-1zix5s/-reviewer--reviewer--codex-.log
224	/Users/alexis/src/relux-works/skill-swift-relux/.temp/orch-loop-probe/demo-project/.temp/logwork/TASK-260715-2rbap5/-implementer--developer--codex-.log
352	/Users/alexis/src/relux-works/skill-swift-relux/.temp/orch-loop-probe/demo-project/.temp/logwork/TASK-260715-2bocgg/-implementer--developer--codex-.log
516	/Users/alexis/src/relux-works/skill-swift-relux/.temp/orch-loop-probe/demo-project/.temp/logwork/TASK-260715-ej266r/-analyst--researcher--codex-.log
204	/Users/alexis/src/relux-works/skill-swift-relux/.temp/orch-loop-probe/demo-project/.temp/logwork/TASK-260715-ej266r/-reviewer--reviewer--codex-.log
348	/Users/alexis/src/relux-works/skill-swift-relux/.temp/orch-loop-probe/demo-project/.temp/logwork/TASK-260715-erqnfs/-implementer--developer--codex-.log
852	/Users/alexis/src/relux-works/skill-swift-relux/.temp/orch-loop-probe/demo-project/.temp/logwork/TASK-260715-17r8i9/-analyst--orchestrator--codex-.log
644	/Users/alexis/src/relux-works/skill-swift-relux/.temp/orch-loop-probe/demo-project/.temp/logwork/TASK-260715-20iwb4/-analyst--solution-architect--codex-.log
332	/Users/alexis/src/relux-works/skill-swift-relux/.temp/orch-loop-probe/demo-project/.temp/logwork/TASK-260715-20iwb4/-reviewer--reviewer--codex-.log
--- board ---
summary:{"active":[{"id":"EPIC-260715-hb60an","name":"wordstats-cli","status":"development"},{"id":"STORY-260715-2rp9r2","name":"stats-engine","status":"development"},{"id":"TASK-260715-2bocgg","name":"implement-counting-logic","status":"development"},{"id":"TASK-260715-erqnfs","name":"implement-top-words-logic","status":"development"},{"id":"STORY-260715-l2vzgc","name":"orchestration","status":"analysis"},{"id":"TASK-260715-17r8i9","name":"orchestrate-wordstats-delivery","status":"analysis"},{"id":"STORY-260715-nb3xui","name":"cli-application","status":"development"},{"id":"TASK-260715-2rbap5","name":"implement-input-error-handling","status":"development"}],"blocked":[{"blockedBy":["STORY-260715-nb3xui"],"id":"STORY-260715-1tdoj1","name":"user-documentation"},{"blockedBy":["TASK-260715-3pofvo"],"id":"TASK-260715-3fq1lx","name":"document-wordstats-usage-tools"},{"blockedBy":["STORY-260715-2rp9r2","STORY-260715-nb3xui"],"id":"STORY-260715-3ni02s","name":"automated-verification"},{"blockedBy":["TASK-260715-erqnfs"],"id":"TASK-260715-25wdqr","name":"add-top-words-table-tests"},{"blockedBy":["TASK-260715-3pofvo"],"id":"TASK-260715-2lpg9c","name":"add-cli-contract-tests"},{"blockedBy":["TASK-260715-2bocgg"],"id":"TASK-260715-2r44i0","name":"add-counting-table-tests"},{"blockedBy":["STORY-260715-2rp9r2"],"id":"STORY-260715-nb3xui","name":"cli-application"},{"blockedBy":["TASK-260715-2bocgg","TASK-260715-erqnfs","TASK-260715-2rbap5"],"id":"TASK-260715-3pofvo","name":"implement-output-flag-orchestration"},{"blockedBy":["STORY-260715-3ni02s","STORY-260715-1tdoj1"],"id":"STORY-260715-oym9iz","name":"delivery-quality-gates"},{"blockedBy":["TASK-260715-2r44i0","TASK-260715-25wdqr","TASK-260715-2lpg9c","TASK-260715-3fq1lx"],"id":"TASK-260715-4y3dqa","name":"run-final-go-quality-gates"}],"byType":{"bug":{"total":0,"todo":0,"active":0,"done":0,"closed":0,"blocked":0},"epic":{"total":1,"todo":0,"active":1,"done":0,"closed":0,"blocked":0},"story":{"total":7,"todo":3,"active":3,"done":1,"closed":0,"blocked":0},"task":{"total":14,"todo":6,"active":4,"done":4,"closed":0,"blocked":0}}}
===== SAMPLE 11:58:09 (elapsed 225s) =====
--- runs ---
RUN-260715-0b8429 completed ? ?
RUN-260715-1d29b1 completed ? ?
RUN-260715-219661 completed ? ?
RUN-260715-304b16 running ? ?
RUN-260715-4946b0 completed ? ?
RUN-260715-5c1e42 completed ? ?
RUN-260715-707ef8 running ? ?
RUN-260715-74a87a running ? ?
RUN-260715-76bdfa completed ? ?
RUN-260715-91953c completed ? ?
RUN-260715-9b2f39 completed ? ?
RUN-260715-9eb74d running ? ?
RUN-260715-b3fa1a completed ? ?
RUN-260715-b8aa0d completed ? ?
RUN-260715-eed856 completed ? ?
--- log sizes (bytes) ---
1028	/Users/alexis/src/relux-works/skill-swift-relux/.temp/orch-loop-probe/demo-project/.temp/logwork/TASK-260715-ci3o2j/-analyst--researcher--codex-.log
388	/Users/alexis/src/relux-works/skill-swift-relux/.temp/orch-loop-probe/demo-project/.temp/logwork/TASK-260715-ci3o2j/-reviewer--reviewer--codex-.log
204	/Users/alexis/src/relux-works/skill-swift-relux/.temp/orch-loop-probe/demo-project/.temp/logwork/TASK-260715-1zix5s/-implementer--developer--codex-.log
136	/Users/alexis/src/relux-works/skill-swift-relux/.temp/orch-loop-probe/demo-project/.temp/logwork/TASK-260715-1zix5s/-reviewer--reviewer--codex-.log
224	/Users/alexis/src/relux-works/skill-swift-relux/.temp/orch-loop-probe/demo-project/.temp/logwork/TASK-260715-2rbap5/-implementer--developer--codex-.log
352	/Users/alexis/src/relux-works/skill-swift-relux/.temp/orch-loop-probe/demo-project/.temp/logwork/TASK-260715-2bocgg/-implementer--developer--codex-.log
516	/Users/alexis/src/relux-works/skill-swift-relux/.temp/orch-loop-probe/demo-project/.temp/logwork/TASK-260715-ej266r/-analyst--researcher--codex-.log
204	/Users/alexis/src/relux-works/skill-swift-relux/.temp/orch-loop-probe/demo-project/.temp/logwork/TASK-260715-ej266r/-reviewer--reviewer--codex-.log
348	/Users/alexis/src/relux-works/skill-swift-relux/.temp/orch-loop-probe/demo-project/.temp/logwork/TASK-260715-erqnfs/-implementer--developer--codex-.log
852	/Users/alexis/src/relux-works/skill-swift-relux/.temp/orch-loop-probe/demo-project/.temp/logwork/TASK-260715-17r8i9/-analyst--orchestrator--codex-.log
644	/Users/alexis/src/relux-works/skill-swift-relux/.temp/orch-loop-probe/demo-project/.temp/logwork/TASK-260715-20iwb4/-analyst--solution-architect--codex-.log
332	/Users/alexis/src/relux-works/skill-swift-relux/.temp/orch-loop-probe/demo-project/.temp/logwork/TASK-260715-20iwb4/-reviewer--reviewer--codex-.log
--- board ---
summary:{"active":[{"id":"EPIC-260715-hb60an","name":"wordstats-cli","status":"development"},{"id":"STORY-260715-2rp9r2","name":"stats-engine","status":"development"},{"id":"TASK-260715-2bocgg","name":"implement-counting-logic","status":"development"},{"id":"TASK-260715-erqnfs","name":"implement-top-words-logic","status":"development"},{"id":"STORY-260715-l2vzgc","name":"orchestration","status":"analysis"},{"id":"TASK-260715-17r8i9","name":"orchestrate-wordstats-delivery","status":"analysis"},{"id":"STORY-260715-nb3xui","name":"cli-application","status":"development"},{"id":"TASK-260715-2rbap5","name":"implement-input-error-handling","status":"development"}],"blocked":[{"blockedBy":["STORY-260715-nb3xui"],"id":"STORY-260715-1tdoj1","name":"user-documentation"},{"blockedBy":["TASK-260715-3pofvo"],"id":"TASK-260715-3fq1lx","name":"document-wordstats-usage-tools"},{"blockedBy":["STORY-260715-2rp9r2","STORY-260715-nb3xui"],"id":"STORY-260715-3ni02s","name":"automated-verification"},{"blockedBy":["TASK-260715-erqnfs"],"id":"TASK-260715-25wdqr","name":"add-top-words-table-tests"},{"blockedBy":["TASK-260715-3pofvo"],"id":"TASK-260715-2lpg9c","name":"add-cli-contract-tests"},{"blockedBy":["TASK-260715-2bocgg"],"id":"TASK-260715-2r44i0","name":"add-counting-table-tests"},{"blockedBy":["STORY-260715-2rp9r2"],"id":"STORY-260715-nb3xui","name":"cli-application"},{"blockedBy":["TASK-260715-2bocgg","TASK-260715-erqnfs","TASK-260715-2rbap5"],"id":"TASK-260715-3pofvo","name":"implement-output-flag-orchestration"},{"blockedBy":["STORY-260715-3ni02s","STORY-260715-1tdoj1"],"id":"STORY-260715-oym9iz","name":"delivery-quality-gates"},{"blockedBy":["TASK-260715-2r44i0","TASK-260715-25wdqr","TASK-260715-2lpg9c","TASK-260715-3fq1lx"],"id":"TASK-260715-4y3dqa","name":"run-final-go-quality-gates"}],"byType":{"bug":{"total":0,"todo":0,"active":0,"done":0,"closed":0,"blocked":0},"epic":{"total":1,"todo":0,"active":1,"done":0,"closed":0,"blocked":0},"story":{"total":7,"todo":3,"active":3,"done":1,"closed":0,"blocked":0},"task":{"total":14,"todo":6,"active":4,"done":4,"closed":0,"blocked":0}}}
===== SAMPLE 11:58:29 (elapsed 245s) =====
--- runs ---
RUN-260715-0b8429 completed ? ?
RUN-260715-1d29b1 completed ? ?
RUN-260715-219661 completed ? ?
RUN-260715-304b16 running ? ?
RUN-260715-4946b0 completed ? ?
RUN-260715-5c1e42 completed ? ?
RUN-260715-707ef8 running ? ?
RUN-260715-74a87a running ? ?
RUN-260715-76bdfa completed ? ?
RUN-260715-91953c completed ? ?
RUN-260715-9b2f39 completed ? ?
RUN-260715-9eb74d running ? ?
RUN-260715-b3fa1a completed ? ?
RUN-260715-b8aa0d completed ? ?
RUN-260715-eed856 completed ? ?
--- log sizes (bytes) ---
1028	/Users/alexis/src/relux-works/skill-swift-relux/.temp/orch-loop-probe/demo-project/.temp/logwork/TASK-260715-ci3o2j/-analyst--researcher--codex-.log
388	/Users/alexis/src/relux-works/skill-swift-relux/.temp/orch-loop-probe/demo-project/.temp/logwork/TASK-260715-ci3o2j/-reviewer--reviewer--codex-.log
204	/Users/alexis/src/relux-works/skill-swift-relux/.temp/orch-loop-probe/demo-project/.temp/logwork/TASK-260715-1zix5s/-implementer--developer--codex-.log
136	/Users/alexis/src/relux-works/skill-swift-relux/.temp/orch-loop-probe/demo-project/.temp/logwork/TASK-260715-1zix5s/-reviewer--reviewer--codex-.log
224	/Users/alexis/src/relux-works/skill-swift-relux/.temp/orch-loop-probe/demo-project/.temp/logwork/TASK-260715-2rbap5/-implementer--developer--codex-.log
352	/Users/alexis/src/relux-works/skill-swift-relux/.temp/orch-loop-probe/demo-project/.temp/logwork/TASK-260715-2bocgg/-implementer--developer--codex-.log
516	/Users/alexis/src/relux-works/skill-swift-relux/.temp/orch-loop-probe/demo-project/.temp/logwork/TASK-260715-ej266r/-analyst--researcher--codex-.log
204	/Users/alexis/src/relux-works/skill-swift-relux/.temp/orch-loop-probe/demo-project/.temp/logwork/TASK-260715-ej266r/-reviewer--reviewer--codex-.log
348	/Users/alexis/src/relux-works/skill-swift-relux/.temp/orch-loop-probe/demo-project/.temp/logwork/TASK-260715-erqnfs/-implementer--developer--codex-.log
852	/Users/alexis/src/relux-works/skill-swift-relux/.temp/orch-loop-probe/demo-project/.temp/logwork/TASK-260715-17r8i9/-analyst--orchestrator--codex-.log
644	/Users/alexis/src/relux-works/skill-swift-relux/.temp/orch-loop-probe/demo-project/.temp/logwork/TASK-260715-20iwb4/-analyst--solution-architect--codex-.log
332	/Users/alexis/src/relux-works/skill-swift-relux/.temp/orch-loop-probe/demo-project/.temp/logwork/TASK-260715-20iwb4/-reviewer--reviewer--codex-.log
--- board ---
summary:{"active":[{"id":"EPIC-260715-hb60an","name":"wordstats-cli","status":"development"},{"id":"STORY-260715-2rp9r2","name":"stats-engine","status":"development"},{"id":"TASK-260715-2bocgg","name":"implement-counting-logic","status":"development"},{"id":"TASK-260715-erqnfs","name":"implement-top-words-logic","status":"development"},{"id":"STORY-260715-l2vzgc","name":"orchestration","status":"analysis"},{"id":"TASK-260715-17r8i9","name":"orchestrate-wordstats-delivery","status":"analysis"},{"id":"STORY-260715-nb3xui","name":"cli-application","status":"development"},{"id":"TASK-260715-2rbap5","name":"implement-input-error-handling","status":"development"}],"blocked":[{"blockedBy":["STORY-260715-nb3xui"],"id":"STORY-260715-1tdoj1","name":"user-documentation"},{"blockedBy":["TASK-260715-3pofvo"],"id":"TASK-260715-3fq1lx","name":"document-wordstats-usage-tools"},{"blockedBy":["STORY-260715-2rp9r2","STORY-260715-nb3xui"],"id":"STORY-260715-3ni02s","name":"automated-verification"},{"blockedBy":["TASK-260715-erqnfs"],"id":"TASK-260715-25wdqr","name":"add-top-words-table-tests"},{"blockedBy":["TASK-260715-3pofvo"],"id":"TASK-260715-2lpg9c","name":"add-cli-contract-tests"},{"blockedBy":["TASK-260715-2bocgg"],"id":"TASK-260715-2r44i0","name":"add-counting-table-tests"},{"blockedBy":["STORY-260715-2rp9r2"],"id":"STORY-260715-nb3xui","name":"cli-application"},{"blockedBy":["TASK-260715-2bocgg","TASK-260715-erqnfs","TASK-260715-2rbap5"],"id":"TASK-260715-3pofvo","name":"implement-output-flag-orchestration"},{"blockedBy":["STORY-260715-3ni02s","STORY-260715-1tdoj1"],"id":"STORY-260715-oym9iz","name":"delivery-quality-gates"},{"blockedBy":["TASK-260715-2r44i0","TASK-260715-25wdqr","TASK-260715-2lpg9c","TASK-260715-3fq1lx"],"id":"TASK-260715-4y3dqa","name":"run-final-go-quality-gates"}],"byType":{"bug":{"total":0,"todo":0,"active":0,"done":0,"closed":0,"blocked":0},"epic":{"total":1,"todo":0,"active":1,"done":0,"closed":0,"blocked":0},"story":{"total":7,"todo":3,"active":3,"done":1,"closed":0,"blocked":0},"task":{"total":14,"todo":6,"active":4,"done":4,"closed":0,"blocked":0}}}
===== SAMPLE 11:58:50 (elapsed 266s) =====
--- runs ---
RUN-260715-0b8429 completed ? ?
RUN-260715-1d29b1 completed ? ?
RUN-260715-219661 completed ? ?
RUN-260715-304b16 running ? ?
RUN-260715-4946b0 completed ? ?
RUN-260715-5c1e42 completed ? ?
RUN-260715-707ef8 running ? ?
RUN-260715-74a87a running ? ?
RUN-260715-76bdfa completed ? ?
RUN-260715-91953c completed ? ?
RUN-260715-9b2f39 completed ? ?
RUN-260715-9eb74d running ? ?
RUN-260715-b3fa1a completed ? ?
RUN-260715-b8aa0d completed ? ?
RUN-260715-eed856 completed ? ?
--- log sizes (bytes) ---
1028	/Users/alexis/src/relux-works/skill-swift-relux/.temp/orch-loop-probe/demo-project/.temp/logwork/TASK-260715-ci3o2j/-analyst--researcher--codex-.log
388	/Users/alexis/src/relux-works/skill-swift-relux/.temp/orch-loop-probe/demo-project/.temp/logwork/TASK-260715-ci3o2j/-reviewer--reviewer--codex-.log
204	/Users/alexis/src/relux-works/skill-swift-relux/.temp/orch-loop-probe/demo-project/.temp/logwork/TASK-260715-1zix5s/-implementer--developer--codex-.log
136	/Users/alexis/src/relux-works/skill-swift-relux/.temp/orch-loop-probe/demo-project/.temp/logwork/TASK-260715-1zix5s/-reviewer--reviewer--codex-.log
224	/Users/alexis/src/relux-works/skill-swift-relux/.temp/orch-loop-probe/demo-project/.temp/logwork/TASK-260715-2rbap5/-implementer--developer--codex-.log
352	/Users/alexis/src/relux-works/skill-swift-relux/.temp/orch-loop-probe/demo-project/.temp/logwork/TASK-260715-2bocgg/-implementer--developer--codex-.log
516	/Users/alexis/src/relux-works/skill-swift-relux/.temp/orch-loop-probe/demo-project/.temp/logwork/TASK-260715-ej266r/-analyst--researcher--codex-.log
204	/Users/alexis/src/relux-works/skill-swift-relux/.temp/orch-loop-probe/demo-project/.temp/logwork/TASK-260715-ej266r/-reviewer--reviewer--codex-.log
348	/Users/alexis/src/relux-works/skill-swift-relux/.temp/orch-loop-probe/demo-project/.temp/logwork/TASK-260715-erqnfs/-implementer--developer--codex-.log
852	/Users/alexis/src/relux-works/skill-swift-relux/.temp/orch-loop-probe/demo-project/.temp/logwork/TASK-260715-17r8i9/-analyst--orchestrator--codex-.log
644	/Users/alexis/src/relux-works/skill-swift-relux/.temp/orch-loop-probe/demo-project/.temp/logwork/TASK-260715-20iwb4/-analyst--solution-architect--codex-.log
332	/Users/alexis/src/relux-works/skill-swift-relux/.temp/orch-loop-probe/demo-project/.temp/logwork/TASK-260715-20iwb4/-reviewer--reviewer--codex-.log
--- board ---
summary:{"active":[{"id":"EPIC-260715-hb60an","name":"wordstats-cli","status":"development"},{"id":"STORY-260715-2rp9r2","name":"stats-engine","status":"development"},{"id":"TASK-260715-2bocgg","name":"implement-counting-logic","status":"development"},{"id":"TASK-260715-erqnfs","name":"implement-top-words-logic","status":"development"},{"id":"STORY-260715-l2vzgc","name":"orchestration","status":"analysis"},{"id":"TASK-260715-17r8i9","name":"orchestrate-wordstats-delivery","status":"analysis"},{"id":"STORY-260715-nb3xui","name":"cli-application","status":"development"},{"id":"TASK-260715-2rbap5","name":"implement-input-error-handling","status":"development"}],"blocked":[{"blockedBy":["STORY-260715-nb3xui"],"id":"STORY-260715-1tdoj1","name":"user-documentation"},{"blockedBy":["TASK-260715-3pofvo"],"id":"TASK-260715-3fq1lx","name":"document-wordstats-usage-tools"},{"blockedBy":["STORY-260715-2rp9r2","STORY-260715-nb3xui"],"id":"STORY-260715-3ni02s","name":"automated-verification"},{"blockedBy":["TASK-260715-erqnfs"],"id":"TASK-260715-25wdqr","name":"add-top-words-table-tests"},{"blockedBy":["TASK-260715-3pofvo"],"id":"TASK-260715-2lpg9c","name":"add-cli-contract-tests"},{"blockedBy":["TASK-260715-2bocgg"],"id":"TASK-260715-2r44i0","name":"add-counting-table-tests"},{"blockedBy":["STORY-260715-2rp9r2"],"id":"STORY-260715-nb3xui","name":"cli-application"},{"blockedBy":["TASK-260715-2bocgg","TASK-260715-erqnfs","TASK-260715-2rbap5"],"id":"TASK-260715-3pofvo","name":"implement-output-flag-orchestration"},{"blockedBy":["STORY-260715-3ni02s","STORY-260715-1tdoj1"],"id":"STORY-260715-oym9iz","name":"delivery-quality-gates"},{"blockedBy":["TASK-260715-2r44i0","TASK-260715-25wdqr","TASK-260715-2lpg9c","TASK-260715-3fq1lx"],"id":"TASK-260715-4y3dqa","name":"run-final-go-quality-gates"}],"byType":{"bug":{"total":0,"todo":0,"active":0,"done":0,"closed":0,"blocked":0},"epic":{"total":1,"todo":0,"active":1,"done":0,"closed":0,"blocked":0},"story":{"total":7,"todo":3,"active":3,"done":1,"closed":0,"blocked":0},"task":{"total":14,"todo":6,"active":4,"done":4,"closed":0,"blocked":0}}}
===== SAMPLE 11:59:10 (elapsed 286s) =====
--- runs ---
RUN-260715-0b8429 completed ? ?
RUN-260715-1d29b1 completed ? ?
RUN-260715-219661 completed ? ?
RUN-260715-304b16 running ? ?
RUN-260715-4946b0 completed ? ?
RUN-260715-5c1e42 completed ? ?
RUN-260715-707ef8 running ? ?
RUN-260715-74a87a running ? ?
RUN-260715-76bdfa completed ? ?
RUN-260715-91953c completed ? ?
RUN-260715-9b2f39 completed ? ?
RUN-260715-9eb74d running ? ?
RUN-260715-b3fa1a completed ? ?
RUN-260715-b8aa0d completed ? ?
RUN-260715-eed856 completed ? ?
--- log sizes (bytes) ---
1028	/Users/alexis/src/relux-works/skill-swift-relux/.temp/orch-loop-probe/demo-project/.temp/logwork/TASK-260715-ci3o2j/-analyst--researcher--codex-.log
388	/Users/alexis/src/relux-works/skill-swift-relux/.temp/orch-loop-probe/demo-project/.temp/logwork/TASK-260715-ci3o2j/-reviewer--reviewer--codex-.log
204	/Users/alexis/src/relux-works/skill-swift-relux/.temp/orch-loop-probe/demo-project/.temp/logwork/TASK-260715-1zix5s/-implementer--developer--codex-.log
136	/Users/alexis/src/relux-works/skill-swift-relux/.temp/orch-loop-probe/demo-project/.temp/logwork/TASK-260715-1zix5s/-reviewer--reviewer--codex-.log
224	/Users/alexis/src/relux-works/skill-swift-relux/.temp/orch-loop-probe/demo-project/.temp/logwork/TASK-260715-2rbap5/-implementer--developer--codex-.log
352	/Users/alexis/src/relux-works/skill-swift-relux/.temp/orch-loop-probe/demo-project/.temp/logwork/TASK-260715-2bocgg/-implementer--developer--codex-.log
516	/Users/alexis/src/relux-works/skill-swift-relux/.temp/orch-loop-probe/demo-project/.temp/logwork/TASK-260715-ej266r/-analyst--researcher--codex-.log
204	/Users/alexis/src/relux-works/skill-swift-relux/.temp/orch-loop-probe/demo-project/.temp/logwork/TASK-260715-ej266r/-reviewer--reviewer--codex-.log
348	/Users/alexis/src/relux-works/skill-swift-relux/.temp/orch-loop-probe/demo-project/.temp/logwork/TASK-260715-erqnfs/-implementer--developer--codex-.log
852	/Users/alexis/src/relux-works/skill-swift-relux/.temp/orch-loop-probe/demo-project/.temp/logwork/TASK-260715-17r8i9/-analyst--orchestrator--codex-.log
644	/Users/alexis/src/relux-works/skill-swift-relux/.temp/orch-loop-probe/demo-project/.temp/logwork/TASK-260715-20iwb4/-analyst--solution-architect--codex-.log
332	/Users/alexis/src/relux-works/skill-swift-relux/.temp/orch-loop-probe/demo-project/.temp/logwork/TASK-260715-20iwb4/-reviewer--reviewer--codex-.log
--- board ---
summary:{"active":[{"id":"EPIC-260715-hb60an","name":"wordstats-cli","status":"development"},{"id":"STORY-260715-2rp9r2","name":"stats-engine","status":"development"},{"id":"TASK-260715-2bocgg","name":"implement-counting-logic","status":"development"},{"id":"TASK-260715-erqnfs","name":"implement-top-words-logic","status":"development"},{"id":"STORY-260715-l2vzgc","name":"orchestration","status":"analysis"},{"id":"TASK-260715-17r8i9","name":"orchestrate-wordstats-delivery","status":"analysis"},{"id":"STORY-260715-nb3xui","name":"cli-application","status":"development"},{"id":"TASK-260715-2rbap5","name":"implement-input-error-handling","status":"development"}],"blocked":[{"blockedBy":["STORY-260715-nb3xui"],"id":"STORY-260715-1tdoj1","name":"user-documentation"},{"blockedBy":["TASK-260715-3pofvo"],"id":"TASK-260715-3fq1lx","name":"document-wordstats-usage-tools"},{"blockedBy":["STORY-260715-2rp9r2","STORY-260715-nb3xui"],"id":"STORY-260715-3ni02s","name":"automated-verification"},{"blockedBy":["TASK-260715-erqnfs"],"id":"TASK-260715-25wdqr","name":"add-top-words-table-tests"},{"blockedBy":["TASK-260715-3pofvo"],"id":"TASK-260715-2lpg9c","name":"add-cli-contract-tests"},{"blockedBy":["TASK-260715-2bocgg"],"id":"TASK-260715-2r44i0","name":"add-counting-table-tests"},{"blockedBy":["STORY-260715-2rp9r2"],"id":"STORY-260715-nb3xui","name":"cli-application"},{"blockedBy":["TASK-260715-2bocgg","TASK-260715-erqnfs","TASK-260715-2rbap5"],"id":"TASK-260715-3pofvo","name":"implement-output-flag-orchestration"},{"blockedBy":["STORY-260715-3ni02s","STORY-260715-1tdoj1"],"id":"STORY-260715-oym9iz","name":"delivery-quality-gates"},{"blockedBy":["TASK-260715-2r44i0","TASK-260715-25wdqr","TASK-260715-2lpg9c","TASK-260715-3fq1lx"],"id":"TASK-260715-4y3dqa","name":"run-final-go-quality-gates"}],"byType":{"bug":{"total":0,"todo":0,"active":0,"done":0,"closed":0,"blocked":0},"epic":{"total":1,"todo":0,"active":1,"done":0,"closed":0,"blocked":0},"story":{"total":7,"todo":3,"active":3,"done":1,"closed":0,"blocked":0},"task":{"total":14,"todo":6,"active":4,"done":4,"closed":0,"blocked":0}}}
===== SAMPLE 11:59:31 (elapsed 307s) =====
--- runs ---
RUN-260715-0b8429 completed ? ?
RUN-260715-1d29b1 completed ? ?
RUN-260715-219661 completed ? ?
RUN-260715-304b16 running ? ?
RUN-260715-4946b0 completed ? ?
RUN-260715-5c1e42 completed ? ?
RUN-260715-707ef8 running ? ?
RUN-260715-74a87a running ? ?
RUN-260715-76bdfa completed ? ?
RUN-260715-91953c completed ? ?
RUN-260715-9b2f39 completed ? ?
RUN-260715-9eb74d running ? ?
RUN-260715-b3fa1a completed ? ?
RUN-260715-b8aa0d completed ? ?
RUN-260715-eed856 completed ? ?
--- log sizes (bytes) ---
1028	/Users/alexis/src/relux-works/skill-swift-relux/.temp/orch-loop-probe/demo-project/.temp/logwork/TASK-260715-ci3o2j/-analyst--researcher--codex-.log
388	/Users/alexis/src/relux-works/skill-swift-relux/.temp/orch-loop-probe/demo-project/.temp/logwork/TASK-260715-ci3o2j/-reviewer--reviewer--codex-.log
204	/Users/alexis/src/relux-works/skill-swift-relux/.temp/orch-loop-probe/demo-project/.temp/logwork/TASK-260715-1zix5s/-implementer--developer--codex-.log
136	/Users/alexis/src/relux-works/skill-swift-relux/.temp/orch-loop-probe/demo-project/.temp/logwork/TASK-260715-1zix5s/-reviewer--reviewer--codex-.log
224	/Users/alexis/src/relux-works/skill-swift-relux/.temp/orch-loop-probe/demo-project/.temp/logwork/TASK-260715-2rbap5/-implementer--developer--codex-.log
416	/Users/alexis/src/relux-works/skill-swift-relux/.temp/orch-loop-probe/demo-project/.temp/logwork/TASK-260715-2bocgg/-implementer--developer--codex-.log
516	/Users/alexis/src/relux-works/skill-swift-relux/.temp/orch-loop-probe/demo-project/.temp/logwork/TASK-260715-ej266r/-analyst--researcher--codex-.log
204	/Users/alexis/src/relux-works/skill-swift-relux/.temp/orch-loop-probe/demo-project/.temp/logwork/TASK-260715-ej266r/-reviewer--reviewer--codex-.log
412	/Users/alexis/src/relux-works/skill-swift-relux/.temp/orch-loop-probe/demo-project/.temp/logwork/TASK-260715-erqnfs/-implementer--developer--codex-.log
852	/Users/alexis/src/relux-works/skill-swift-relux/.temp/orch-loop-probe/demo-project/.temp/logwork/TASK-260715-17r8i9/-analyst--orchestrator--codex-.log
644	/Users/alexis/src/relux-works/skill-swift-relux/.temp/orch-loop-probe/demo-project/.temp/logwork/TASK-260715-20iwb4/-analyst--solution-architect--codex-.log
332	/Users/alexis/src/relux-works/skill-swift-relux/.temp/orch-loop-probe/demo-project/.temp/logwork/TASK-260715-20iwb4/-reviewer--reviewer--codex-.log
--- board ---
summary:{"active":[{"id":"EPIC-260715-hb60an","name":"wordstats-cli","status":"development"},{"id":"STORY-260715-2rp9r2","name":"stats-engine","status":"development"},{"id":"TASK-260715-2bocgg","name":"implement-counting-logic","status":"development"},{"id":"TASK-260715-erqnfs","name":"implement-top-words-logic","status":"development"},{"id":"STORY-260715-l2vzgc","name":"orchestration","status":"analysis"},{"id":"TASK-260715-17r8i9","name":"orchestrate-wordstats-delivery","status":"analysis"},{"id":"STORY-260715-nb3xui","name":"cli-application","status":"development"},{"id":"TASK-260715-2rbap5","name":"implement-input-error-handling","status":"development"}],"blocked":[{"blockedBy":["STORY-260715-nb3xui"],"id":"STORY-260715-1tdoj1","name":"user-documentation"},{"blockedBy":["TASK-260715-3pofvo"],"id":"TASK-260715-3fq1lx","name":"document-wordstats-usage-tools"},{"blockedBy":["STORY-260715-2rp9r2","STORY-260715-nb3xui"],"id":"STORY-260715-3ni02s","name":"automated-verification"},{"blockedBy":["TASK-260715-erqnfs"],"id":"TASK-260715-25wdqr","name":"add-top-words-table-tests"},{"blockedBy":["TASK-260715-3pofvo"],"id":"TASK-260715-2lpg9c","name":"add-cli-contract-tests"},{"blockedBy":["TASK-260715-2bocgg"],"id":"TASK-260715-2r44i0","name":"add-counting-table-tests"},{"blockedBy":["STORY-260715-2rp9r2"],"id":"STORY-260715-nb3xui","name":"cli-application"},{"blockedBy":["TASK-260715-2bocgg","TASK-260715-erqnfs","TASK-260715-2rbap5"],"id":"TASK-260715-3pofvo","name":"implement-output-flag-orchestration"},{"blockedBy":["STORY-260715-3ni02s","STORY-260715-1tdoj1"],"id":"STORY-260715-oym9iz","name":"delivery-quality-gates"},{"blockedBy":["TASK-260715-2r44i0","TASK-260715-25wdqr","TASK-260715-2lpg9c","TASK-260715-3fq1lx"],"id":"TASK-260715-4y3dqa","name":"run-final-go-quality-gates"}],"byType":{"bug":{"total":0,"todo":0,"active":0,"done":0,"closed":0,"blocked":0},"epic":{"total":1,"todo":0,"active":1,"done":0,"closed":0,"blocked":0},"story":{"total":7,"todo":3,"active":3,"done":1,"closed":0,"blocked":0},"task":{"total":14,"todo":6,"active":4,"done":4,"closed":0,"blocked":0}}}
WAKE (interval elapsed, root=running)
