===== SAMPLE 14:15:30 (elapsed 0s) =====
--- runs ---
RUN-260715-374bd8 running TASK-260715-2rhbnh [analyst] orchestrator (codex)
--- board ---
summary:{"active":[],"blocked":[],"byType":{"bug":{"total":0,"todo":0,"active":0,"done":0,"closed":0,"blocked":0},"epic":{"total":1,"todo":1,"active":0,"done":0,"closed":0,"blocked":0},"story":{"total":1,"todo":1,"active":0,"done":0,"closed":0,"blocked":0},"task":{"total":1,"todo":1,"active":0,"done":0,"closed":0,"blocked":0}}}
===== SAMPLE 14:15:50 (elapsed 20s) =====
--- runs ---
RUN-260715-374bd8 running TASK-260715-2rhbnh [analyst] orchestrator (codex)
--- board ---
summary:{"active":[],"blocked":[],"byType":{"bug":{"total":0,"todo":0,"active":0,"done":0,"closed":0,"blocked":0},"epic":{"total":1,"todo":1,"active":0,"done":0,"closed":0,"blocked":0},"story":{"total":1,"todo":1,"active":0,"done":0,"closed":0,"blocked":0},"task":{"total":1,"todo":1,"active":0,"done":0,"closed":0,"blocked":0}}}
===== SAMPLE 14:16:10 (elapsed 40s) =====
--- runs ---
RUN-260715-374bd8 running TASK-260715-2rhbnh [analyst] orchestrator (codex)
--- board ---
summary:{"active":[],"blocked":[],"byType":{"bug":{"total":0,"todo":0,"active":0,"done":0,"closed":0,"blocked":0},"epic":{"total":1,"todo":1,"active":0,"done":0,"closed":0,"blocked":0},"story":{"total":1,"todo":1,"active":0,"done":0,"closed":0,"blocked":0},"task":{"total":1,"todo":1,"active":0,"done":0,"closed":0,"blocked":0}}}
===== SAMPLE 14:16:31 (elapsed 61s) =====
--- runs ---
RUN-260715-374bd8 running TASK-260715-2rhbnh [analyst] orchestrator (codex)
--- board ---
summary:{"active":[],"blocked":[],"byType":{"bug":{"total":0,"todo":0,"active":0,"done":0,"closed":0,"blocked":0},"epic":{"total":1,"todo":1,"active":0,"done":0,"closed":0,"blocked":0},"story":{"total":1,"todo":1,"active":0,"done":0,"closed":0,"blocked":0},"task":{"total":1,"todo":1,"active":0,"done":0,"closed":0,"blocked":0}}}
===== SAMPLE 14:16:51 (elapsed 81s) =====
--- runs ---
RUN-260715-374bd8 running TASK-260715-2rhbnh [analyst] orchestrator (codex)
--- board ---
summary:{"active":[],"blocked":[],"byType":{"bug":{"total":0,"todo":0,"active":0,"done":0,"closed":0,"blocked":0},"epic":{"total":1,"todo":1,"active":0,"done":0,"closed":0,"blocked":0},"story":{"total":1,"todo":1,"active":0,"done":0,"closed":0,"blocked":0},"task":{"total":1,"todo":1,"active":0,"done":0,"closed":0,"blocked":0}}}
===== SAMPLE 14:17:11 (elapsed 101s) =====
--- runs ---
RUN-260715-374bd8 running TASK-260715-2rhbnh [analyst] orchestrator (codex)
--- board ---
summary:{"active":[],"blocked":[],"byType":{"bug":{"total":0,"todo":0,"active":0,"done":0,"closed":0,"blocked":0},"epic":{"total":1,"todo":1,"active":0,"done":0,"closed":0,"blocked":0},"story":{"total":1,"todo":1,"active":0,"done":0,"closed":0,"blocked":0},"task":{"total":1,"todo":1,"active":0,"done":0,"closed":0,"blocked":0}}}
===== SAMPLE 14:17:31 (elapsed 121s) =====
--- runs ---
RUN-260715-374bd8 running TASK-260715-2rhbnh [analyst] orchestrator (codex)
--- board ---
summary:{"active":[],"blocked":[],"byType":{"bug":{"total":0,"todo":0,"active":0,"done":0,"closed":0,"blocked":0},"epic":{"total":1,"todo":1,"active":0,"done":0,"closed":0,"blocked":0},"story":{"total":1,"todo":1,"active":0,"done":0,"closed":0,"blocked":0},"task":{"total":1,"todo":1,"active":0,"done":0,"closed":0,"blocked":0}}}
===== SAMPLE 14:17:51 (elapsed 141s) =====
--- runs ---
RUN-260715-374bd8 running TASK-260715-2rhbnh [analyst] orchestrator (codex)
--- board ---
summary:{"active":[],"blocked":[],"byType":{"bug":{"total":0,"todo":0,"active":0,"done":0,"closed":0,"blocked":0},"epic":{"total":1,"todo":1,"active":0,"done":0,"closed":0,"blocked":0},"story":{"total":1,"todo":1,"active":0,"done":0,"closed":0,"blocked":0},"task":{"total":1,"todo":1,"active":0,"done":0,"closed":0,"blocked":0}}}
===== SAMPLE 14:18:11 (elapsed 161s) =====
--- runs ---
RUN-260715-374bd8 running TASK-260715-2rhbnh [analyst] orchestrator (codex)
--- board ---
summary:{"active":[],"blocked":[],"byType":{"bug":{"total":0,"todo":0,"active":0,"done":0,"closed":0,"blocked":0},"epic":{"total":1,"todo":1,"active":0,"done":0,"closed":0,"blocked":0},"story":{"total":1,"todo":1,"active":0,"done":0,"closed":0,"blocked":0},"task":{"total":1,"todo":1,"active":0,"done":0,"closed":0,"blocked":0}}}
===== SAMPLE 14:18:31 (elapsed 181s) =====
--- runs ---
RUN-260715-374bd8 running TASK-260715-2rhbnh [analyst] orchestrator (codex)
--- board ---
summary:{"active":[],"blocked":[],"byType":{"bug":{"total":0,"todo":0,"active":0,"done":0,"closed":0,"blocked":0},"epic":{"total":1,"todo":1,"active":0,"done":0,"closed":0,"blocked":0},"story":{"total":1,"todo":1,"active":0,"done":0,"closed":0,"blocked":0},"task":{"total":1,"todo":1,"active":0,"done":0,"closed":0,"blocked":0}}}
===== SAMPLE 14:18:51 (elapsed 201s) =====
--- runs ---
RUN-260715-374bd8 running TASK-260715-2rhbnh [analyst] orchestrator (codex)
--- board ---
summary:{"active":[],"blocked":[],"byType":{"bug":{"total":0,"todo":0,"active":0,"done":0,"closed":0,"blocked":0},"epic":{"total":1,"todo":1,"active":0,"done":0,"closed":0,"blocked":0},"story":{"total":1,"todo":1,"active":0,"done":0,"closed":0,"blocked":0},"task":{"total":1,"todo":1,"active":0,"done":0,"closed":0,"blocked":0}}}
===== SAMPLE 14:19:11 (elapsed 221s) =====
--- runs ---
RUN-260715-374bd8 running TASK-260715-2rhbnh [analyst] orchestrator (codex)
--- board ---
summary:{"active":[],"blocked":[],"byType":{"bug":{"total":0,"todo":0,"active":0,"done":0,"closed":0,"blocked":0},"epic":{"total":1,"todo":1,"active":0,"done":0,"closed":0,"blocked":0},"story":{"total":1,"todo":1,"active":0,"done":0,"closed":0,"blocked":0},"task":{"total":1,"todo":1,"active":0,"done":0,"closed":0,"blocked":0}}}
===== SAMPLE 14:19:31 (elapsed 241s) =====
--- runs ---
RUN-260715-374bd8 running TASK-260715-2rhbnh [analyst] orchestrator (codex)
--- board ---
summary:{"active":[{"id":"EPIC-260715-28gb4e","name":"wordstats-cli","status":"analysis"},{"id":"STORY-260715-34y1fs","name":"orchestration","status":"analysis"},{"id":"TASK-260715-2rhbnh","name":"orchestrate-wordstats-delivery","status":"analysis"}],"blocked":[],"byType":{"bug":{"total":0,"todo":0,"active":0,"done":0,"closed":0,"blocked":0},"epic":{"total":1,"todo":0,"active":1,"done":0,"closed":0,"blocked":0},"story":{"total":1,"todo":0,"active":1,"done":0,"closed":0,"blocked":0},"task":{"total":1,"todo":0,"active":1,"done":0,"closed":0,"blocked":0}}}
===== SAMPLE 14:19:51 (elapsed 261s) =====
--- runs ---
RUN-260715-374bd8 running TASK-260715-2rhbnh [analyst] orchestrator (codex)
--- board ---
summary:{"active":[{"id":"EPIC-260715-28gb4e","name":"wordstats-cli","status":"analysis"},{"id":"STORY-260715-34y1fs","name":"orchestration","status":"analysis"},{"id":"TASK-260715-2rhbnh","name":"orchestrate-wordstats-delivery","status":"analysis"}],"blocked":[],"byType":{"bug":{"total":0,"todo":0,"active":0,"done":0,"closed":0,"blocked":0},"epic":{"total":1,"todo":0,"active":1,"done":0,"closed":0,"blocked":0},"story":{"total":4,"todo":3,"active":1,"done":0,"closed":0,"blocked":0},"task":{"total":1,"todo":0,"active":1,"done":0,"closed":0,"blocked":0}}}
===== SAMPLE 14:20:12 (elapsed 282s) =====
--- runs ---
RUN-260715-374bd8 running TASK-260715-2rhbnh [analyst] orchestrator (codex)
--- board ---
summary:{"active":[{"id":"EPIC-260715-28gb4e","name":"wordstats-cli","status":"analysis"},{"id":"STORY-260715-34y1fs","name":"orchestration","status":"analysis"},{"id":"TASK-260715-2rhbnh","name":"orchestrate-wordstats-delivery","status":"analysis"}],"blocked":[],"byType":{"bug":{"total":0,"todo":0,"active":0,"done":0,"closed":0,"blocked":0},"epic":{"total":1,"todo":0,"active":1,"done":0,"closed":0,"blocked":0},"story":{"total":4,"todo":3,"active":1,"done":0,"closed":0,"blocked":0},"task":{"total":1,"todo":0,"active":1,"done":0,"closed":0,"blocked":0}}}
===== SAMPLE 14:20:32 (elapsed 302s) =====
--- runs ---
RUN-260715-374bd8 running TASK-260715-2rhbnh [analyst] orchestrator (codex)
--- board ---
summary:{"active":[{"id":"EPIC-260715-28gb4e","name":"wordstats-cli","status":"analysis"},{"id":"STORY-260715-34y1fs","name":"orchestration","status":"analysis"},{"id":"TASK-260715-2rhbnh","name":"orchestrate-wordstats-delivery","status":"analysis"}],"blocked":[],"byType":{"bug":{"total":0,"todo":0,"active":0,"done":0,"closed":0,"blocked":0},"epic":{"total":1,"todo":0,"active":1,"done":0,"closed":0,"blocked":0},"story":{"total":4,"todo":3,"active":1,"done":0,"closed":0,"blocked":0},"task":{"total":5,"todo":4,"active":1,"done":0,"closed":0,"blocked":0}}}
WAKE (interval elapsed, root=running)
===== SAMPLE 14:20:52 (elapsed 0s) =====
--- runs ---
RUN-260715-374bd8 running TASK-260715-2rhbnh [analyst] orchestrator (codex)
--- board ---
summary:{"active":[{"id":"EPIC-260715-28gb4e","name":"wordstats-cli","status":"analysis"},{"id":"STORY-260715-34y1fs","name":"orchestration","status":"analysis"},{"id":"TASK-260715-2rhbnh","name":"orchestrate-wordstats-delivery","status":"analysis"}],"blocked":[],"byType":{"bug":{"total":0,"todo":0,"active":0,"done":0,"closed":0,"blocked":0},"epic":{"total":1,"todo":0,"active":1,"done":0,"closed":0,"blocked":0},"story":{"total":4,"todo":3,"active":1,"done":0,"closed":0,"blocked":0},"task":{"total":5,"todo":4,"active":1,"done":0,"closed":0,"blocked":0}}}
===== SAMPLE 14:21:12 (elapsed 20s) =====
--- runs ---
RUN-260715-374bd8 running TASK-260715-2rhbnh [analyst] orchestrator (codex)
--- board ---
summary:{"active":[{"id":"EPIC-260715-28gb4e","name":"wordstats-cli","status":"analysis"},{"id":"STORY-260715-34y1fs","name":"orchestration","status":"analysis"},{"id":"TASK-260715-2rhbnh","name":"orchestrate-wordstats-delivery","status":"analysis"}],"blocked":[],"byType":{"bug":{"total":0,"todo":0,"active":0,"done":0,"closed":0,"blocked":0},"epic":{"total":1,"todo":0,"active":1,"done":0,"closed":0,"blocked":0},"story":{"total":4,"todo":3,"active":1,"done":0,"closed":0,"blocked":0},"task":{"total":5,"todo":4,"active":1,"done":0,"closed":0,"blocked":0}}}
===== SAMPLE 14:21:32 (elapsed 40s) =====
--- runs ---
RUN-260715-374bd8 running TASK-260715-2rhbnh [analyst] orchestrator (codex)
--- board ---
summary:{"active":[{"id":"EPIC-260715-28gb4e","name":"wordstats-cli","status":"analysis"},{"id":"STORY-260715-34y1fs","name":"orchestration","status":"analysis"},{"id":"TASK-260715-2rhbnh","name":"orchestrate-wordstats-delivery","status":"analysis"}],"blocked":[],"byType":{"bug":{"total":0,"todo":0,"active":0,"done":0,"closed":0,"blocked":0},"epic":{"total":1,"todo":0,"active":1,"done":0,"closed":0,"blocked":0},"story":{"total":4,"todo":3,"active":1,"done":0,"closed":0,"blocked":0},"task":{"total":5,"todo":4,"active":1,"done":0,"closed":0,"blocked":0}}}
===== SAMPLE 14:21:52 (elapsed 60s) =====
--- runs ---
RUN-260715-374bd8 running TASK-260715-2rhbnh [analyst] orchestrator (codex)
--- board ---
summary:{"active":[{"id":"EPIC-260715-28gb4e","name":"wordstats-cli","status":"analysis"},{"id":"STORY-260715-34y1fs","name":"orchestration","status":"analysis"},{"id":"TASK-260715-2rhbnh","name":"orchestrate-wordstats-delivery","status":"analysis"}],"blocked":[],"byType":{"bug":{"total":0,"todo":0,"active":0,"done":0,"closed":0,"blocked":0},"epic":{"total":1,"todo":0,"active":1,"done":0,"closed":0,"blocked":0},"story":{"total":4,"todo":3,"active":1,"done":0,"closed":0,"blocked":0},"task":{"total":5,"todo":4,"active":1,"done":0,"closed":0,"blocked":0}}}
===== SAMPLE 14:22:12 (elapsed 80s) =====
--- runs ---
RUN-260715-374bd8 running TASK-260715-2rhbnh [analyst] orchestrator (codex)
--- board ---
summary:{"active":[{"id":"EPIC-260715-28gb4e","name":"wordstats-cli","status":"analysis"},{"id":"STORY-260715-34y1fs","name":"orchestration","status":"analysis"},{"id":"TASK-260715-2rhbnh","name":"orchestrate-wordstats-delivery","status":"analysis"}],"blocked":[],"byType":{"bug":{"total":0,"todo":0,"active":0,"done":0,"closed":0,"blocked":0},"epic":{"total":1,"todo":0,"active":1,"done":0,"closed":0,"blocked":0},"story":{"total":4,"todo":3,"active":1,"done":0,"closed":0,"blocked":0},"task":{"total":5,"todo":4,"active":1,"done":0,"closed":0,"blocked":0}}}
===== SAMPLE 14:22:32 (elapsed 100s) =====
--- runs ---
RUN-260715-374bd8 running TASK-260715-2rhbnh [analyst] orchestrator (codex)
--- board ---
summary:{"active":[{"id":"EPIC-260715-28gb4e","name":"wordstats-cli","status":"analysis"},{"id":"STORY-260715-34y1fs","name":"orchestration","status":"analysis"},{"id":"TASK-260715-2rhbnh","name":"orchestrate-wordstats-delivery","status":"analysis"}],"blocked":[],"byType":{"bug":{"total":0,"todo":0,"active":0,"done":0,"closed":0,"blocked":0},"epic":{"total":1,"todo":0,"active":1,"done":0,"closed":0,"blocked":0},"story":{"total":4,"todo":3,"active":1,"done":0,"closed":0,"blocked":0},"task":{"total":5,"todo":4,"active":1,"done":0,"closed":0,"blocked":0}}}
===== SAMPLE 14:22:52 (elapsed 120s) =====
--- runs ---
RUN-260715-374bd8 running TASK-260715-2rhbnh [analyst] orchestrator (codex)
--- board ---
summary:{"active":[{"id":"EPIC-260715-28gb4e","name":"wordstats-cli","status":"analysis"},{"id":"STORY-260715-34y1fs","name":"orchestration","status":"analysis"},{"id":"TASK-260715-2rhbnh","name":"orchestrate-wordstats-delivery","status":"analysis"}],"blocked":[{"blockedBy":["STORY-260715-2qjqfl"],"id":"STORY-260715-1lb262","name":"delivery-documentation-and-verification"},{"blockedBy":["TASK-260715-k0ivxq"],"id":"TASK-260715-a6fnue","name":"verify-wordstats-delivery"},{"blockedBy":["TASK-260715-2uata8"],"id":"TASK-260715-k0ivxq","name":"document-wordstats-usage-and-tools"},{"blockedBy":["STORY-260715-1qishz"],"id":"STORY-260715-2qjqfl","name":"command-line-interface"},{"blockedBy":["TASK-260715-21fpvo"],"id":"TASK-260715-2uata8","name":"implement-wordstats-cli"}],"byType":{"bug":{"total":0,"todo":0,"active":0,"done":0,"closed":0,"blocked":0},"epic":{"total":1,"todo":0,"active":1,"done":0,"closed":0,"blocked":0},"story":{"total":4,"todo":3,"active":1,"done":0,"closed":0,"blocked":0},"task":{"total":5,"todo":4,"active":1,"done":0,"closed":0,"blocked":0}}}
===== SAMPLE 14:23:12 (elapsed 140s) =====
--- runs ---
RUN-260715-374bd8 running TASK-260715-2rhbnh [analyst] orchestrator (codex)
--- board ---
summary:{"active":[{"id":"STORY-260715-34y1fs","name":"orchestration","status":"analysis"},{"id":"TASK-260715-2rhbnh","name":"orchestrate-wordstats-delivery","status":"analysis"}],"blocked":[{"blockedBy":["STORY-260715-2qjqfl"],"id":"STORY-260715-1lb262","name":"delivery-documentation-and-verification"},{"blockedBy":["TASK-260715-k0ivxq"],"id":"TASK-260715-a6fnue","name":"verify-wordstats-delivery"},{"blockedBy":["TASK-260715-2uata8"],"id":"TASK-260715-k0ivxq","name":"document-wordstats-usage-and-tools"},{"blockedBy":["STORY-260715-1qishz"],"id":"STORY-260715-2qjqfl","name":"command-line-interface"},{"blockedBy":["TASK-260715-21fpvo"],"id":"TASK-260715-2uata8","name":"implement-wordstats-cli"}],"byType":{"bug":{"total":0,"todo":0,"active":0,"done":0,"closed":0,"blocked":0},"epic":{"total":1,"todo":1,"active":0,"done":0,"closed":0,"blocked":0},"story":{"total":4,"todo":3,"active":1,"done":0,"closed":0,"blocked":0},"task":{"total":5,"todo":4,"active":1,"done":0,"closed":0,"blocked":0}}}
===== SAMPLE 14:23:32 (elapsed 160s) =====
--- runs ---
RUN-260715-374bd8 running TASK-260715-2rhbnh [analyst] orchestrator (codex)
--- board ---
summary:{"active":[{"id":"STORY-260715-34y1fs","name":"orchestration","status":"analysis"},{"id":"TASK-260715-2rhbnh","name":"orchestrate-wordstats-delivery","status":"analysis"}],"blocked":[{"blockedBy":["STORY-260715-2qjqfl"],"id":"STORY-260715-1lb262","name":"delivery-documentation-and-verification"},{"blockedBy":["TASK-260715-k0ivxq"],"id":"TASK-260715-a6fnue","name":"verify-wordstats-delivery"},{"blockedBy":["TASK-260715-2uata8"],"id":"TASK-260715-k0ivxq","name":"document-wordstats-usage-and-tools"},{"blockedBy":["STORY-260715-1qishz"],"id":"STORY-260715-2qjqfl","name":"command-line-interface"},{"blockedBy":["TASK-260715-21fpvo"],"id":"TASK-260715-2uata8","name":"implement-wordstats-cli"}],"byType":{"bug":{"total":0,"todo":0,"active":0,"done":0,"closed":0,"blocked":0},"epic":{"total":1,"todo":1,"active":0,"done":0,"closed":0,"blocked":0},"story":{"total":4,"todo":3,"active":1,"done":0,"closed":0,"blocked":0},"task":{"total":5,"todo":4,"active":1,"done":0,"closed":0,"blocked":0}}}
===== SAMPLE 14:23:53 (elapsed 181s) =====
--- runs ---
RUN-260715-374bd8 running TASK-260715-2rhbnh [analyst] orchestrator (codex)
--- board ---
summary:{"active":[{"id":"STORY-260715-34y1fs","name":"orchestration","status":"analysis"},{"id":"TASK-260715-2rhbnh","name":"orchestrate-wordstats-delivery","status":"analysis"}],"blocked":[{"blockedBy":["STORY-260715-2qjqfl"],"id":"STORY-260715-1lb262","name":"delivery-documentation-and-verification"},{"blockedBy":["TASK-260715-k0ivxq"],"id":"TASK-260715-a6fnue","name":"verify-wordstats-delivery"},{"blockedBy":["TASK-260715-2uata8"],"id":"TASK-260715-k0ivxq","name":"document-wordstats-usage-and-tools"},{"blockedBy":["STORY-260715-1qishz"],"id":"STORY-260715-2qjqfl","name":"command-line-interface"},{"blockedBy":["TASK-260715-21fpvo"],"id":"TASK-260715-2uata8","name":"implement-wordstats-cli"}],"byType":{"bug":{"total":0,"todo":0,"active":0,"done":0,"closed":0,"blocked":0},"epic":{"total":1,"todo":1,"active":0,"done":0,"closed":0,"blocked":0},"story":{"total":4,"todo":3,"active":1,"done":0,"closed":0,"blocked":0},"task":{"total":5,"todo":4,"active":1,"done":0,"closed":0,"blocked":0}}}
===== SAMPLE 14:24:13 (elapsed 201s) =====
--- runs ---
RUN-260715-374bd8 running TASK-260715-2rhbnh [analyst] orchestrator (codex)
--- board ---
summary:{"active":[{"id":"STORY-260715-34y1fs","name":"orchestration","status":"analysis"},{"id":"TASK-260715-2rhbnh","name":"orchestrate-wordstats-delivery","status":"analysis"}],"blocked":[{"blockedBy":["STORY-260715-2qjqfl"],"id":"STORY-260715-1lb262","name":"delivery-documentation-and-verification"},{"blockedBy":["TASK-260715-k0ivxq"],"id":"TASK-260715-a6fnue","name":"verify-wordstats-delivery"},{"blockedBy":["TASK-260715-2uata8"],"id":"TASK-260715-k0ivxq","name":"document-wordstats-usage-and-tools"},{"blockedBy":["STORY-260715-1qishz"],"id":"STORY-260715-2qjqfl","name":"command-line-interface"},{"blockedBy":["TASK-260715-21fpvo"],"id":"TASK-260715-2uata8","name":"implement-wordstats-cli"}],"byType":{"bug":{"total":0,"todo":0,"active":0,"done":0,"closed":0,"blocked":0},"epic":{"total":1,"todo":1,"active":0,"done":0,"closed":0,"blocked":0},"story":{"total":4,"todo":3,"active":1,"done":0,"closed":0,"blocked":0},"task":{"total":5,"todo":4,"active":1,"done":0,"closed":0,"blocked":0}}}
===== SAMPLE 14:24:33 (elapsed 221s) =====
--- runs ---
RUN-260715-374bd8 running TASK-260715-2rhbnh [analyst] orchestrator (codex)
RUN-260715-546f09 running TASK-260715-21fpvo [implementer] developer (codex)
--- board ---
summary:{"active":[{"id":"STORY-260715-34y1fs","name":"orchestration","status":"analysis"},{"id":"TASK-260715-2rhbnh","name":"orchestrate-wordstats-delivery","status":"analysis"}],"blocked":[{"blockedBy":["STORY-260715-2qjqfl"],"id":"STORY-260715-1lb262","name":"delivery-documentation-and-verification"},{"blockedBy":["TASK-260715-k0ivxq"],"id":"TASK-260715-a6fnue","name":"verify-wordstats-delivery"},{"blockedBy":["TASK-260715-2uata8"],"id":"TASK-260715-k0ivxq","name":"document-wordstats-usage-and-tools"},{"blockedBy":["STORY-260715-1qishz"],"id":"STORY-260715-2qjqfl","name":"command-line-interface"},{"blockedBy":["TASK-260715-21fpvo"],"id":"TASK-260715-2uata8","name":"implement-wordstats-cli"}],"byType":{"bug":{"total":0,"todo":0,"active":0,"done":0,"closed":0,"blocked":0},"epic":{"total":1,"todo":1,"active":0,"done":0,"closed":0,"blocked":0},"story":{"total":4,"todo":3,"active":1,"done":0,"closed":0,"blocked":0},"task":{"total":5,"todo":4,"active":1,"done":0,"closed":0,"blocked":0}}}
===== SAMPLE 14:24:53 (elapsed 241s) =====
--- runs ---
RUN-260715-374bd8 running TASK-260715-2rhbnh [analyst] orchestrator (codex)
RUN-260715-546f09 running TASK-260715-21fpvo [implementer] developer (codex)
--- board ---
summary:{"active":[{"id":"STORY-260715-1qishz","name":"statistics-engine","status":"development"},{"id":"TASK-260715-21fpvo","name":"implement-stats-library","status":"development"},{"id":"STORY-260715-34y1fs","name":"orchestration","status":"analysis"},{"id":"TASK-260715-2rhbnh","name":"orchestrate-wordstats-delivery","status":"analysis"}],"blocked":[{"blockedBy":["STORY-260715-2qjqfl"],"id":"STORY-260715-1lb262","name":"delivery-documentation-and-verification"},{"blockedBy":["TASK-260715-k0ivxq"],"id":"TASK-260715-a6fnue","name":"verify-wordstats-delivery"},{"blockedBy":["TASK-260715-2uata8"],"id":"TASK-260715-k0ivxq","name":"document-wordstats-usage-and-tools"},{"blockedBy":["STORY-260715-1qishz"],"id":"STORY-260715-2qjqfl","name":"command-line-interface"},{"blockedBy":["TASK-260715-21fpvo"],"id":"TASK-260715-2uata8","name":"implement-wordstats-cli"}],"byType":{"bug":{"total":0,"todo":0,"active":0,"done":0,"closed":0,"blocked":0},"epic":{"total":1,"todo":1,"active":0,"done":0,"closed":0,"blocked":0},"story":{"total":4,"todo":2,"active":2,"done":0,"closed":0,"blocked":0},"task":{"total":5,"todo":3,"active":2,"done":0,"closed":0,"blocked":0}}}
===== SAMPLE 14:25:13 (elapsed 261s) =====
--- runs ---
RUN-260715-374bd8 running TASK-260715-2rhbnh [analyst] orchestrator (codex)
RUN-260715-546f09 running TASK-260715-21fpvo [implementer] developer (codex)
--- board ---
summary:{"active":[{"id":"STORY-260715-1qishz","name":"statistics-engine","status":"development"},{"id":"TASK-260715-21fpvo","name":"implement-stats-library","status":"development"},{"id":"STORY-260715-34y1fs","name":"orchestration","status":"analysis"},{"id":"TASK-260715-2rhbnh","name":"orchestrate-wordstats-delivery","status":"analysis"}],"blocked":[{"blockedBy":["STORY-260715-2qjqfl"],"id":"STORY-260715-1lb262","name":"delivery-documentation-and-verification"},{"blockedBy":["TASK-260715-k0ivxq"],"id":"TASK-260715-a6fnue","name":"verify-wordstats-delivery"},{"blockedBy":["TASK-260715-2uata8"],"id":"TASK-260715-k0ivxq","name":"document-wordstats-usage-and-tools"},{"blockedBy":["STORY-260715-1qishz"],"id":"STORY-260715-2qjqfl","name":"command-line-interface"},{"blockedBy":["TASK-260715-21fpvo"],"id":"TASK-260715-2uata8","name":"implement-wordstats-cli"}],"byType":{"bug":{"total":0,"todo":0,"active":0,"done":0,"closed":0,"blocked":0},"epic":{"total":1,"todo":1,"active":0,"done":0,"closed":0,"blocked":0},"story":{"total":4,"todo":2,"active":2,"done":0,"closed":0,"blocked":0},"task":{"total":5,"todo":3,"active":2,"done":0,"closed":0,"blocked":0}}}
===== SAMPLE 14:25:33 (elapsed 281s) =====
--- runs ---
RUN-260715-374bd8 running TASK-260715-2rhbnh [analyst] orchestrator (codex)
RUN-260715-546f09 running TASK-260715-21fpvo [implementer] developer (codex)
--- board ---
summary:{"active":[{"id":"STORY-260715-1qishz","name":"statistics-engine","status":"development"},{"id":"TASK-260715-21fpvo","name":"implement-stats-library","status":"development"},{"id":"STORY-260715-34y1fs","name":"orchestration","status":"analysis"},{"id":"TASK-260715-2rhbnh","name":"orchestrate-wordstats-delivery","status":"analysis"}],"blocked":[{"blockedBy":["STORY-260715-2qjqfl"],"id":"STORY-260715-1lb262","name":"delivery-documentation-and-verification"},{"blockedBy":["TASK-260715-k0ivxq"],"id":"TASK-260715-a6fnue","name":"verify-wordstats-delivery"},{"blockedBy":["TASK-260715-2uata8"],"id":"TASK-260715-k0ivxq","name":"document-wordstats-usage-and-tools"},{"blockedBy":["STORY-260715-1qishz"],"id":"STORY-260715-2qjqfl","name":"command-line-interface"},{"blockedBy":["TASK-260715-21fpvo"],"id":"TASK-260715-2uata8","name":"implement-wordstats-cli"}],"byType":{"bug":{"total":0,"todo":0,"active":0,"done":0,"closed":0,"blocked":0},"epic":{"total":1,"todo":1,"active":0,"done":0,"closed":0,"blocked":0},"story":{"total":4,"todo":2,"active":2,"done":0,"closed":0,"blocked":0},"task":{"total":5,"todo":3,"active":2,"done":0,"closed":0,"blocked":0}}}
===== SAMPLE 14:25:53 (elapsed 301s) =====
--- runs ---
RUN-260715-374bd8 running TASK-260715-2rhbnh [analyst] orchestrator (codex)
RUN-260715-546f09 running TASK-260715-21fpvo [implementer] developer (codex)
--- board ---
summary:{"active":[{"id":"STORY-260715-1qishz","name":"statistics-engine","status":"development"},{"id":"TASK-260715-21fpvo","name":"implement-stats-library","status":"development"},{"id":"STORY-260715-34y1fs","name":"orchestration","status":"analysis"},{"id":"TASK-260715-2rhbnh","name":"orchestrate-wordstats-delivery","status":"analysis"}],"blocked":[{"blockedBy":["STORY-260715-2qjqfl"],"id":"STORY-260715-1lb262","name":"delivery-documentation-and-verification"},{"blockedBy":["TASK-260715-k0ivxq"],"id":"TASK-260715-a6fnue","name":"verify-wordstats-delivery"},{"blockedBy":["TASK-260715-2uata8"],"id":"TASK-260715-k0ivxq","name":"document-wordstats-usage-and-tools"},{"blockedBy":["STORY-260715-1qishz"],"id":"STORY-260715-2qjqfl","name":"command-line-interface"},{"blockedBy":["TASK-260715-21fpvo"],"id":"TASK-260715-2uata8","name":"implement-wordstats-cli"}],"byType":{"bug":{"total":0,"todo":0,"active":0,"done":0,"closed":0,"blocked":0},"epic":{"total":1,"todo":1,"active":0,"done":0,"closed":0,"blocked":0},"story":{"total":4,"todo":2,"active":2,"done":0,"closed":0,"blocked":0},"task":{"total":5,"todo":3,"active":2,"done":0,"closed":0,"blocked":0}}}
WAKE (interval elapsed, root=running)
===== SAMPLE 14:26:21 (elapsed 0s) =====
--- runs ---
RUN-260715-374bd8 running TASK-260715-2rhbnh [analyst] orchestrator (codex)
RUN-260715-546f09 running TASK-260715-21fpvo [implementer] developer (codex)
--- board ---
summary:{"active":[{"id":"STORY-260715-1qishz","name":"statistics-engine","status":"development"},{"id":"TASK-260715-21fpvo","name":"implement-stats-library","status":"development"},{"id":"STORY-260715-34y1fs","name":"orchestration","status":"analysis"},{"id":"TASK-260715-2rhbnh","name":"orchestrate-wordstats-delivery","status":"analysis"}],"blocked":[{"blockedBy":["STORY-260715-2qjqfl"],"id":"STORY-260715-1lb262","name":"delivery-documentation-and-verification"},{"blockedBy":["TASK-260715-k0ivxq"],"id":"TASK-260715-a6fnue","name":"verify-wordstats-delivery"},{"blockedBy":["TASK-260715-2uata8"],"id":"TASK-260715-k0ivxq","name":"document-wordstats-usage-and-tools"},{"blockedBy":["STORY-260715-1qishz"],"id":"STORY-260715-2qjqfl","name":"command-line-interface"},{"blockedBy":["TASK-260715-21fpvo"],"id":"TASK-260715-2uata8","name":"implement-wordstats-cli"}],"byType":{"bug":{"total":0,"todo":0,"active":0,"done":0,"closed":0,"blocked":0},"epic":{"total":1,"todo":1,"active":0,"done":0,"closed":0,"blocked":0},"story":{"total":4,"todo":2,"active":2,"done":0,"closed":0,"blocked":0},"task":{"total":5,"todo":3,"active":2,"done":0,"closed":0,"blocked":0}}}
===== SAMPLE 14:26:41 (elapsed 20s) =====
--- runs ---
RUN-260715-374bd8 running TASK-260715-2rhbnh [analyst] orchestrator (codex)
RUN-260715-546f09 running TASK-260715-21fpvo [implementer] developer (codex)
--- board ---
summary:{"active":[{"id":"STORY-260715-1qishz","name":"statistics-engine","status":"development"},{"id":"TASK-260715-21fpvo","name":"implement-stats-library","status":"development"},{"id":"STORY-260715-34y1fs","name":"orchestration","status":"analysis"},{"id":"TASK-260715-2rhbnh","name":"orchestrate-wordstats-delivery","status":"analysis"}],"blocked":[{"blockedBy":["STORY-260715-2qjqfl"],"id":"STORY-260715-1lb262","name":"delivery-documentation-and-verification"},{"blockedBy":["TASK-260715-k0ivxq"],"id":"TASK-260715-a6fnue","name":"verify-wordstats-delivery"},{"blockedBy":["TASK-260715-2uata8"],"id":"TASK-260715-k0ivxq","name":"document-wordstats-usage-and-tools"},{"blockedBy":["STORY-260715-1qishz"],"id":"STORY-260715-2qjqfl","name":"command-line-interface"},{"blockedBy":["TASK-260715-21fpvo"],"id":"TASK-260715-2uata8","name":"implement-wordstats-cli"}],"byType":{"bug":{"total":0,"todo":0,"active":0,"done":0,"closed":0,"blocked":0},"epic":{"total":1,"todo":1,"active":0,"done":0,"closed":0,"blocked":0},"story":{"total":4,"todo":2,"active":2,"done":0,"closed":0,"blocked":0},"task":{"total":5,"todo":3,"active":2,"done":0,"closed":0,"blocked":0}}}
===== SAMPLE 14:27:01 (elapsed 40s) =====
--- runs ---
RUN-260715-374bd8 running TASK-260715-2rhbnh [analyst] orchestrator (codex)
RUN-260715-546f09 running TASK-260715-21fpvo [implementer] developer (codex)
--- board ---
summary:{"active":[{"id":"STORY-260715-1qishz","name":"statistics-engine","status":"development"},{"id":"TASK-260715-21fpvo","name":"implement-stats-library","status":"development"},{"id":"STORY-260715-34y1fs","name":"orchestration","status":"analysis"},{"id":"TASK-260715-2rhbnh","name":"orchestrate-wordstats-delivery","status":"analysis"}],"blocked":[{"blockedBy":["STORY-260715-2qjqfl"],"id":"STORY-260715-1lb262","name":"delivery-documentation-and-verification"},{"blockedBy":["TASK-260715-k0ivxq"],"id":"TASK-260715-a6fnue","name":"verify-wordstats-delivery"},{"blockedBy":["TASK-260715-2uata8"],"id":"TASK-260715-k0ivxq","name":"document-wordstats-usage-and-tools"},{"blockedBy":["STORY-260715-1qishz"],"id":"STORY-260715-2qjqfl","name":"command-line-interface"},{"blockedBy":["TASK-260715-21fpvo"],"id":"TASK-260715-2uata8","name":"implement-wordstats-cli"}],"byType":{"bug":{"total":0,"todo":0,"active":0,"done":0,"closed":0,"blocked":0},"epic":{"total":1,"todo":1,"active":0,"done":0,"closed":0,"blocked":0},"story":{"total":4,"todo":2,"active":2,"done":0,"closed":0,"blocked":0},"task":{"total":5,"todo":3,"active":2,"done":0,"closed":0,"blocked":0}}}
===== SAMPLE 14:27:22 (elapsed 61s) =====
--- runs ---
RUN-260715-374bd8 running TASK-260715-2rhbnh [analyst] orchestrator (codex)
RUN-260715-546f09 running TASK-260715-21fpvo [implementer] developer (codex)
--- board ---
summary:{"active":[{"id":"STORY-260715-1qishz","name":"statistics-engine","status":"development"},{"id":"TASK-260715-21fpvo","name":"implement-stats-library","status":"development"},{"id":"STORY-260715-34y1fs","name":"orchestration","status":"analysis"},{"id":"TASK-260715-2rhbnh","name":"orchestrate-wordstats-delivery","status":"analysis"}],"blocked":[{"blockedBy":["STORY-260715-2qjqfl"],"id":"STORY-260715-1lb262","name":"delivery-documentation-and-verification"},{"blockedBy":["TASK-260715-k0ivxq"],"id":"TASK-260715-a6fnue","name":"verify-wordstats-delivery"},{"blockedBy":["TASK-260715-2uata8"],"id":"TASK-260715-k0ivxq","name":"document-wordstats-usage-and-tools"},{"blockedBy":["STORY-260715-1qishz"],"id":"STORY-260715-2qjqfl","name":"command-line-interface"},{"blockedBy":["TASK-260715-21fpvo"],"id":"TASK-260715-2uata8","name":"implement-wordstats-cli"}],"byType":{"bug":{"total":0,"todo":0,"active":0,"done":0,"closed":0,"blocked":0},"epic":{"total":1,"todo":1,"active":0,"done":0,"closed":0,"blocked":0},"story":{"total":4,"todo":2,"active":2,"done":0,"closed":0,"blocked":0},"task":{"total":5,"todo":3,"active":2,"done":0,"closed":0,"blocked":0}}}
===== SAMPLE 14:27:42 (elapsed 81s) =====
--- runs ---
RUN-260715-374bd8 running TASK-260715-2rhbnh [analyst] orchestrator (codex)
RUN-260715-546f09 running TASK-260715-21fpvo [implementer] developer (codex)
--- board ---
summary:{"active":[{"id":"STORY-260715-1qishz","name":"statistics-engine","status":"development"},{"id":"TASK-260715-21fpvo","name":"implement-stats-library","status":"development"},{"id":"STORY-260715-34y1fs","name":"orchestration","status":"analysis"},{"id":"TASK-260715-2rhbnh","name":"orchestrate-wordstats-delivery","status":"analysis"}],"blocked":[{"blockedBy":["STORY-260715-2qjqfl"],"id":"STORY-260715-1lb262","name":"delivery-documentation-and-verification"},{"blockedBy":["TASK-260715-k0ivxq"],"id":"TASK-260715-a6fnue","name":"verify-wordstats-delivery"},{"blockedBy":["TASK-260715-2uata8"],"id":"TASK-260715-k0ivxq","name":"document-wordstats-usage-and-tools"},{"blockedBy":["STORY-260715-1qishz"],"id":"STORY-260715-2qjqfl","name":"command-line-interface"},{"blockedBy":["TASK-260715-21fpvo"],"id":"TASK-260715-2uata8","name":"implement-wordstats-cli"}],"byType":{"bug":{"total":0,"todo":0,"active":0,"done":0,"closed":0,"blocked":0},"epic":{"total":1,"todo":1,"active":0,"done":0,"closed":0,"blocked":0},"story":{"total":4,"todo":2,"active":2,"done":0,"closed":0,"blocked":0},"task":{"total":5,"todo":3,"active":2,"done":0,"closed":0,"blocked":0}}}
===== SAMPLE 14:28:02 (elapsed 101s) =====
--- runs ---
RUN-260715-374bd8 running TASK-260715-2rhbnh [analyst] orchestrator (codex)
RUN-260715-546f09 running TASK-260715-21fpvo [implementer] developer (codex)
--- board ---
summary:{"active":[{"id":"STORY-260715-1qishz","name":"statistics-engine","status":"development"},{"id":"TASK-260715-21fpvo","name":"implement-stats-library","status":"development"},{"id":"STORY-260715-34y1fs","name":"orchestration","status":"analysis"},{"id":"TASK-260715-2rhbnh","name":"orchestrate-wordstats-delivery","status":"analysis"}],"blocked":[{"blockedBy":["STORY-260715-2qjqfl"],"id":"STORY-260715-1lb262","name":"delivery-documentation-and-verification"},{"blockedBy":["TASK-260715-k0ivxq"],"id":"TASK-260715-a6fnue","name":"verify-wordstats-delivery"},{"blockedBy":["TASK-260715-2uata8"],"id":"TASK-260715-k0ivxq","name":"document-wordstats-usage-and-tools"},{"blockedBy":["STORY-260715-1qishz"],"id":"STORY-260715-2qjqfl","name":"command-line-interface"},{"blockedBy":["TASK-260715-21fpvo"],"id":"TASK-260715-2uata8","name":"implement-wordstats-cli"}],"byType":{"bug":{"total":0,"todo":0,"active":0,"done":0,"closed":0,"blocked":0},"epic":{"total":1,"todo":1,"active":0,"done":0,"closed":0,"blocked":0},"story":{"total":4,"todo":2,"active":2,"done":0,"closed":0,"blocked":0},"task":{"total":5,"todo":3,"active":2,"done":0,"closed":0,"blocked":0}}}
===== SAMPLE 14:28:22 (elapsed 121s) =====
--- runs ---
RUN-260715-374bd8 running TASK-260715-2rhbnh [analyst] orchestrator (codex)
RUN-260715-546f09 running TASK-260715-21fpvo [implementer] developer (codex)
--- board ---
summary:{"active":[{"id":"STORY-260715-1qishz","name":"statistics-engine","status":"development"},{"id":"TASK-260715-21fpvo","name":"implement-stats-library","status":"development"},{"id":"STORY-260715-34y1fs","name":"orchestration","status":"analysis"},{"id":"TASK-260715-2rhbnh","name":"orchestrate-wordstats-delivery","status":"analysis"}],"blocked":[{"blockedBy":["STORY-260715-2qjqfl"],"id":"STORY-260715-1lb262","name":"delivery-documentation-and-verification"},{"blockedBy":["TASK-260715-k0ivxq"],"id":"TASK-260715-a6fnue","name":"verify-wordstats-delivery"},{"blockedBy":["TASK-260715-2uata8"],"id":"TASK-260715-k0ivxq","name":"document-wordstats-usage-and-tools"},{"blockedBy":["STORY-260715-1qishz"],"id":"STORY-260715-2qjqfl","name":"command-line-interface"},{"blockedBy":["TASK-260715-21fpvo"],"id":"TASK-260715-2uata8","name":"implement-wordstats-cli"}],"byType":{"bug":{"total":0,"todo":0,"active":0,"done":0,"closed":0,"blocked":0},"epic":{"total":1,"todo":1,"active":0,"done":0,"closed":0,"blocked":0},"story":{"total":4,"todo":2,"active":2,"done":0,"closed":0,"blocked":0},"task":{"total":5,"todo":3,"active":2,"done":0,"closed":0,"blocked":0}}}
===== SAMPLE 14:28:42 (elapsed 141s) =====
--- runs ---
RUN-260715-374bd8 running TASK-260715-2rhbnh [analyst] orchestrator (codex)
RUN-260715-546f09 running TASK-260715-21fpvo [implementer] developer (codex)
--- board ---
summary:{"active":[{"id":"STORY-260715-1qishz","name":"statistics-engine","status":"development"},{"id":"TASK-260715-21fpvo","name":"implement-stats-library","status":"development"},{"id":"STORY-260715-34y1fs","name":"orchestration","status":"analysis"},{"id":"TASK-260715-2rhbnh","name":"orchestrate-wordstats-delivery","status":"analysis"}],"blocked":[{"blockedBy":["STORY-260715-2qjqfl"],"id":"STORY-260715-1lb262","name":"delivery-documentation-and-verification"},{"blockedBy":["TASK-260715-k0ivxq"],"id":"TASK-260715-a6fnue","name":"verify-wordstats-delivery"},{"blockedBy":["TASK-260715-2uata8"],"id":"TASK-260715-k0ivxq","name":"document-wordstats-usage-and-tools"},{"blockedBy":["STORY-260715-1qishz"],"id":"STORY-260715-2qjqfl","name":"command-line-interface"},{"blockedBy":["TASK-260715-21fpvo"],"id":"TASK-260715-2uata8","name":"implement-wordstats-cli"}],"byType":{"bug":{"total":0,"todo":0,"active":0,"done":0,"closed":0,"blocked":0},"epic":{"total":1,"todo":1,"active":0,"done":0,"closed":0,"blocked":0},"story":{"total":4,"todo":2,"active":2,"done":0,"closed":0,"blocked":0},"task":{"total":5,"todo":3,"active":2,"done":0,"closed":0,"blocked":0}}}
===== SAMPLE 14:29:02 (elapsed 161s) =====
--- runs ---
RUN-260715-374bd8 running TASK-260715-2rhbnh [analyst] orchestrator (codex)
RUN-260715-546f09 running TASK-260715-21fpvo [implementer] developer (codex)
--- board ---
summary:{"active":[{"id":"STORY-260715-1qishz","name":"statistics-engine","status":"development"},{"id":"TASK-260715-21fpvo","name":"implement-stats-library","status":"development"},{"id":"STORY-260715-34y1fs","name":"orchestration","status":"analysis"},{"id":"TASK-260715-2rhbnh","name":"orchestrate-wordstats-delivery","status":"analysis"}],"blocked":[{"blockedBy":["STORY-260715-2qjqfl"],"id":"STORY-260715-1lb262","name":"delivery-documentation-and-verification"},{"blockedBy":["TASK-260715-k0ivxq"],"id":"TASK-260715-a6fnue","name":"verify-wordstats-delivery"},{"blockedBy":["TASK-260715-2uata8"],"id":"TASK-260715-k0ivxq","name":"document-wordstats-usage-and-tools"},{"blockedBy":["STORY-260715-1qishz"],"id":"STORY-260715-2qjqfl","name":"command-line-interface"},{"blockedBy":["TASK-260715-21fpvo"],"id":"TASK-260715-2uata8","name":"implement-wordstats-cli"}],"byType":{"bug":{"total":0,"todo":0,"active":0,"done":0,"closed":0,"blocked":0},"epic":{"total":1,"todo":1,"active":0,"done":0,"closed":0,"blocked":0},"story":{"total":4,"todo":2,"active":2,"done":0,"closed":0,"blocked":0},"task":{"total":5,"todo":3,"active":2,"done":0,"closed":0,"blocked":0}}}
===== SAMPLE 14:29:22 (elapsed 181s) =====
--- runs ---
RUN-260715-374bd8 running TASK-260715-2rhbnh [analyst] orchestrator (codex)
RUN-260715-546f09 running TASK-260715-21fpvo [implementer] developer (codex)
--- board ---
summary:{"active":[{"id":"STORY-260715-1qishz","name":"statistics-engine","status":"development"},{"id":"TASK-260715-21fpvo","name":"implement-stats-library","status":"development"},{"id":"STORY-260715-34y1fs","name":"orchestration","status":"analysis"},{"id":"TASK-260715-2rhbnh","name":"orchestrate-wordstats-delivery","status":"analysis"}],"blocked":[{"blockedBy":["STORY-260715-2qjqfl"],"id":"STORY-260715-1lb262","name":"delivery-documentation-and-verification"},{"blockedBy":["TASK-260715-k0ivxq"],"id":"TASK-260715-a6fnue","name":"verify-wordstats-delivery"},{"blockedBy":["TASK-260715-2uata8"],"id":"TASK-260715-k0ivxq","name":"document-wordstats-usage-and-tools"},{"blockedBy":["STORY-260715-1qishz"],"id":"STORY-260715-2qjqfl","name":"command-line-interface"},{"blockedBy":["TASK-260715-21fpvo"],"id":"TASK-260715-2uata8","name":"implement-wordstats-cli"}],"byType":{"bug":{"total":0,"todo":0,"active":0,"done":0,"closed":0,"blocked":0},"epic":{"total":1,"todo":1,"active":0,"done":0,"closed":0,"blocked":0},"story":{"total":4,"todo":2,"active":2,"done":0,"closed":0,"blocked":0},"task":{"total":5,"todo":3,"active":2,"done":0,"closed":0,"blocked":0}}}
===== SAMPLE 14:29:43 (elapsed 202s) =====
--- runs ---
RUN-260715-374bd8 running TASK-260715-2rhbnh [analyst] orchestrator (codex)
RUN-260715-546f09 running TASK-260715-21fpvo [implementer] developer (codex)
--- board ---
summary:{"active":[{"id":"STORY-260715-1qishz","name":"statistics-engine","status":"development"},{"id":"TASK-260715-21fpvo","name":"implement-stats-library","status":"development"},{"id":"STORY-260715-34y1fs","name":"orchestration","status":"analysis"},{"id":"TASK-260715-2rhbnh","name":"orchestrate-wordstats-delivery","status":"analysis"}],"blocked":[{"blockedBy":["STORY-260715-2qjqfl"],"id":"STORY-260715-1lb262","name":"delivery-documentation-and-verification"},{"blockedBy":["TASK-260715-k0ivxq"],"id":"TASK-260715-a6fnue","name":"verify-wordstats-delivery"},{"blockedBy":["TASK-260715-2uata8"],"id":"TASK-260715-k0ivxq","name":"document-wordstats-usage-and-tools"},{"blockedBy":["STORY-260715-1qishz"],"id":"STORY-260715-2qjqfl","name":"command-line-interface"},{"blockedBy":["TASK-260715-21fpvo"],"id":"TASK-260715-2uata8","name":"implement-wordstats-cli"}],"byType":{"bug":{"total":0,"todo":0,"active":0,"done":0,"closed":0,"blocked":0},"epic":{"total":1,"todo":1,"active":0,"done":0,"closed":0,"blocked":0},"story":{"total":4,"todo":2,"active":2,"done":0,"closed":0,"blocked":0},"task":{"total":5,"todo":3,"active":2,"done":0,"closed":0,"blocked":0}}}
===== SAMPLE 14:30:03 (elapsed 222s) =====
--- runs ---
RUN-260715-374bd8 running TASK-260715-2rhbnh [analyst] orchestrator (codex)
RUN-260715-546f09 running TASK-260715-21fpvo [implementer] developer (codex)
--- board ---
summary:{"active":[{"id":"STORY-260715-1qishz","name":"statistics-engine","status":"development"},{"id":"TASK-260715-21fpvo","name":"implement-stats-library","status":"development"},{"id":"STORY-260715-34y1fs","name":"orchestration","status":"analysis"},{"id":"TASK-260715-2rhbnh","name":"orchestrate-wordstats-delivery","status":"analysis"}],"blocked":[{"blockedBy":["STORY-260715-2qjqfl"],"id":"STORY-260715-1lb262","name":"delivery-documentation-and-verification"},{"blockedBy":["TASK-260715-k0ivxq"],"id":"TASK-260715-a6fnue","name":"verify-wordstats-delivery"},{"blockedBy":["TASK-260715-2uata8"],"id":"TASK-260715-k0ivxq","name":"document-wordstats-usage-and-tools"},{"blockedBy":["STORY-260715-1qishz"],"id":"STORY-260715-2qjqfl","name":"command-line-interface"},{"blockedBy":["TASK-260715-21fpvo"],"id":"TASK-260715-2uata8","name":"implement-wordstats-cli"}],"byType":{"bug":{"total":0,"todo":0,"active":0,"done":0,"closed":0,"blocked":0},"epic":{"total":1,"todo":1,"active":0,"done":0,"closed":0,"blocked":0},"story":{"total":4,"todo":2,"active":2,"done":0,"closed":0,"blocked":0},"task":{"total":5,"todo":3,"active":2,"done":0,"closed":0,"blocked":0}}}
===== SAMPLE 14:30:23 (elapsed 242s) =====
--- runs ---
RUN-260715-374bd8 running TASK-260715-2rhbnh [analyst] orchestrator (codex)
RUN-260715-546f09 running TASK-260715-21fpvo [implementer] developer (codex)
--- board ---
summary:{"active":[{"id":"STORY-260715-1qishz","name":"statistics-engine","status":"development"},{"id":"TASK-260715-21fpvo","name":"implement-stats-library","status":"development"},{"id":"STORY-260715-34y1fs","name":"orchestration","status":"analysis"},{"id":"TASK-260715-2rhbnh","name":"orchestrate-wordstats-delivery","status":"analysis"}],"blocked":[{"blockedBy":["STORY-260715-2qjqfl"],"id":"STORY-260715-1lb262","name":"delivery-documentation-and-verification"},{"blockedBy":["TASK-260715-k0ivxq"],"id":"TASK-260715-a6fnue","name":"verify-wordstats-delivery"},{"blockedBy":["TASK-260715-2uata8"],"id":"TASK-260715-k0ivxq","name":"document-wordstats-usage-and-tools"},{"blockedBy":["STORY-260715-1qishz"],"id":"STORY-260715-2qjqfl","name":"command-line-interface"},{"blockedBy":["TASK-260715-21fpvo"],"id":"TASK-260715-2uata8","name":"implement-wordstats-cli"}],"byType":{"bug":{"total":0,"todo":0,"active":0,"done":0,"closed":0,"blocked":0},"epic":{"total":1,"todo":1,"active":0,"done":0,"closed":0,"blocked":0},"story":{"total":4,"todo":2,"active":2,"done":0,"closed":0,"blocked":0},"task":{"total":5,"todo":3,"active":2,"done":0,"closed":0,"blocked":0}}}
===== SAMPLE 14:30:43 (elapsed 262s) =====
--- runs ---
RUN-260715-374bd8 running TASK-260715-2rhbnh [analyst] orchestrator (codex)
RUN-260715-546f09 running TASK-260715-21fpvo [implementer] developer (codex)
--- board ---
summary:{"active":[{"id":"STORY-260715-1qishz","name":"statistics-engine","status":"development"},{"id":"TASK-260715-21fpvo","name":"implement-stats-library","status":"development"},{"id":"STORY-260715-34y1fs","name":"orchestration","status":"analysis"},{"id":"TASK-260715-2rhbnh","name":"orchestrate-wordstats-delivery","status":"analysis"}],"blocked":[{"blockedBy":["STORY-260715-2qjqfl"],"id":"STORY-260715-1lb262","name":"delivery-documentation-and-verification"},{"blockedBy":["TASK-260715-k0ivxq"],"id":"TASK-260715-a6fnue","name":"verify-wordstats-delivery"},{"blockedBy":["TASK-260715-2uata8"],"id":"TASK-260715-k0ivxq","name":"document-wordstats-usage-and-tools"},{"blockedBy":["STORY-260715-1qishz"],"id":"STORY-260715-2qjqfl","name":"command-line-interface"},{"blockedBy":["TASK-260715-21fpvo"],"id":"TASK-260715-2uata8","name":"implement-wordstats-cli"}],"byType":{"bug":{"total":0,"todo":0,"active":0,"done":0,"closed":0,"blocked":0},"epic":{"total":1,"todo":1,"active":0,"done":0,"closed":0,"blocked":0},"story":{"total":4,"todo":2,"active":2,"done":0,"closed":0,"blocked":0},"task":{"total":5,"todo":3,"active":2,"done":0,"closed":0,"blocked":0}}}
===== SAMPLE 14:31:03 (elapsed 282s) =====
--- runs ---
RUN-260715-374bd8 running TASK-260715-2rhbnh [analyst] orchestrator (codex)
RUN-260715-546f09 running TASK-260715-21fpvo [implementer] developer (codex)
--- board ---
summary:{"active":[{"id":"STORY-260715-1qishz","name":"statistics-engine","status":"development"},{"id":"TASK-260715-21fpvo","name":"implement-stats-library","status":"development"},{"id":"STORY-260715-34y1fs","name":"orchestration","status":"analysis"},{"id":"TASK-260715-2rhbnh","name":"orchestrate-wordstats-delivery","status":"analysis"}],"blocked":[{"blockedBy":["STORY-260715-2qjqfl"],"id":"STORY-260715-1lb262","name":"delivery-documentation-and-verification"},{"blockedBy":["TASK-260715-k0ivxq"],"id":"TASK-260715-a6fnue","name":"verify-wordstats-delivery"},{"blockedBy":["TASK-260715-2uata8"],"id":"TASK-260715-k0ivxq","name":"document-wordstats-usage-and-tools"},{"blockedBy":["STORY-260715-1qishz"],"id":"STORY-260715-2qjqfl","name":"command-line-interface"},{"blockedBy":["TASK-260715-21fpvo"],"id":"TASK-260715-2uata8","name":"implement-wordstats-cli"}],"byType":{"bug":{"total":0,"todo":0,"active":0,"done":0,"closed":0,"blocked":0},"epic":{"total":1,"todo":1,"active":0,"done":0,"closed":0,"blocked":0},"story":{"total":4,"todo":2,"active":2,"done":0,"closed":0,"blocked":0},"task":{"total":5,"todo":3,"active":2,"done":0,"closed":0,"blocked":0}}}
===== SAMPLE 14:31:23 (elapsed 302s) =====
--- runs ---
RUN-260715-374bd8 running TASK-260715-2rhbnh [analyst] orchestrator (codex)
RUN-260715-546f09 running TASK-260715-21fpvo [implementer] developer (codex)
--- board ---
summary:{"active":[{"id":"STORY-260715-1qishz","name":"statistics-engine","status":"to-review"},{"id":"TASK-260715-21fpvo","name":"implement-stats-library","status":"to-review"},{"id":"STORY-260715-34y1fs","name":"orchestration","status":"analysis"},{"id":"TASK-260715-2rhbnh","name":"orchestrate-wordstats-delivery","status":"analysis"}],"blocked":[{"blockedBy":["STORY-260715-2qjqfl"],"id":"STORY-260715-1lb262","name":"delivery-documentation-and-verification"},{"blockedBy":["TASK-260715-k0ivxq"],"id":"TASK-260715-a6fnue","name":"verify-wordstats-delivery"},{"blockedBy":["TASK-260715-2uata8"],"id":"TASK-260715-k0ivxq","name":"document-wordstats-usage-and-tools"},{"blockedBy":["STORY-260715-1qishz"],"id":"STORY-260715-2qjqfl","name":"command-line-interface"},{"blockedBy":["TASK-260715-21fpvo"],"id":"TASK-260715-2uata8","name":"implement-wordstats-cli"}],"byType":{"bug":{"total":0,"todo":0,"active":0,"done":0,"closed":0,"blocked":0},"epic":{"total":1,"todo":1,"active":0,"done":0,"closed":0,"blocked":0},"story":{"total":4,"todo":2,"active":2,"done":0,"closed":0,"blocked":0},"task":{"total":5,"todo":3,"active":2,"done":0,"closed":0,"blocked":0}}}
WAKE (interval elapsed, root=running)
===== SAMPLE 14:31:43 (elapsed 0s) =====
--- runs ---
RUN-260715-374bd8 running TASK-260715-2rhbnh [analyst] orchestrator (codex)
RUN-260715-546f09 running TASK-260715-21fpvo [implementer] developer (codex)
--- board ---
summary:{"active":[{"id":"STORY-260715-1qishz","name":"statistics-engine","status":"to-review"},{"id":"TASK-260715-21fpvo","name":"implement-stats-library","status":"to-review"},{"id":"STORY-260715-34y1fs","name":"orchestration","status":"analysis"},{"id":"TASK-260715-2rhbnh","name":"orchestrate-wordstats-delivery","status":"analysis"}],"blocked":[{"blockedBy":["STORY-260715-2qjqfl"],"id":"STORY-260715-1lb262","name":"delivery-documentation-and-verification"},{"blockedBy":["TASK-260715-k0ivxq"],"id":"TASK-260715-a6fnue","name":"verify-wordstats-delivery"},{"blockedBy":["TASK-260715-2uata8"],"id":"TASK-260715-k0ivxq","name":"document-wordstats-usage-and-tools"},{"blockedBy":["STORY-260715-1qishz"],"id":"STORY-260715-2qjqfl","name":"command-line-interface"},{"blockedBy":["TASK-260715-21fpvo"],"id":"TASK-260715-2uata8","name":"implement-wordstats-cli"}],"byType":{"bug":{"total":0,"todo":0,"active":0,"done":0,"closed":0,"blocked":0},"epic":{"total":1,"todo":1,"active":0,"done":0,"closed":0,"blocked":0},"story":{"total":4,"todo":2,"active":2,"done":0,"closed":0,"blocked":0},"task":{"total":5,"todo":3,"active":2,"done":0,"closed":0,"blocked":0}}}
===== SAMPLE 14:32:03 (elapsed 20s) =====
--- runs ---
RUN-260715-374bd8 running TASK-260715-2rhbnh [analyst] orchestrator (codex)
RUN-260715-4ba468 running TASK-260715-21fpvo [reviewer] reviewer (codex)
RUN-260715-546f09 completed TASK-260715-21fpvo [implementer] developer (codex)
--- board ---
summary:{"active":[{"id":"STORY-260715-1qishz","name":"statistics-engine","status":"to-review"},{"id":"TASK-260715-21fpvo","name":"implement-stats-library","status":"to-review"},{"id":"STORY-260715-34y1fs","name":"orchestration","status":"analysis"},{"id":"TASK-260715-2rhbnh","name":"orchestrate-wordstats-delivery","status":"analysis"}],"blocked":[{"blockedBy":["STORY-260715-2qjqfl"],"id":"STORY-260715-1lb262","name":"delivery-documentation-and-verification"},{"blockedBy":["TASK-260715-k0ivxq"],"id":"TASK-260715-a6fnue","name":"verify-wordstats-delivery"},{"blockedBy":["TASK-260715-2uata8"],"id":"TASK-260715-k0ivxq","name":"document-wordstats-usage-and-tools"},{"blockedBy":["STORY-260715-1qishz"],"id":"STORY-260715-2qjqfl","name":"command-line-interface"},{"blockedBy":["TASK-260715-21fpvo"],"id":"TASK-260715-2uata8","name":"implement-wordstats-cli"}],"byType":{"bug":{"total":0,"todo":0,"active":0,"done":0,"closed":0,"blocked":0},"epic":{"total":1,"todo":1,"active":0,"done":0,"closed":0,"blocked":0},"story":{"total":4,"todo":2,"active":2,"done":0,"closed":0,"blocked":0},"task":{"total":5,"todo":3,"active":2,"done":0,"closed":0,"blocked":0}}}
===== SAMPLE 14:32:24 (elapsed 41s) =====
--- runs ---
RUN-260715-374bd8 running TASK-260715-2rhbnh [analyst] orchestrator (codex)
RUN-260715-4ba468 running TASK-260715-21fpvo [reviewer] reviewer (codex)
RUN-260715-546f09 completed TASK-260715-21fpvo [implementer] developer (codex)
--- board ---
summary:{"active":[{"id":"STORY-260715-1qishz","name":"statistics-engine","status":"reviewing"},{"id":"TASK-260715-21fpvo","name":"implement-stats-library","status":"reviewing"},{"id":"STORY-260715-34y1fs","name":"orchestration","status":"analysis"},{"id":"TASK-260715-2rhbnh","name":"orchestrate-wordstats-delivery","status":"analysis"}],"blocked":[{"blockedBy":["STORY-260715-2qjqfl"],"id":"STORY-260715-1lb262","name":"delivery-documentation-and-verification"},{"blockedBy":["TASK-260715-k0ivxq"],"id":"TASK-260715-a6fnue","name":"verify-wordstats-delivery"},{"blockedBy":["TASK-260715-2uata8"],"id":"TASK-260715-k0ivxq","name":"document-wordstats-usage-and-tools"},{"blockedBy":["STORY-260715-1qishz"],"id":"STORY-260715-2qjqfl","name":"command-line-interface"},{"blockedBy":["TASK-260715-21fpvo"],"id":"TASK-260715-2uata8","name":"implement-wordstats-cli"}],"byType":{"bug":{"total":0,"todo":0,"active":0,"done":0,"closed":0,"blocked":0},"epic":{"total":1,"todo":1,"active":0,"done":0,"closed":0,"blocked":0},"story":{"total":4,"todo":2,"active":2,"done":0,"closed":0,"blocked":0},"task":{"total":5,"todo":3,"active":2,"done":0,"closed":0,"blocked":0}}}
===== SAMPLE 14:32:44 (elapsed 61s) =====
--- runs ---
RUN-260715-374bd8 running TASK-260715-2rhbnh [analyst] orchestrator (codex)
RUN-260715-4ba468 running TASK-260715-21fpvo [reviewer] reviewer (codex)
RUN-260715-546f09 completed TASK-260715-21fpvo [implementer] developer (codex)
--- board ---
summary:{"active":[{"id":"STORY-260715-1qishz","name":"statistics-engine","status":"reviewing"},{"id":"TASK-260715-21fpvo","name":"implement-stats-library","status":"reviewing"},{"id":"STORY-260715-34y1fs","name":"orchestration","status":"analysis"},{"id":"TASK-260715-2rhbnh","name":"orchestrate-wordstats-delivery","status":"analysis"}],"blocked":[{"blockedBy":["STORY-260715-2qjqfl"],"id":"STORY-260715-1lb262","name":"delivery-documentation-and-verification"},{"blockedBy":["TASK-260715-k0ivxq"],"id":"TASK-260715-a6fnue","name":"verify-wordstats-delivery"},{"blockedBy":["TASK-260715-2uata8"],"id":"TASK-260715-k0ivxq","name":"document-wordstats-usage-and-tools"},{"blockedBy":["STORY-260715-1qishz"],"id":"STORY-260715-2qjqfl","name":"command-line-interface"},{"blockedBy":["TASK-260715-21fpvo"],"id":"TASK-260715-2uata8","name":"implement-wordstats-cli"}],"byType":{"bug":{"total":0,"todo":0,"active":0,"done":0,"closed":0,"blocked":0},"epic":{"total":1,"todo":1,"active":0,"done":0,"closed":0,"blocked":0},"story":{"total":4,"todo":2,"active":2,"done":0,"closed":0,"blocked":0},"task":{"total":5,"todo":3,"active":2,"done":0,"closed":0,"blocked":0}}}
===== SAMPLE 14:33:04 (elapsed 81s) =====
--- runs ---
RUN-260715-374bd8 running TASK-260715-2rhbnh [analyst] orchestrator (codex)
RUN-260715-4ba468 running TASK-260715-21fpvo [reviewer] reviewer (codex)
RUN-260715-546f09 completed TASK-260715-21fpvo [implementer] developer (codex)
--- board ---
summary:{"active":[{"id":"STORY-260715-1qishz","name":"statistics-engine","status":"reviewing"},{"id":"TASK-260715-21fpvo","name":"implement-stats-library","status":"reviewing"},{"id":"STORY-260715-34y1fs","name":"orchestration","status":"analysis"},{"id":"TASK-260715-2rhbnh","name":"orchestrate-wordstats-delivery","status":"analysis"}],"blocked":[{"blockedBy":["STORY-260715-2qjqfl"],"id":"STORY-260715-1lb262","name":"delivery-documentation-and-verification"},{"blockedBy":["TASK-260715-k0ivxq"],"id":"TASK-260715-a6fnue","name":"verify-wordstats-delivery"},{"blockedBy":["TASK-260715-2uata8"],"id":"TASK-260715-k0ivxq","name":"document-wordstats-usage-and-tools"},{"blockedBy":["STORY-260715-1qishz"],"id":"STORY-260715-2qjqfl","name":"command-line-interface"},{"blockedBy":["TASK-260715-21fpvo"],"id":"TASK-260715-2uata8","name":"implement-wordstats-cli"}],"byType":{"bug":{"total":0,"todo":0,"active":0,"done":0,"closed":0,"blocked":0},"epic":{"total":1,"todo":1,"active":0,"done":0,"closed":0,"blocked":0},"story":{"total":4,"todo":2,"active":2,"done":0,"closed":0,"blocked":0},"task":{"total":5,"todo":3,"active":2,"done":0,"closed":0,"blocked":0}}}
===== SAMPLE 14:33:24 (elapsed 101s) =====
--- runs ---
RUN-260715-374bd8 running TASK-260715-2rhbnh [analyst] orchestrator (codex)
RUN-260715-4ba468 running TASK-260715-21fpvo [reviewer] reviewer (codex)
RUN-260715-546f09 completed TASK-260715-21fpvo [implementer] developer (codex)
--- board ---
summary:{"active":[{"id":"STORY-260715-1qishz","name":"statistics-engine","status":"reviewing"},{"id":"TASK-260715-21fpvo","name":"implement-stats-library","status":"reviewing"},{"id":"STORY-260715-34y1fs","name":"orchestration","status":"analysis"},{"id":"TASK-260715-2rhbnh","name":"orchestrate-wordstats-delivery","status":"analysis"}],"blocked":[{"blockedBy":["STORY-260715-2qjqfl"],"id":"STORY-260715-1lb262","name":"delivery-documentation-and-verification"},{"blockedBy":["TASK-260715-k0ivxq"],"id":"TASK-260715-a6fnue","name":"verify-wordstats-delivery"},{"blockedBy":["TASK-260715-2uata8"],"id":"TASK-260715-k0ivxq","name":"document-wordstats-usage-and-tools"},{"blockedBy":["STORY-260715-1qishz"],"id":"STORY-260715-2qjqfl","name":"command-line-interface"},{"blockedBy":["TASK-260715-21fpvo"],"id":"TASK-260715-2uata8","name":"implement-wordstats-cli"}],"byType":{"bug":{"total":0,"todo":0,"active":0,"done":0,"closed":0,"blocked":0},"epic":{"total":1,"todo":1,"active":0,"done":0,"closed":0,"blocked":0},"story":{"total":4,"todo":2,"active":2,"done":0,"closed":0,"blocked":0},"task":{"total":5,"todo":3,"active":2,"done":0,"closed":0,"blocked":0}}}
===== SAMPLE 14:33:44 (elapsed 121s) =====
--- runs ---
RUN-260715-374bd8 running TASK-260715-2rhbnh [analyst] orchestrator (codex)
RUN-260715-4ba468 running TASK-260715-21fpvo [reviewer] reviewer (codex)
RUN-260715-546f09 completed TASK-260715-21fpvo [implementer] developer (codex)
--- board ---
summary:{"active":[{"id":"STORY-260715-1qishz","name":"statistics-engine","status":"reviewing"},{"id":"TASK-260715-21fpvo","name":"implement-stats-library","status":"reviewing"},{"id":"STORY-260715-34y1fs","name":"orchestration","status":"analysis"},{"id":"TASK-260715-2rhbnh","name":"orchestrate-wordstats-delivery","status":"analysis"}],"blocked":[{"blockedBy":["STORY-260715-2qjqfl"],"id":"STORY-260715-1lb262","name":"delivery-documentation-and-verification"},{"blockedBy":["TASK-260715-k0ivxq"],"id":"TASK-260715-a6fnue","name":"verify-wordstats-delivery"},{"blockedBy":["TASK-260715-2uata8"],"id":"TASK-260715-k0ivxq","name":"document-wordstats-usage-and-tools"},{"blockedBy":["STORY-260715-1qishz"],"id":"STORY-260715-2qjqfl","name":"command-line-interface"},{"blockedBy":["TASK-260715-21fpvo"],"id":"TASK-260715-2uata8","name":"implement-wordstats-cli"}],"byType":{"bug":{"total":0,"todo":0,"active":0,"done":0,"closed":0,"blocked":0},"epic":{"total":1,"todo":1,"active":0,"done":0,"closed":0,"blocked":0},"story":{"total":4,"todo":2,"active":2,"done":0,"closed":0,"blocked":0},"task":{"total":5,"todo":3,"active":2,"done":0,"closed":0,"blocked":0}}}
===== SAMPLE 14:34:05 (elapsed 141s) =====
--- runs ---
RUN-260715-374bd8 running TASK-260715-2rhbnh [analyst] orchestrator (codex)
RUN-260715-4ba468 running TASK-260715-21fpvo [reviewer] reviewer (codex)
RUN-260715-546f09 completed TASK-260715-21fpvo [implementer] developer (codex)
--- board ---
summary:{"active":[{"id":"STORY-260715-1qishz","name":"statistics-engine","status":"reviewing"},{"id":"TASK-260715-21fpvo","name":"implement-stats-library","status":"reviewing"},{"id":"STORY-260715-34y1fs","name":"orchestration","status":"analysis"},{"id":"TASK-260715-2rhbnh","name":"orchestrate-wordstats-delivery","status":"analysis"}],"blocked":[{"blockedBy":["STORY-260715-2qjqfl"],"id":"STORY-260715-1lb262","name":"delivery-documentation-and-verification"},{"blockedBy":["TASK-260715-k0ivxq"],"id":"TASK-260715-a6fnue","name":"verify-wordstats-delivery"},{"blockedBy":["TASK-260715-2uata8"],"id":"TASK-260715-k0ivxq","name":"document-wordstats-usage-and-tools"},{"blockedBy":["STORY-260715-1qishz"],"id":"STORY-260715-2qjqfl","name":"command-line-interface"},{"blockedBy":["TASK-260715-21fpvo"],"id":"TASK-260715-2uata8","name":"implement-wordstats-cli"}],"byType":{"bug":{"total":0,"todo":0,"active":0,"done":0,"closed":0,"blocked":0},"epic":{"total":1,"todo":1,"active":0,"done":0,"closed":0,"blocked":0},"story":{"total":4,"todo":2,"active":2,"done":0,"closed":0,"blocked":0},"task":{"total":5,"todo":3,"active":2,"done":0,"closed":0,"blocked":0}}}
===== SAMPLE 14:34:25 (elapsed 162s) =====
--- runs ---
RUN-260715-374bd8 running TASK-260715-2rhbnh [analyst] orchestrator (codex)
RUN-260715-4ba468 running TASK-260715-21fpvo [reviewer] reviewer (codex)
RUN-260715-546f09 completed TASK-260715-21fpvo [implementer] developer (codex)
--- board ---
summary:{"active":[{"id":"STORY-260715-1qishz","name":"statistics-engine","status":"reviewing"},{"id":"TASK-260715-21fpvo","name":"implement-stats-library","status":"reviewing"},{"id":"STORY-260715-34y1fs","name":"orchestration","status":"analysis"},{"id":"TASK-260715-2rhbnh","name":"orchestrate-wordstats-delivery","status":"analysis"}],"blocked":[{"blockedBy":["STORY-260715-2qjqfl"],"id":"STORY-260715-1lb262","name":"delivery-documentation-and-verification"},{"blockedBy":["TASK-260715-k0ivxq"],"id":"TASK-260715-a6fnue","name":"verify-wordstats-delivery"},{"blockedBy":["TASK-260715-2uata8"],"id":"TASK-260715-k0ivxq","name":"document-wordstats-usage-and-tools"},{"blockedBy":["STORY-260715-1qishz"],"id":"STORY-260715-2qjqfl","name":"command-line-interface"},{"blockedBy":["TASK-260715-21fpvo"],"id":"TASK-260715-2uata8","name":"implement-wordstats-cli"}],"byType":{"bug":{"total":0,"todo":0,"active":0,"done":0,"closed":0,"blocked":0},"epic":{"total":1,"todo":1,"active":0,"done":0,"closed":0,"blocked":0},"story":{"total":4,"todo":2,"active":2,"done":0,"closed":0,"blocked":0},"task":{"total":5,"todo":3,"active":2,"done":0,"closed":0,"blocked":0}}}
===== SAMPLE 14:34:45 (elapsed 182s) =====
--- runs ---
RUN-260715-374bd8 running TASK-260715-2rhbnh [analyst] orchestrator (codex)
RUN-260715-4ba468 running TASK-260715-21fpvo [reviewer] reviewer (codex)
RUN-260715-546f09 completed TASK-260715-21fpvo [implementer] developer (codex)
--- board ---
summary:{"active":[{"id":"STORY-260715-1qishz","name":"statistics-engine","status":"reviewing"},{"id":"TASK-260715-21fpvo","name":"implement-stats-library","status":"reviewing"},{"id":"STORY-260715-34y1fs","name":"orchestration","status":"analysis"},{"id":"TASK-260715-2rhbnh","name":"orchestrate-wordstats-delivery","status":"analysis"}],"blocked":[{"blockedBy":["STORY-260715-2qjqfl"],"id":"STORY-260715-1lb262","name":"delivery-documentation-and-verification"},{"blockedBy":["TASK-260715-k0ivxq"],"id":"TASK-260715-a6fnue","name":"verify-wordstats-delivery"},{"blockedBy":["TASK-260715-2uata8"],"id":"TASK-260715-k0ivxq","name":"document-wordstats-usage-and-tools"},{"blockedBy":["STORY-260715-1qishz"],"id":"STORY-260715-2qjqfl","name":"command-line-interface"},{"blockedBy":["TASK-260715-21fpvo"],"id":"TASK-260715-2uata8","name":"implement-wordstats-cli"}],"byType":{"bug":{"total":0,"todo":0,"active":0,"done":0,"closed":0,"blocked":0},"epic":{"total":1,"todo":1,"active":0,"done":0,"closed":0,"blocked":0},"story":{"total":4,"todo":2,"active":2,"done":0,"closed":0,"blocked":0},"task":{"total":5,"todo":3,"active":2,"done":0,"closed":0,"blocked":0}}}
===== SAMPLE 14:35:05 (elapsed 202s) =====
--- runs ---
RUN-260715-374bd8 running TASK-260715-2rhbnh [analyst] orchestrator (codex)
RUN-260715-4ba468 running TASK-260715-21fpvo [reviewer] reviewer (codex)
RUN-260715-546f09 completed TASK-260715-21fpvo [implementer] developer (codex)
--- board ---
summary:{"active":[{"id":"STORY-260715-1qishz","name":"statistics-engine","status":"reviewing"},{"id":"TASK-260715-21fpvo","name":"implement-stats-library","status":"reviewing"},{"id":"STORY-260715-34y1fs","name":"orchestration","status":"analysis"},{"id":"TASK-260715-2rhbnh","name":"orchestrate-wordstats-delivery","status":"analysis"}],"blocked":[{"blockedBy":["STORY-260715-2qjqfl"],"id":"STORY-260715-1lb262","name":"delivery-documentation-and-verification"},{"blockedBy":["TASK-260715-k0ivxq"],"id":"TASK-260715-a6fnue","name":"verify-wordstats-delivery"},{"blockedBy":["TASK-260715-2uata8"],"id":"TASK-260715-k0ivxq","name":"document-wordstats-usage-and-tools"},{"blockedBy":["STORY-260715-1qishz"],"id":"STORY-260715-2qjqfl","name":"command-line-interface"},{"blockedBy":["TASK-260715-21fpvo"],"id":"TASK-260715-2uata8","name":"implement-wordstats-cli"}],"byType":{"bug":{"total":0,"todo":0,"active":0,"done":0,"closed":0,"blocked":0},"epic":{"total":1,"todo":1,"active":0,"done":0,"closed":0,"blocked":0},"story":{"total":4,"todo":2,"active":2,"done":0,"closed":0,"blocked":0},"task":{"total":5,"todo":3,"active":2,"done":0,"closed":0,"blocked":0}}}
===== SAMPLE 14:35:25 (elapsed 222s) =====
--- runs ---
RUN-260715-374bd8 running TASK-260715-2rhbnh [analyst] orchestrator (codex)
RUN-260715-4ba468 running TASK-260715-21fpvo [reviewer] reviewer (codex)
RUN-260715-546f09 completed TASK-260715-21fpvo [implementer] developer (codex)
--- board ---
summary:{"active":[{"id":"STORY-260715-1qishz","name":"statistics-engine","status":"reviewing"},{"id":"TASK-260715-21fpvo","name":"implement-stats-library","status":"reviewing"},{"id":"STORY-260715-34y1fs","name":"orchestration","status":"analysis"},{"id":"TASK-260715-2rhbnh","name":"orchestrate-wordstats-delivery","status":"analysis"}],"blocked":[{"blockedBy":["STORY-260715-2qjqfl"],"id":"STORY-260715-1lb262","name":"delivery-documentation-and-verification"},{"blockedBy":["TASK-260715-k0ivxq"],"id":"TASK-260715-a6fnue","name":"verify-wordstats-delivery"},{"blockedBy":["TASK-260715-2uata8"],"id":"TASK-260715-k0ivxq","name":"document-wordstats-usage-and-tools"},{"blockedBy":["STORY-260715-1qishz"],"id":"STORY-260715-2qjqfl","name":"command-line-interface"},{"blockedBy":["TASK-260715-21fpvo"],"id":"TASK-260715-2uata8","name":"implement-wordstats-cli"}],"byType":{"bug":{"total":0,"todo":0,"active":0,"done":0,"closed":0,"blocked":0},"epic":{"total":1,"todo":1,"active":0,"done":0,"closed":0,"blocked":0},"story":{"total":4,"todo":2,"active":2,"done":0,"closed":0,"blocked":0},"task":{"total":5,"todo":3,"active":2,"done":0,"closed":0,"blocked":0}}}
===== SAMPLE 14:35:46 (elapsed 243s) =====
--- runs ---
RUN-260715-374bd8 running TASK-260715-2rhbnh [analyst] orchestrator (codex)
RUN-260715-4ba468 running TASK-260715-21fpvo [reviewer] reviewer (codex)
RUN-260715-546f09 completed TASK-260715-21fpvo [implementer] developer (codex)
--- board ---
summary:{"active":[{"id":"STORY-260715-1qishz","name":"statistics-engine","status":"reviewing"},{"id":"TASK-260715-21fpvo","name":"implement-stats-library","status":"reviewing"},{"id":"STORY-260715-34y1fs","name":"orchestration","status":"analysis"},{"id":"TASK-260715-2rhbnh","name":"orchestrate-wordstats-delivery","status":"analysis"}],"blocked":[{"blockedBy":["STORY-260715-2qjqfl"],"id":"STORY-260715-1lb262","name":"delivery-documentation-and-verification"},{"blockedBy":["TASK-260715-k0ivxq"],"id":"TASK-260715-a6fnue","name":"verify-wordstats-delivery"},{"blockedBy":["TASK-260715-2uata8"],"id":"TASK-260715-k0ivxq","name":"document-wordstats-usage-and-tools"},{"blockedBy":["STORY-260715-1qishz"],"id":"STORY-260715-2qjqfl","name":"command-line-interface"},{"blockedBy":["TASK-260715-21fpvo"],"id":"TASK-260715-2uata8","name":"implement-wordstats-cli"}],"byType":{"bug":{"total":0,"todo":0,"active":0,"done":0,"closed":0,"blocked":0},"epic":{"total":1,"todo":1,"active":0,"done":0,"closed":0,"blocked":0},"story":{"total":4,"todo":2,"active":2,"done":0,"closed":0,"blocked":0},"task":{"total":5,"todo":3,"active":2,"done":0,"closed":0,"blocked":0}}}
===== SAMPLE 14:36:06 (elapsed 263s) =====
--- runs ---
RUN-260715-374bd8 running TASK-260715-2rhbnh [analyst] orchestrator (codex)
RUN-260715-4ba468 running TASK-260715-21fpvo [reviewer] reviewer (codex)
RUN-260715-546f09 completed TASK-260715-21fpvo [implementer] developer (codex)
--- board ---
summary:{"active":[{"id":"STORY-260715-1qishz","name":"statistics-engine","status":"reviewing"},{"id":"TASK-260715-21fpvo","name":"implement-stats-library","status":"reviewing"},{"id":"STORY-260715-34y1fs","name":"orchestration","status":"analysis"},{"id":"TASK-260715-2rhbnh","name":"orchestrate-wordstats-delivery","status":"analysis"}],"blocked":[{"blockedBy":["STORY-260715-2qjqfl"],"id":"STORY-260715-1lb262","name":"delivery-documentation-and-verification"},{"blockedBy":["TASK-260715-k0ivxq"],"id":"TASK-260715-a6fnue","name":"verify-wordstats-delivery"},{"blockedBy":["TASK-260715-2uata8"],"id":"TASK-260715-k0ivxq","name":"document-wordstats-usage-and-tools"},{"blockedBy":["STORY-260715-1qishz"],"id":"STORY-260715-2qjqfl","name":"command-line-interface"},{"blockedBy":["TASK-260715-21fpvo"],"id":"TASK-260715-2uata8","name":"implement-wordstats-cli"}],"byType":{"bug":{"total":0,"todo":0,"active":0,"done":0,"closed":0,"blocked":0},"epic":{"total":1,"todo":1,"active":0,"done":0,"closed":0,"blocked":0},"story":{"total":4,"todo":2,"active":2,"done":0,"closed":0,"blocked":0},"task":{"total":5,"todo":3,"active":2,"done":0,"closed":0,"blocked":0}}}
===== SAMPLE 14:36:26 (elapsed 283s) =====
--- runs ---
RUN-260715-374bd8 running TASK-260715-2rhbnh [analyst] orchestrator (codex)
RUN-260715-4ba468 running TASK-260715-21fpvo [reviewer] reviewer (codex)
RUN-260715-546f09 completed TASK-260715-21fpvo [implementer] developer (codex)
--- board ---
summary:{"active":[{"id":"STORY-260715-1qishz","name":"statistics-engine","status":"reviewing"},{"id":"TASK-260715-21fpvo","name":"implement-stats-library","status":"reviewing"},{"id":"STORY-260715-34y1fs","name":"orchestration","status":"analysis"},{"id":"TASK-260715-2rhbnh","name":"orchestrate-wordstats-delivery","status":"analysis"}],"blocked":[{"blockedBy":["STORY-260715-2qjqfl"],"id":"STORY-260715-1lb262","name":"delivery-documentation-and-verification"},{"blockedBy":["TASK-260715-k0ivxq"],"id":"TASK-260715-a6fnue","name":"verify-wordstats-delivery"},{"blockedBy":["TASK-260715-2uata8"],"id":"TASK-260715-k0ivxq","name":"document-wordstats-usage-and-tools"},{"blockedBy":["STORY-260715-1qishz"],"id":"STORY-260715-2qjqfl","name":"command-line-interface"},{"blockedBy":["TASK-260715-21fpvo"],"id":"TASK-260715-2uata8","name":"implement-wordstats-cli"}],"byType":{"bug":{"total":0,"todo":0,"active":0,"done":0,"closed":0,"blocked":0},"epic":{"total":1,"todo":1,"active":0,"done":0,"closed":0,"blocked":0},"story":{"total":4,"todo":2,"active":2,"done":0,"closed":0,"blocked":0},"task":{"total":5,"todo":3,"active":2,"done":0,"closed":0,"blocked":0}}}
===== SAMPLE 14:36:46 (elapsed 303s) =====
--- runs ---
RUN-260715-374bd8 running TASK-260715-2rhbnh [analyst] orchestrator (codex)
RUN-260715-4ba468 running TASK-260715-21fpvo [reviewer] reviewer (codex)
RUN-260715-546f09 completed TASK-260715-21fpvo [implementer] developer (codex)
--- board ---
summary:{"active":[{"id":"STORY-260715-1qishz","name":"statistics-engine","status":"reviewing"},{"id":"TASK-260715-21fpvo","name":"implement-stats-library","status":"reviewing"},{"id":"STORY-260715-34y1fs","name":"orchestration","status":"analysis"},{"id":"TASK-260715-2rhbnh","name":"orchestrate-wordstats-delivery","status":"analysis"}],"blocked":[{"blockedBy":["STORY-260715-2qjqfl"],"id":"STORY-260715-1lb262","name":"delivery-documentation-and-verification"},{"blockedBy":["TASK-260715-k0ivxq"],"id":"TASK-260715-a6fnue","name":"verify-wordstats-delivery"},{"blockedBy":["TASK-260715-2uata8"],"id":"TASK-260715-k0ivxq","name":"document-wordstats-usage-and-tools"},{"blockedBy":["STORY-260715-1qishz"],"id":"STORY-260715-2qjqfl","name":"command-line-interface"},{"blockedBy":["TASK-260715-21fpvo"],"id":"TASK-260715-2uata8","name":"implement-wordstats-cli"}],"byType":{"bug":{"total":0,"todo":0,"active":0,"done":0,"closed":0,"blocked":0},"epic":{"total":1,"todo":1,"active":0,"done":0,"closed":0,"blocked":0},"story":{"total":4,"todo":2,"active":2,"done":0,"closed":0,"blocked":0},"task":{"total":5,"todo":3,"active":2,"done":0,"closed":0,"blocked":0}}}
===== SAMPLE 14:37:06 (elapsed 323s) =====
--- runs ---
RUN-260715-374bd8 running TASK-260715-2rhbnh [analyst] orchestrator (codex)
RUN-260715-4ba468 running TASK-260715-21fpvo [reviewer] reviewer (codex)
RUN-260715-546f09 completed TASK-260715-21fpvo [implementer] developer (codex)
--- board ---
summary:{"active":[{"id":"STORY-260715-1qishz","name":"statistics-engine","status":"reviewing"},{"id":"TASK-260715-21fpvo","name":"implement-stats-library","status":"reviewing"},{"id":"STORY-260715-34y1fs","name":"orchestration","status":"analysis"},{"id":"TASK-260715-2rhbnh","name":"orchestrate-wordstats-delivery","status":"analysis"}],"blocked":[{"blockedBy":["STORY-260715-2qjqfl"],"id":"STORY-260715-1lb262","name":"delivery-documentation-and-verification"},{"blockedBy":["TASK-260715-k0ivxq"],"id":"TASK-260715-a6fnue","name":"verify-wordstats-delivery"},{"blockedBy":["TASK-260715-2uata8"],"id":"TASK-260715-k0ivxq","name":"document-wordstats-usage-and-tools"},{"blockedBy":["STORY-260715-1qishz"],"id":"STORY-260715-2qjqfl","name":"command-line-interface"},{"blockedBy":["TASK-260715-21fpvo"],"id":"TASK-260715-2uata8","name":"implement-wordstats-cli"}],"byType":{"bug":{"total":0,"todo":0,"active":0,"done":0,"closed":0,"blocked":0},"epic":{"total":1,"todo":1,"active":0,"done":0,"closed":0,"blocked":0},"story":{"total":4,"todo":2,"active":2,"done":0,"closed":0,"blocked":0},"task":{"total":5,"todo":3,"active":2,"done":0,"closed":0,"blocked":0}}}
===== SAMPLE 14:37:27 (elapsed 344s) =====
--- runs ---
RUN-260715-374bd8 running TASK-260715-2rhbnh [analyst] orchestrator (codex)
RUN-260715-4ba468 running TASK-260715-21fpvo [reviewer] reviewer (codex)
RUN-260715-546f09 completed TASK-260715-21fpvo [implementer] developer (codex)
--- board ---
summary:{"active":[{"id":"STORY-260715-34y1fs","name":"orchestration","status":"analysis"},{"id":"TASK-260715-2rhbnh","name":"orchestrate-wordstats-delivery","status":"analysis"}],"blocked":[{"blockedBy":["STORY-260715-2qjqfl"],"id":"STORY-260715-1lb262","name":"delivery-documentation-and-verification"},{"blockedBy":["TASK-260715-k0ivxq"],"id":"TASK-260715-a6fnue","name":"verify-wordstats-delivery"},{"blockedBy":["TASK-260715-2uata8"],"id":"TASK-260715-k0ivxq","name":"document-wordstats-usage-and-tools"}],"byType":{"bug":{"total":0,"todo":0,"active":0,"done":0,"closed":0,"blocked":0},"epic":{"total":1,"todo":1,"active":0,"done":0,"closed":0,"blocked":0},"story":{"total":4,"todo":2,"active":1,"done":1,"closed":0,"blocked":0},"task":{"total":5,"todo":3,"active":1,"done":1,"closed":0,"blocked":0}}}
===== SAMPLE 14:37:47 (elapsed 364s) =====
--- runs ---
RUN-260715-374bd8 running TASK-260715-2rhbnh [analyst] orchestrator (codex)
RUN-260715-4ba468 completed TASK-260715-21fpvo [reviewer] reviewer (codex)
RUN-260715-546f09 completed TASK-260715-21fpvo [implementer] developer (codex)
--- board ---
summary:{"active":[{"id":"STORY-260715-34y1fs","name":"orchestration","status":"analysis"},{"id":"TASK-260715-2rhbnh","name":"orchestrate-wordstats-delivery","status":"analysis"}],"blocked":[{"blockedBy":["STORY-260715-2qjqfl"],"id":"STORY-260715-1lb262","name":"delivery-documentation-and-verification"},{"blockedBy":["TASK-260715-k0ivxq"],"id":"TASK-260715-a6fnue","name":"verify-wordstats-delivery"},{"blockedBy":["TASK-260715-2uata8"],"id":"TASK-260715-k0ivxq","name":"document-wordstats-usage-and-tools"}],"byType":{"bug":{"total":0,"todo":0,"active":0,"done":0,"closed":0,"blocked":0},"epic":{"total":1,"todo":1,"active":0,"done":0,"closed":0,"blocked":0},"story":{"total":4,"todo":2,"active":1,"done":1,"closed":0,"blocked":0},"task":{"total":5,"todo":3,"active":1,"done":1,"closed":0,"blocked":0}}}
WAKE (interval elapsed, root=running)
===== SAMPLE 14:38:06 (elapsed 0s) =====
--- runs ---
RUN-260715-374bd8 running TASK-260715-2rhbnh [analyst] orchestrator (codex)
RUN-260715-4ba468 completed TASK-260715-21fpvo [reviewer] reviewer (codex)
RUN-260715-546f09 completed TASK-260715-21fpvo [implementer] developer (codex)
RUN-260715-7d7b8b running TASK-260715-2uata8 [implementer] developer (codex)
--- board ---
summary:{"active":[{"id":"STORY-260715-34y1fs","name":"orchestration","status":"analysis"},{"id":"TASK-260715-2rhbnh","name":"orchestrate-wordstats-delivery","status":"analysis"}],"blocked":[{"blockedBy":["STORY-260715-2qjqfl"],"id":"STORY-260715-1lb262","name":"delivery-documentation-and-verification"},{"blockedBy":["TASK-260715-k0ivxq"],"id":"TASK-260715-a6fnue","name":"verify-wordstats-delivery"},{"blockedBy":["TASK-260715-2uata8"],"id":"TASK-260715-k0ivxq","name":"document-wordstats-usage-and-tools"}],"byType":{"bug":{"total":0,"todo":0,"active":0,"done":0,"closed":0,"blocked":0},"epic":{"total":1,"todo":1,"active":0,"done":0,"closed":0,"blocked":0},"story":{"total":4,"todo":2,"active":1,"done":1,"closed":0,"blocked":0},"task":{"total":5,"todo":3,"active":1,"done":1,"closed":0,"blocked":0}}}
===== SAMPLE 14:38:26 (elapsed 20s) =====
--- runs ---
RUN-260715-374bd8 running TASK-260715-2rhbnh [analyst] orchestrator (codex)
RUN-260715-4ba468 completed TASK-260715-21fpvo [reviewer] reviewer (codex)
RUN-260715-546f09 completed TASK-260715-21fpvo [implementer] developer (codex)
RUN-260715-7d7b8b running TASK-260715-2uata8 [implementer] developer (codex)
--- board ---
summary:{"active":[{"id":"STORY-260715-2qjqfl","name":"command-line-interface","status":"development"},{"id":"TASK-260715-2uata8","name":"implement-wordstats-cli","status":"development"},{"id":"STORY-260715-34y1fs","name":"orchestration","status":"analysis"},{"id":"TASK-260715-2rhbnh","name":"orchestrate-wordstats-delivery","status":"analysis"}],"blocked":[{"blockedBy":["STORY-260715-2qjqfl"],"id":"STORY-260715-1lb262","name":"delivery-documentation-and-verification"},{"blockedBy":["TASK-260715-k0ivxq"],"id":"TASK-260715-a6fnue","name":"verify-wordstats-delivery"},{"blockedBy":["TASK-260715-2uata8"],"id":"TASK-260715-k0ivxq","name":"document-wordstats-usage-and-tools"}],"byType":{"bug":{"total":0,"todo":0,"active":0,"done":0,"closed":0,"blocked":0},"epic":{"total":1,"todo":1,"active":0,"done":0,"closed":0,"blocked":0},"story":{"total":4,"todo":1,"active":2,"done":1,"closed":0,"blocked":0},"task":{"total":5,"todo":2,"active":2,"done":1,"closed":0,"blocked":0}}}
===== SAMPLE 14:38:46 (elapsed 40s) =====
--- runs ---
RUN-260715-374bd8 running TASK-260715-2rhbnh [analyst] orchestrator (codex)
RUN-260715-4ba468 completed TASK-260715-21fpvo [reviewer] reviewer (codex)
RUN-260715-546f09 completed TASK-260715-21fpvo [implementer] developer (codex)
RUN-260715-7d7b8b running TASK-260715-2uata8 [implementer] developer (codex)
--- board ---
summary:{"active":[{"id":"STORY-260715-2qjqfl","name":"command-line-interface","status":"development"},{"id":"TASK-260715-2uata8","name":"implement-wordstats-cli","status":"development"},{"id":"STORY-260715-34y1fs","name":"orchestration","status":"analysis"},{"id":"TASK-260715-2rhbnh","name":"orchestrate-wordstats-delivery","status":"analysis"}],"blocked":[{"blockedBy":["STORY-260715-2qjqfl"],"id":"STORY-260715-1lb262","name":"delivery-documentation-and-verification"},{"blockedBy":["TASK-260715-k0ivxq"],"id":"TASK-260715-a6fnue","name":"verify-wordstats-delivery"},{"blockedBy":["TASK-260715-2uata8"],"id":"TASK-260715-k0ivxq","name":"document-wordstats-usage-and-tools"}],"byType":{"bug":{"total":0,"todo":0,"active":0,"done":0,"closed":0,"blocked":0},"epic":{"total":1,"todo":1,"active":0,"done":0,"closed":0,"blocked":0},"story":{"total":4,"todo":1,"active":2,"done":1,"closed":0,"blocked":0},"task":{"total":5,"todo":2,"active":2,"done":1,"closed":0,"blocked":0}}}
===== SAMPLE 14:39:07 (elapsed 61s) =====
--- runs ---
RUN-260715-374bd8 running TASK-260715-2rhbnh [analyst] orchestrator (codex)
RUN-260715-4ba468 completed TASK-260715-21fpvo [reviewer] reviewer (codex)
RUN-260715-546f09 completed TASK-260715-21fpvo [implementer] developer (codex)
RUN-260715-7d7b8b running TASK-260715-2uata8 [implementer] developer (codex)
--- board ---
summary:{"active":[{"id":"STORY-260715-2qjqfl","name":"command-line-interface","status":"development"},{"id":"TASK-260715-2uata8","name":"implement-wordstats-cli","status":"development"},{"id":"STORY-260715-34y1fs","name":"orchestration","status":"analysis"},{"id":"TASK-260715-2rhbnh","name":"orchestrate-wordstats-delivery","status":"analysis"}],"blocked":[{"blockedBy":["STORY-260715-2qjqfl"],"id":"STORY-260715-1lb262","name":"delivery-documentation-and-verification"},{"blockedBy":["TASK-260715-k0ivxq"],"id":"TASK-260715-a6fnue","name":"verify-wordstats-delivery"},{"blockedBy":["TASK-260715-2uata8"],"id":"TASK-260715-k0ivxq","name":"document-wordstats-usage-and-tools"}],"byType":{"bug":{"total":0,"todo":0,"active":0,"done":0,"closed":0,"blocked":0},"epic":{"total":1,"todo":1,"active":0,"done":0,"closed":0,"blocked":0},"story":{"total":4,"todo":1,"active":2,"done":1,"closed":0,"blocked":0},"task":{"total":5,"todo":2,"active":2,"done":1,"closed":0,"blocked":0}}}
===== SAMPLE 14:39:27 (elapsed 81s) =====
--- runs ---
RUN-260715-374bd8 running TASK-260715-2rhbnh [analyst] orchestrator (codex)
RUN-260715-4ba468 completed TASK-260715-21fpvo [reviewer] reviewer (codex)
RUN-260715-546f09 completed TASK-260715-21fpvo [implementer] developer (codex)
RUN-260715-7d7b8b running TASK-260715-2uata8 [implementer] developer (codex)
--- board ---
summary:{"active":[{"id":"STORY-260715-2qjqfl","name":"command-line-interface","status":"development"},{"id":"TASK-260715-2uata8","name":"implement-wordstats-cli","status":"development"},{"id":"STORY-260715-34y1fs","name":"orchestration","status":"analysis"},{"id":"TASK-260715-2rhbnh","name":"orchestrate-wordstats-delivery","status":"analysis"}],"blocked":[{"blockedBy":["STORY-260715-2qjqfl"],"id":"STORY-260715-1lb262","name":"delivery-documentation-and-verification"},{"blockedBy":["TASK-260715-k0ivxq"],"id":"TASK-260715-a6fnue","name":"verify-wordstats-delivery"},{"blockedBy":["TASK-260715-2uata8"],"id":"TASK-260715-k0ivxq","name":"document-wordstats-usage-and-tools"}],"byType":{"bug":{"total":0,"todo":0,"active":0,"done":0,"closed":0,"blocked":0},"epic":{"total":1,"todo":1,"active":0,"done":0,"closed":0,"blocked":0},"story":{"total":4,"todo":1,"active":2,"done":1,"closed":0,"blocked":0},"task":{"total":5,"todo":2,"active":2,"done":1,"closed":0,"blocked":0}}}
===== SAMPLE 14:39:47 (elapsed 101s) =====
--- runs ---
RUN-260715-374bd8 running TASK-260715-2rhbnh [analyst] orchestrator (codex)
RUN-260715-4ba468 completed TASK-260715-21fpvo [reviewer] reviewer (codex)
RUN-260715-546f09 completed TASK-260715-21fpvo [implementer] developer (codex)
RUN-260715-7d7b8b running TASK-260715-2uata8 [implementer] developer (codex)
--- board ---
summary:{"active":[{"id":"STORY-260715-2qjqfl","name":"command-line-interface","status":"development"},{"id":"TASK-260715-2uata8","name":"implement-wordstats-cli","status":"development"},{"id":"STORY-260715-34y1fs","name":"orchestration","status":"analysis"},{"id":"TASK-260715-2rhbnh","name":"orchestrate-wordstats-delivery","status":"analysis"}],"blocked":[{"blockedBy":["STORY-260715-2qjqfl"],"id":"STORY-260715-1lb262","name":"delivery-documentation-and-verification"},{"blockedBy":["TASK-260715-k0ivxq"],"id":"TASK-260715-a6fnue","name":"verify-wordstats-delivery"},{"blockedBy":["TASK-260715-2uata8"],"id":"TASK-260715-k0ivxq","name":"document-wordstats-usage-and-tools"}],"byType":{"bug":{"total":0,"todo":0,"active":0,"done":0,"closed":0,"blocked":0},"epic":{"total":1,"todo":1,"active":0,"done":0,"closed":0,"blocked":0},"story":{"total":4,"todo":1,"active":2,"done":1,"closed":0,"blocked":0},"task":{"total":5,"todo":2,"active":2,"done":1,"closed":0,"blocked":0}}}
===== SAMPLE 14:40:07 (elapsed 121s) =====
--- runs ---
RUN-260715-374bd8 running TASK-260715-2rhbnh [analyst] orchestrator (codex)
RUN-260715-4ba468 completed TASK-260715-21fpvo [reviewer] reviewer (codex)
RUN-260715-546f09 completed TASK-260715-21fpvo [implementer] developer (codex)
RUN-260715-7d7b8b running TASK-260715-2uata8 [implementer] developer (codex)
--- board ---
summary:{"active":[{"id":"STORY-260715-2qjqfl","name":"command-line-interface","status":"development"},{"id":"TASK-260715-2uata8","name":"implement-wordstats-cli","status":"development"},{"id":"STORY-260715-34y1fs","name":"orchestration","status":"analysis"},{"id":"TASK-260715-2rhbnh","name":"orchestrate-wordstats-delivery","status":"analysis"}],"blocked":[{"blockedBy":["STORY-260715-2qjqfl"],"id":"STORY-260715-1lb262","name":"delivery-documentation-and-verification"},{"blockedBy":["TASK-260715-k0ivxq"],"id":"TASK-260715-a6fnue","name":"verify-wordstats-delivery"},{"blockedBy":["TASK-260715-2uata8"],"id":"TASK-260715-k0ivxq","name":"document-wordstats-usage-and-tools"}],"byType":{"bug":{"total":0,"todo":0,"active":0,"done":0,"closed":0,"blocked":0},"epic":{"total":1,"todo":1,"active":0,"done":0,"closed":0,"blocked":0},"story":{"total":4,"todo":1,"active":2,"done":1,"closed":0,"blocked":0},"task":{"total":5,"todo":2,"active":2,"done":1,"closed":0,"blocked":0}}}
===== SAMPLE 14:40:28 (elapsed 142s) =====
--- runs ---
RUN-260715-374bd8 running TASK-260715-2rhbnh [analyst] orchestrator (codex)
RUN-260715-4ba468 completed TASK-260715-21fpvo [reviewer] reviewer (codex)
RUN-260715-546f09 completed TASK-260715-21fpvo [implementer] developer (codex)
RUN-260715-7d7b8b running TASK-260715-2uata8 [implementer] developer (codex)
--- board ---
summary:{"active":[{"id":"STORY-260715-2qjqfl","name":"command-line-interface","status":"development"},{"id":"TASK-260715-2uata8","name":"implement-wordstats-cli","status":"development"},{"id":"STORY-260715-34y1fs","name":"orchestration","status":"analysis"},{"id":"TASK-260715-2rhbnh","name":"orchestrate-wordstats-delivery","status":"analysis"}],"blocked":[{"blockedBy":["STORY-260715-2qjqfl"],"id":"STORY-260715-1lb262","name":"delivery-documentation-and-verification"},{"blockedBy":["TASK-260715-k0ivxq"],"id":"TASK-260715-a6fnue","name":"verify-wordstats-delivery"},{"blockedBy":["TASK-260715-2uata8"],"id":"TASK-260715-k0ivxq","name":"document-wordstats-usage-and-tools"}],"byType":{"bug":{"total":0,"todo":0,"active":0,"done":0,"closed":0,"blocked":0},"epic":{"total":1,"todo":1,"active":0,"done":0,"closed":0,"blocked":0},"story":{"total":4,"todo":1,"active":2,"done":1,"closed":0,"blocked":0},"task":{"total":5,"todo":2,"active":2,"done":1,"closed":0,"blocked":0}}}
===== SAMPLE 14:40:48 (elapsed 162s) =====
--- runs ---
RUN-260715-374bd8 running TASK-260715-2rhbnh [analyst] orchestrator (codex)
RUN-260715-4ba468 completed TASK-260715-21fpvo [reviewer] reviewer (codex)
RUN-260715-546f09 completed TASK-260715-21fpvo [implementer] developer (codex)
RUN-260715-7d7b8b running TASK-260715-2uata8 [implementer] developer (codex)
--- board ---
summary:{"active":[{"id":"STORY-260715-2qjqfl","name":"command-line-interface","status":"development"},{"id":"TASK-260715-2uata8","name":"implement-wordstats-cli","status":"development"},{"id":"STORY-260715-34y1fs","name":"orchestration","status":"analysis"},{"id":"TASK-260715-2rhbnh","name":"orchestrate-wordstats-delivery","status":"analysis"}],"blocked":[{"blockedBy":["STORY-260715-2qjqfl"],"id":"STORY-260715-1lb262","name":"delivery-documentation-and-verification"},{"blockedBy":["TASK-260715-k0ivxq"],"id":"TASK-260715-a6fnue","name":"verify-wordstats-delivery"},{"blockedBy":["TASK-260715-2uata8"],"id":"TASK-260715-k0ivxq","name":"document-wordstats-usage-and-tools"}],"byType":{"bug":{"total":0,"todo":0,"active":0,"done":0,"closed":0,"blocked":0},"epic":{"total":1,"todo":1,"active":0,"done":0,"closed":0,"blocked":0},"story":{"total":4,"todo":1,"active":2,"done":1,"closed":0,"blocked":0},"task":{"total":5,"todo":2,"active":2,"done":1,"closed":0,"blocked":0}}}
===== SAMPLE 14:41:08 (elapsed 182s) =====
--- runs ---
RUN-260715-374bd8 running TASK-260715-2rhbnh [analyst] orchestrator (codex)
RUN-260715-4ba468 completed TASK-260715-21fpvo [reviewer] reviewer (codex)
RUN-260715-546f09 completed TASK-260715-21fpvo [implementer] developer (codex)
RUN-260715-7d7b8b running TASK-260715-2uata8 [implementer] developer (codex)
--- board ---
summary:{"active":[{"id":"STORY-260715-2qjqfl","name":"command-line-interface","status":"development"},{"id":"TASK-260715-2uata8","name":"implement-wordstats-cli","status":"development"},{"id":"STORY-260715-34y1fs","name":"orchestration","status":"analysis"},{"id":"TASK-260715-2rhbnh","name":"orchestrate-wordstats-delivery","status":"analysis"}],"blocked":[{"blockedBy":["STORY-260715-2qjqfl"],"id":"STORY-260715-1lb262","name":"delivery-documentation-and-verification"},{"blockedBy":["TASK-260715-k0ivxq"],"id":"TASK-260715-a6fnue","name":"verify-wordstats-delivery"},{"blockedBy":["TASK-260715-2uata8"],"id":"TASK-260715-k0ivxq","name":"document-wordstats-usage-and-tools"}],"byType":{"bug":{"total":0,"todo":0,"active":0,"done":0,"closed":0,"blocked":0},"epic":{"total":1,"todo":1,"active":0,"done":0,"closed":0,"blocked":0},"story":{"total":4,"todo":1,"active":2,"done":1,"closed":0,"blocked":0},"task":{"total":5,"todo":2,"active":2,"done":1,"closed":0,"blocked":0}}}
===== SAMPLE 14:41:28 (elapsed 202s) =====
--- runs ---
RUN-260715-374bd8 running TASK-260715-2rhbnh [analyst] orchestrator (codex)
RUN-260715-4ba468 completed TASK-260715-21fpvo [reviewer] reviewer (codex)
RUN-260715-546f09 completed TASK-260715-21fpvo [implementer] developer (codex)
RUN-260715-7d7b8b running TASK-260715-2uata8 [implementer] developer (codex)
--- board ---
summary:{"active":[{"id":"STORY-260715-2qjqfl","name":"command-line-interface","status":"development"},{"id":"TASK-260715-2uata8","name":"implement-wordstats-cli","status":"development"},{"id":"STORY-260715-34y1fs","name":"orchestration","status":"analysis"},{"id":"TASK-260715-2rhbnh","name":"orchestrate-wordstats-delivery","status":"analysis"}],"blocked":[{"blockedBy":["STORY-260715-2qjqfl"],"id":"STORY-260715-1lb262","name":"delivery-documentation-and-verification"},{"blockedBy":["TASK-260715-k0ivxq"],"id":"TASK-260715-a6fnue","name":"verify-wordstats-delivery"},{"blockedBy":["TASK-260715-2uata8"],"id":"TASK-260715-k0ivxq","name":"document-wordstats-usage-and-tools"}],"byType":{"bug":{"total":0,"todo":0,"active":0,"done":0,"closed":0,"blocked":0},"epic":{"total":1,"todo":1,"active":0,"done":0,"closed":0,"blocked":0},"story":{"total":4,"todo":1,"active":2,"done":1,"closed":0,"blocked":0},"task":{"total":5,"todo":2,"active":2,"done":1,"closed":0,"blocked":0}}}
===== SAMPLE 14:41:49 (elapsed 223s) =====
--- runs ---
RUN-260715-374bd8 running TASK-260715-2rhbnh [analyst] orchestrator (codex)
RUN-260715-4ba468 completed TASK-260715-21fpvo [reviewer] reviewer (codex)
RUN-260715-546f09 completed TASK-260715-21fpvo [implementer] developer (codex)
RUN-260715-7d7b8b running TASK-260715-2uata8 [implementer] developer (codex)
--- board ---
summary:{"active":[{"id":"STORY-260715-2qjqfl","name":"command-line-interface","status":"development"},{"id":"TASK-260715-2uata8","name":"implement-wordstats-cli","status":"development"},{"id":"STORY-260715-34y1fs","name":"orchestration","status":"analysis"},{"id":"TASK-260715-2rhbnh","name":"orchestrate-wordstats-delivery","status":"analysis"}],"blocked":[{"blockedBy":["STORY-260715-2qjqfl"],"id":"STORY-260715-1lb262","name":"delivery-documentation-and-verification"},{"blockedBy":["TASK-260715-k0ivxq"],"id":"TASK-260715-a6fnue","name":"verify-wordstats-delivery"},{"blockedBy":["TASK-260715-2uata8"],"id":"TASK-260715-k0ivxq","name":"document-wordstats-usage-and-tools"}],"byType":{"bug":{"total":0,"todo":0,"active":0,"done":0,"closed":0,"blocked":0},"epic":{"total":1,"todo":1,"active":0,"done":0,"closed":0,"blocked":0},"story":{"total":4,"todo":1,"active":2,"done":1,"closed":0,"blocked":0},"task":{"total":5,"todo":2,"active":2,"done":1,"closed":0,"blocked":0}}}
===== SAMPLE 14:42:09 (elapsed 243s) =====
--- runs ---
RUN-260715-374bd8 running TASK-260715-2rhbnh [analyst] orchestrator (codex)
RUN-260715-4ba468 completed TASK-260715-21fpvo [reviewer] reviewer (codex)
RUN-260715-546f09 completed TASK-260715-21fpvo [implementer] developer (codex)
RUN-260715-7d7b8b running TASK-260715-2uata8 [implementer] developer (codex)
--- board ---
summary:{"active":[{"id":"STORY-260715-2qjqfl","name":"command-line-interface","status":"development"},{"id":"TASK-260715-2uata8","name":"implement-wordstats-cli","status":"development"},{"id":"STORY-260715-34y1fs","name":"orchestration","status":"analysis"},{"id":"TASK-260715-2rhbnh","name":"orchestrate-wordstats-delivery","status":"analysis"}],"blocked":[{"blockedBy":["STORY-260715-2qjqfl"],"id":"STORY-260715-1lb262","name":"delivery-documentation-and-verification"},{"blockedBy":["TASK-260715-k0ivxq"],"id":"TASK-260715-a6fnue","name":"verify-wordstats-delivery"},{"blockedBy":["TASK-260715-2uata8"],"id":"TASK-260715-k0ivxq","name":"document-wordstats-usage-and-tools"}],"byType":{"bug":{"total":0,"todo":0,"active":0,"done":0,"closed":0,"blocked":0},"epic":{"total":1,"todo":1,"active":0,"done":0,"closed":0,"blocked":0},"story":{"total":4,"todo":1,"active":2,"done":1,"closed":0,"blocked":0},"task":{"total":5,"todo":2,"active":2,"done":1,"closed":0,"blocked":0}}}
===== SAMPLE 14:42:29 (elapsed 263s) =====
--- runs ---
RUN-260715-374bd8 running TASK-260715-2rhbnh [analyst] orchestrator (codex)
RUN-260715-4ba468 completed TASK-260715-21fpvo [reviewer] reviewer (codex)
RUN-260715-546f09 completed TASK-260715-21fpvo [implementer] developer (codex)
RUN-260715-7d7b8b running TASK-260715-2uata8 [implementer] developer (codex)
--- board ---
summary:{"active":[{"id":"STORY-260715-2qjqfl","name":"command-line-interface","status":"development"},{"id":"TASK-260715-2uata8","name":"implement-wordstats-cli","status":"development"},{"id":"STORY-260715-34y1fs","name":"orchestration","status":"analysis"},{"id":"TASK-260715-2rhbnh","name":"orchestrate-wordstats-delivery","status":"analysis"}],"blocked":[{"blockedBy":["STORY-260715-2qjqfl"],"id":"STORY-260715-1lb262","name":"delivery-documentation-and-verification"},{"blockedBy":["TASK-260715-k0ivxq"],"id":"TASK-260715-a6fnue","name":"verify-wordstats-delivery"},{"blockedBy":["TASK-260715-2uata8"],"id":"TASK-260715-k0ivxq","name":"document-wordstats-usage-and-tools"}],"byType":{"bug":{"total":0,"todo":0,"active":0,"done":0,"closed":0,"blocked":0},"epic":{"total":1,"todo":1,"active":0,"done":0,"closed":0,"blocked":0},"story":{"total":4,"todo":1,"active":2,"done":1,"closed":0,"blocked":0},"task":{"total":5,"todo":2,"active":2,"done":1,"closed":0,"blocked":0}}}
===== SAMPLE 14:42:49 (elapsed 283s) =====
--- runs ---
RUN-260715-374bd8 running TASK-260715-2rhbnh [analyst] orchestrator (codex)
RUN-260715-4ba468 completed TASK-260715-21fpvo [reviewer] reviewer (codex)
RUN-260715-546f09 completed TASK-260715-21fpvo [implementer] developer (codex)
RUN-260715-7d7b8b running TASK-260715-2uata8 [implementer] developer (codex)
--- board ---
summary:{"active":[{"id":"STORY-260715-2qjqfl","name":"command-line-interface","status":"development"},{"id":"TASK-260715-2uata8","name":"implement-wordstats-cli","status":"development"},{"id":"STORY-260715-34y1fs","name":"orchestration","status":"analysis"},{"id":"TASK-260715-2rhbnh","name":"orchestrate-wordstats-delivery","status":"analysis"}],"blocked":[{"blockedBy":["STORY-260715-2qjqfl"],"id":"STORY-260715-1lb262","name":"delivery-documentation-and-verification"},{"blockedBy":["TASK-260715-k0ivxq"],"id":"TASK-260715-a6fnue","name":"verify-wordstats-delivery"},{"blockedBy":["TASK-260715-2uata8"],"id":"TASK-260715-k0ivxq","name":"document-wordstats-usage-and-tools"}],"byType":{"bug":{"total":0,"todo":0,"active":0,"done":0,"closed":0,"blocked":0},"epic":{"total":1,"todo":1,"active":0,"done":0,"closed":0,"blocked":0},"story":{"total":4,"todo":1,"active":2,"done":1,"closed":0,"blocked":0},"task":{"total":5,"todo":2,"active":2,"done":1,"closed":0,"blocked":0}}}
===== SAMPLE 14:43:10 (elapsed 304s) =====
--- runs ---
RUN-260715-374bd8 running TASK-260715-2rhbnh [analyst] orchestrator (codex)
RUN-260715-4ba468 completed TASK-260715-21fpvo [reviewer] reviewer (codex)
RUN-260715-546f09 completed TASK-260715-21fpvo [implementer] developer (codex)
RUN-260715-7d7b8b running TASK-260715-2uata8 [implementer] developer (codex)
--- board ---
summary:{"active":[{"id":"STORY-260715-2qjqfl","name":"command-line-interface","status":"development"},{"id":"TASK-260715-2uata8","name":"implement-wordstats-cli","status":"development"},{"id":"STORY-260715-34y1fs","name":"orchestration","status":"analysis"},{"id":"TASK-260715-2rhbnh","name":"orchestrate-wordstats-delivery","status":"analysis"}],"blocked":[{"blockedBy":["STORY-260715-2qjqfl"],"id":"STORY-260715-1lb262","name":"delivery-documentation-and-verification"},{"blockedBy":["TASK-260715-k0ivxq"],"id":"TASK-260715-a6fnue","name":"verify-wordstats-delivery"},{"blockedBy":["TASK-260715-2uata8"],"id":"TASK-260715-k0ivxq","name":"document-wordstats-usage-and-tools"}],"byType":{"bug":{"total":0,"todo":0,"active":0,"done":0,"closed":0,"blocked":0},"epic":{"total":1,"todo":1,"active":0,"done":0,"closed":0,"blocked":0},"story":{"total":4,"todo":1,"active":2,"done":1,"closed":0,"blocked":0},"task":{"total":5,"todo":2,"active":2,"done":1,"closed":0,"blocked":0}}}
===== SAMPLE 14:43:30 (elapsed 324s) =====
--- runs ---
RUN-260715-374bd8 running TASK-260715-2rhbnh [analyst] orchestrator (codex)
RUN-260715-4ba468 completed TASK-260715-21fpvo [reviewer] reviewer (codex)
RUN-260715-546f09 completed TASK-260715-21fpvo [implementer] developer (codex)
RUN-260715-7d7b8b running TASK-260715-2uata8 [implementer] developer (codex)
--- board ---
summary:{"active":[{"id":"STORY-260715-2qjqfl","name":"command-line-interface","status":"development"},{"id":"TASK-260715-2uata8","name":"implement-wordstats-cli","status":"development"},{"id":"STORY-260715-34y1fs","name":"orchestration","status":"analysis"},{"id":"TASK-260715-2rhbnh","name":"orchestrate-wordstats-delivery","status":"analysis"}],"blocked":[{"blockedBy":["STORY-260715-2qjqfl"],"id":"STORY-260715-1lb262","name":"delivery-documentation-and-verification"},{"blockedBy":["TASK-260715-k0ivxq"],"id":"TASK-260715-a6fnue","name":"verify-wordstats-delivery"},{"blockedBy":["TASK-260715-2uata8"],"id":"TASK-260715-k0ivxq","name":"document-wordstats-usage-and-tools"}],"byType":{"bug":{"total":0,"todo":0,"active":0,"done":0,"closed":0,"blocked":0},"epic":{"total":1,"todo":1,"active":0,"done":0,"closed":0,"blocked":0},"story":{"total":4,"todo":1,"active":2,"done":1,"closed":0,"blocked":0},"task":{"total":5,"todo":2,"active":2,"done":1,"closed":0,"blocked":0}}}
===== SAMPLE 14:43:50 (elapsed 344s) =====
--- runs ---
RUN-260715-374bd8 running TASK-260715-2rhbnh [analyst] orchestrator (codex)
RUN-260715-4ba468 completed TASK-260715-21fpvo [reviewer] reviewer (codex)
RUN-260715-546f09 completed TASK-260715-21fpvo [implementer] developer (codex)
RUN-260715-7d7b8b running TASK-260715-2uata8 [implementer] developer (codex)
--- board ---
summary:{"active":[{"id":"STORY-260715-2qjqfl","name":"command-line-interface","status":"development"},{"id":"TASK-260715-2uata8","name":"implement-wordstats-cli","status":"development"},{"id":"STORY-260715-34y1fs","name":"orchestration","status":"analysis"},{"id":"TASK-260715-2rhbnh","name":"orchestrate-wordstats-delivery","status":"analysis"}],"blocked":[{"blockedBy":["STORY-260715-2qjqfl"],"id":"STORY-260715-1lb262","name":"delivery-documentation-and-verification"},{"blockedBy":["TASK-260715-k0ivxq"],"id":"TASK-260715-a6fnue","name":"verify-wordstats-delivery"},{"blockedBy":["TASK-260715-2uata8"],"id":"TASK-260715-k0ivxq","name":"document-wordstats-usage-and-tools"}],"byType":{"bug":{"total":0,"todo":0,"active":0,"done":0,"closed":0,"blocked":0},"epic":{"total":1,"todo":1,"active":0,"done":0,"closed":0,"blocked":0},"story":{"total":4,"todo":1,"active":2,"done":1,"closed":0,"blocked":0},"task":{"total":5,"todo":2,"active":2,"done":1,"closed":0,"blocked":0}}}
===== SAMPLE 14:44:10 (elapsed 364s) =====
--- runs ---
RUN-260715-374bd8 running TASK-260715-2rhbnh [analyst] orchestrator (codex)
RUN-260715-4ba468 completed TASK-260715-21fpvo [reviewer] reviewer (codex)
RUN-260715-546f09 completed TASK-260715-21fpvo [implementer] developer (codex)
RUN-260715-7d7b8b running TASK-260715-2uata8 [implementer] developer (codex)
--- board ---
summary:{"active":[{"id":"STORY-260715-2qjqfl","name":"command-line-interface","status":"development"},{"id":"TASK-260715-2uata8","name":"implement-wordstats-cli","status":"development"},{"id":"STORY-260715-34y1fs","name":"orchestration","status":"analysis"},{"id":"TASK-260715-2rhbnh","name":"orchestrate-wordstats-delivery","status":"analysis"}],"blocked":[{"blockedBy":["STORY-260715-2qjqfl"],"id":"STORY-260715-1lb262","name":"delivery-documentation-and-verification"},{"blockedBy":["TASK-260715-k0ivxq"],"id":"TASK-260715-a6fnue","name":"verify-wordstats-delivery"},{"blockedBy":["TASK-260715-2uata8"],"id":"TASK-260715-k0ivxq","name":"document-wordstats-usage-and-tools"}],"byType":{"bug":{"total":0,"todo":0,"active":0,"done":0,"closed":0,"blocked":0},"epic":{"total":1,"todo":1,"active":0,"done":0,"closed":0,"blocked":0},"story":{"total":4,"todo":1,"active":2,"done":1,"closed":0,"blocked":0},"task":{"total":5,"todo":2,"active":2,"done":1,"closed":0,"blocked":0}}}
WAKE (interval elapsed, root=running)
===== SAMPLE 14:44:31 (elapsed 0s) =====
--- runs ---
RUN-260715-374bd8 running TASK-260715-2rhbnh [analyst] orchestrator (codex)
RUN-260715-4ba468 completed TASK-260715-21fpvo [reviewer] reviewer (codex)
RUN-260715-546f09 completed TASK-260715-21fpvo [implementer] developer (codex)
RUN-260715-7d7b8b running TASK-260715-2uata8 [implementer] developer (codex)
--- board ---
summary:{"active":[{"id":"STORY-260715-2qjqfl","name":"command-line-interface","status":"development"},{"id":"TASK-260715-2uata8","name":"implement-wordstats-cli","status":"development"},{"id":"STORY-260715-34y1fs","name":"orchestration","status":"analysis"},{"id":"TASK-260715-2rhbnh","name":"orchestrate-wordstats-delivery","status":"analysis"}],"blocked":[{"blockedBy":["STORY-260715-2qjqfl"],"id":"STORY-260715-1lb262","name":"delivery-documentation-and-verification"},{"blockedBy":["TASK-260715-k0ivxq"],"id":"TASK-260715-a6fnue","name":"verify-wordstats-delivery"},{"blockedBy":["TASK-260715-2uata8"],"id":"TASK-260715-k0ivxq","name":"document-wordstats-usage-and-tools"}],"byType":{"bug":{"total":0,"todo":0,"active":0,"done":0,"closed":0,"blocked":0},"epic":{"total":1,"todo":1,"active":0,"done":0,"closed":0,"blocked":0},"story":{"total":4,"todo":1,"active":2,"done":1,"closed":0,"blocked":0},"task":{"total":5,"todo":2,"active":2,"done":1,"closed":0,"blocked":0}}}
===== SAMPLE 14:44:51 (elapsed 20s) =====
--- runs ---
RUN-260715-374bd8 running TASK-260715-2rhbnh [analyst] orchestrator (codex)
RUN-260715-4ba468 completed TASK-260715-21fpvo [reviewer] reviewer (codex)
RUN-260715-546f09 completed TASK-260715-21fpvo [implementer] developer (codex)
RUN-260715-7d7b8b running TASK-260715-2uata8 [implementer] developer (codex)
--- board ---
summary:{"active":[{"id":"STORY-260715-2qjqfl","name":"command-line-interface","status":"development"},{"id":"TASK-260715-2uata8","name":"implement-wordstats-cli","status":"development"},{"id":"STORY-260715-34y1fs","name":"orchestration","status":"analysis"},{"id":"TASK-260715-2rhbnh","name":"orchestrate-wordstats-delivery","status":"analysis"}],"blocked":[{"blockedBy":["STORY-260715-2qjqfl"],"id":"STORY-260715-1lb262","name":"delivery-documentation-and-verification"},{"blockedBy":["TASK-260715-k0ivxq"],"id":"TASK-260715-a6fnue","name":"verify-wordstats-delivery"},{"blockedBy":["TASK-260715-2uata8"],"id":"TASK-260715-k0ivxq","name":"document-wordstats-usage-and-tools"}],"byType":{"bug":{"total":0,"todo":0,"active":0,"done":0,"closed":0,"blocked":0},"epic":{"total":1,"todo":1,"active":0,"done":0,"closed":0,"blocked":0},"story":{"total":4,"todo":1,"active":2,"done":1,"closed":0,"blocked":0},"task":{"total":5,"todo":2,"active":2,"done":1,"closed":0,"blocked":0}}}
===== SAMPLE 14:45:11 (elapsed 40s) =====
--- runs ---
RUN-260715-374bd8 running TASK-260715-2rhbnh [analyst] orchestrator (codex)
RUN-260715-4ba468 completed TASK-260715-21fpvo [reviewer] reviewer (codex)
RUN-260715-546f09 completed TASK-260715-21fpvo [implementer] developer (codex)
RUN-260715-7d7b8b running TASK-260715-2uata8 [implementer] developer (codex)
--- board ---
summary:{"active":[{"id":"STORY-260715-2qjqfl","name":"command-line-interface","status":"development"},{"id":"TASK-260715-2uata8","name":"implement-wordstats-cli","status":"development"},{"id":"STORY-260715-34y1fs","name":"orchestration","status":"analysis"},{"id":"TASK-260715-2rhbnh","name":"orchestrate-wordstats-delivery","status":"analysis"}],"blocked":[{"blockedBy":["STORY-260715-2qjqfl"],"id":"STORY-260715-1lb262","name":"delivery-documentation-and-verification"},{"blockedBy":["TASK-260715-k0ivxq"],"id":"TASK-260715-a6fnue","name":"verify-wordstats-delivery"},{"blockedBy":["TASK-260715-2uata8"],"id":"TASK-260715-k0ivxq","name":"document-wordstats-usage-and-tools"}],"byType":{"bug":{"total":0,"todo":0,"active":0,"done":0,"closed":0,"blocked":0},"epic":{"total":1,"todo":1,"active":0,"done":0,"closed":0,"blocked":0},"story":{"total":4,"todo":1,"active":2,"done":1,"closed":0,"blocked":0},"task":{"total":5,"todo":2,"active":2,"done":1,"closed":0,"blocked":0}}}
===== SAMPLE 14:45:32 (elapsed 61s) =====
--- runs ---
RUN-260715-374bd8 running TASK-260715-2rhbnh [analyst] orchestrator (codex)
RUN-260715-4ba468 completed TASK-260715-21fpvo [reviewer] reviewer (codex)
RUN-260715-546f09 completed TASK-260715-21fpvo [implementer] developer (codex)
RUN-260715-7d7b8b running TASK-260715-2uata8 [implementer] developer (codex)
--- board ---
summary:{"active":[{"id":"STORY-260715-2qjqfl","name":"command-line-interface","status":"development"},{"id":"TASK-260715-2uata8","name":"implement-wordstats-cli","status":"development"},{"id":"STORY-260715-34y1fs","name":"orchestration","status":"analysis"},{"id":"TASK-260715-2rhbnh","name":"orchestrate-wordstats-delivery","status":"analysis"}],"blocked":[{"blockedBy":["STORY-260715-2qjqfl"],"id":"STORY-260715-1lb262","name":"delivery-documentation-and-verification"},{"blockedBy":["TASK-260715-k0ivxq"],"id":"TASK-260715-a6fnue","name":"verify-wordstats-delivery"},{"blockedBy":["TASK-260715-2uata8"],"id":"TASK-260715-k0ivxq","name":"document-wordstats-usage-and-tools"}],"byType":{"bug":{"total":0,"todo":0,"active":0,"done":0,"closed":0,"blocked":0},"epic":{"total":1,"todo":1,"active":0,"done":0,"closed":0,"blocked":0},"story":{"total":4,"todo":1,"active":2,"done":1,"closed":0,"blocked":0},"task":{"total":5,"todo":2,"active":2,"done":1,"closed":0,"blocked":0}}}
===== SAMPLE 14:45:52 (elapsed 81s) =====
--- runs ---
RUN-260715-374bd8 running TASK-260715-2rhbnh [analyst] orchestrator (codex)
RUN-260715-4ba468 completed TASK-260715-21fpvo [reviewer] reviewer (codex)
RUN-260715-546f09 completed TASK-260715-21fpvo [implementer] developer (codex)
RUN-260715-7d7b8b running TASK-260715-2uata8 [implementer] developer (codex)
--- board ---
summary:{"active":[{"id":"STORY-260715-2qjqfl","name":"command-line-interface","status":"development"},{"id":"TASK-260715-2uata8","name":"implement-wordstats-cli","status":"development"},{"id":"STORY-260715-34y1fs","name":"orchestration","status":"analysis"},{"id":"TASK-260715-2rhbnh","name":"orchestrate-wordstats-delivery","status":"analysis"}],"blocked":[{"blockedBy":["STORY-260715-2qjqfl"],"id":"STORY-260715-1lb262","name":"delivery-documentation-and-verification"},{"blockedBy":["TASK-260715-k0ivxq"],"id":"TASK-260715-a6fnue","name":"verify-wordstats-delivery"},{"blockedBy":["TASK-260715-2uata8"],"id":"TASK-260715-k0ivxq","name":"document-wordstats-usage-and-tools"}],"byType":{"bug":{"total":0,"todo":0,"active":0,"done":0,"closed":0,"blocked":0},"epic":{"total":1,"todo":1,"active":0,"done":0,"closed":0,"blocked":0},"story":{"total":4,"todo":1,"active":2,"done":1,"closed":0,"blocked":0},"task":{"total":5,"todo":2,"active":2,"done":1,"closed":0,"blocked":0}}}
===== SAMPLE 14:46:12 (elapsed 101s) =====
--- runs ---
RUN-260715-374bd8 running TASK-260715-2rhbnh [analyst] orchestrator (codex)
RUN-260715-4ba468 completed TASK-260715-21fpvo [reviewer] reviewer (codex)
RUN-260715-546f09 completed TASK-260715-21fpvo [implementer] developer (codex)
RUN-260715-7d7b8b running TASK-260715-2uata8 [implementer] developer (codex)
--- board ---
summary:{"active":[{"id":"STORY-260715-2qjqfl","name":"command-line-interface","status":"development"},{"id":"TASK-260715-2uata8","name":"implement-wordstats-cli","status":"development"},{"id":"STORY-260715-34y1fs","name":"orchestration","status":"analysis"},{"id":"TASK-260715-2rhbnh","name":"orchestrate-wordstats-delivery","status":"analysis"}],"blocked":[{"blockedBy":["STORY-260715-2qjqfl"],"id":"STORY-260715-1lb262","name":"delivery-documentation-and-verification"},{"blockedBy":["TASK-260715-k0ivxq"],"id":"TASK-260715-a6fnue","name":"verify-wordstats-delivery"},{"blockedBy":["TASK-260715-2uata8"],"id":"TASK-260715-k0ivxq","name":"document-wordstats-usage-and-tools"}],"byType":{"bug":{"total":0,"todo":0,"active":0,"done":0,"closed":0,"blocked":0},"epic":{"total":1,"todo":1,"active":0,"done":0,"closed":0,"blocked":0},"story":{"total":4,"todo":1,"active":2,"done":1,"closed":0,"blocked":0},"task":{"total":5,"todo":2,"active":2,"done":1,"closed":0,"blocked":0}}}
===== SAMPLE 14:46:32 (elapsed 121s) =====
--- runs ---
RUN-260715-374bd8 running TASK-260715-2rhbnh [analyst] orchestrator (codex)
RUN-260715-4ba468 completed TASK-260715-21fpvo [reviewer] reviewer (codex)
RUN-260715-546f09 completed TASK-260715-21fpvo [implementer] developer (codex)
RUN-260715-7d7b8b running TASK-260715-2uata8 [implementer] developer (codex)
--- board ---
summary:{"active":[{"id":"STORY-260715-2qjqfl","name":"command-line-interface","status":"development"},{"id":"TASK-260715-2uata8","name":"implement-wordstats-cli","status":"development"},{"id":"STORY-260715-34y1fs","name":"orchestration","status":"analysis"},{"id":"TASK-260715-2rhbnh","name":"orchestrate-wordstats-delivery","status":"analysis"}],"blocked":[{"blockedBy":["STORY-260715-2qjqfl"],"id":"STORY-260715-1lb262","name":"delivery-documentation-and-verification"},{"blockedBy":["TASK-260715-k0ivxq"],"id":"TASK-260715-a6fnue","name":"verify-wordstats-delivery"},{"blockedBy":["TASK-260715-2uata8"],"id":"TASK-260715-k0ivxq","name":"document-wordstats-usage-and-tools"}],"byType":{"bug":{"total":0,"todo":0,"active":0,"done":0,"closed":0,"blocked":0},"epic":{"total":1,"todo":1,"active":0,"done":0,"closed":0,"blocked":0},"story":{"total":4,"todo":1,"active":2,"done":1,"closed":0,"blocked":0},"task":{"total":5,"todo":2,"active":2,"done":1,"closed":0,"blocked":0}}}
===== SAMPLE 14:46:53 (elapsed 142s) =====
--- runs ---
RUN-260715-374bd8 running TASK-260715-2rhbnh [analyst] orchestrator (codex)
RUN-260715-4ba468 completed TASK-260715-21fpvo [reviewer] reviewer (codex)
RUN-260715-546f09 completed TASK-260715-21fpvo [implementer] developer (codex)
RUN-260715-7d7b8b running TASK-260715-2uata8 [implementer] developer (codex)
--- board ---
summary:{"active":[{"id":"STORY-260715-2qjqfl","name":"command-line-interface","status":"development"},{"id":"TASK-260715-2uata8","name":"implement-wordstats-cli","status":"development"},{"id":"STORY-260715-34y1fs","name":"orchestration","status":"analysis"},{"id":"TASK-260715-2rhbnh","name":"orchestrate-wordstats-delivery","status":"analysis"}],"blocked":[{"blockedBy":["STORY-260715-2qjqfl"],"id":"STORY-260715-1lb262","name":"delivery-documentation-and-verification"},{"blockedBy":["TASK-260715-k0ivxq"],"id":"TASK-260715-a6fnue","name":"verify-wordstats-delivery"},{"blockedBy":["TASK-260715-2uata8"],"id":"TASK-260715-k0ivxq","name":"document-wordstats-usage-and-tools"}],"byType":{"bug":{"total":0,"todo":0,"active":0,"done":0,"closed":0,"blocked":0},"epic":{"total":1,"todo":1,"active":0,"done":0,"closed":0,"blocked":0},"story":{"total":4,"todo":1,"active":2,"done":1,"closed":0,"blocked":0},"task":{"total":5,"todo":2,"active":2,"done":1,"closed":0,"blocked":0}}}
===== SAMPLE 14:47:13 (elapsed 162s) =====
--- runs ---
RUN-260715-374bd8 running TASK-260715-2rhbnh [analyst] orchestrator (codex)
RUN-260715-4ba468 completed TASK-260715-21fpvo [reviewer] reviewer (codex)
RUN-260715-546f09 completed TASK-260715-21fpvo [implementer] developer (codex)
RUN-260715-7d7b8b running TASK-260715-2uata8 [implementer] developer (codex)
--- board ---
summary:{"active":[{"id":"STORY-260715-2qjqfl","name":"command-line-interface","status":"development"},{"id":"TASK-260715-2uata8","name":"implement-wordstats-cli","status":"development"},{"id":"STORY-260715-34y1fs","name":"orchestration","status":"analysis"},{"id":"TASK-260715-2rhbnh","name":"orchestrate-wordstats-delivery","status":"analysis"}],"blocked":[{"blockedBy":["STORY-260715-2qjqfl"],"id":"STORY-260715-1lb262","name":"delivery-documentation-and-verification"},{"blockedBy":["TASK-260715-k0ivxq"],"id":"TASK-260715-a6fnue","name":"verify-wordstats-delivery"},{"blockedBy":["TASK-260715-2uata8"],"id":"TASK-260715-k0ivxq","name":"document-wordstats-usage-and-tools"}],"byType":{"bug":{"total":0,"todo":0,"active":0,"done":0,"closed":0,"blocked":0},"epic":{"total":1,"todo":1,"active":0,"done":0,"closed":0,"blocked":0},"story":{"total":4,"todo":1,"active":2,"done":1,"closed":0,"blocked":0},"task":{"total":5,"todo":2,"active":2,"done":1,"closed":0,"blocked":0}}}
===== SAMPLE 14:47:33 (elapsed 182s) =====
--- runs ---
RUN-260715-374bd8 running TASK-260715-2rhbnh [analyst] orchestrator (codex)
RUN-260715-4ba468 completed TASK-260715-21fpvo [reviewer] reviewer (codex)
RUN-260715-546f09 completed TASK-260715-21fpvo [implementer] developer (codex)
RUN-260715-7d7b8b running TASK-260715-2uata8 [implementer] developer (codex)
--- board ---
summary:{"active":[{"id":"STORY-260715-2qjqfl","name":"command-line-interface","status":"development"},{"id":"TASK-260715-2uata8","name":"implement-wordstats-cli","status":"development"},{"id":"STORY-260715-34y1fs","name":"orchestration","status":"analysis"},{"id":"TASK-260715-2rhbnh","name":"orchestrate-wordstats-delivery","status":"analysis"}],"blocked":[{"blockedBy":["STORY-260715-2qjqfl"],"id":"STORY-260715-1lb262","name":"delivery-documentation-and-verification"},{"blockedBy":["TASK-260715-k0ivxq"],"id":"TASK-260715-a6fnue","name":"verify-wordstats-delivery"},{"blockedBy":["TASK-260715-2uata8"],"id":"TASK-260715-k0ivxq","name":"document-wordstats-usage-and-tools"}],"byType":{"bug":{"total":0,"todo":0,"active":0,"done":0,"closed":0,"blocked":0},"epic":{"total":1,"todo":1,"active":0,"done":0,"closed":0,"blocked":0},"story":{"total":4,"todo":1,"active":2,"done":1,"closed":0,"blocked":0},"task":{"total":5,"todo":2,"active":2,"done":1,"closed":0,"blocked":0}}}
===== SAMPLE 14:47:53 (elapsed 202s) =====
--- runs ---
RUN-260715-374bd8 running TASK-260715-2rhbnh [analyst] orchestrator (codex)
RUN-260715-4ba468 completed TASK-260715-21fpvo [reviewer] reviewer (codex)
RUN-260715-546f09 completed TASK-260715-21fpvo [implementer] developer (codex)
RUN-260715-7d7b8b running TASK-260715-2uata8 [implementer] developer (codex)
--- board ---
summary:{"active":[{"id":"STORY-260715-2qjqfl","name":"command-line-interface","status":"development"},{"id":"TASK-260715-2uata8","name":"implement-wordstats-cli","status":"development"},{"id":"STORY-260715-34y1fs","name":"orchestration","status":"analysis"},{"id":"TASK-260715-2rhbnh","name":"orchestrate-wordstats-delivery","status":"analysis"}],"blocked":[{"blockedBy":["STORY-260715-2qjqfl"],"id":"STORY-260715-1lb262","name":"delivery-documentation-and-verification"},{"blockedBy":["TASK-260715-k0ivxq"],"id":"TASK-260715-a6fnue","name":"verify-wordstats-delivery"},{"blockedBy":["TASK-260715-2uata8"],"id":"TASK-260715-k0ivxq","name":"document-wordstats-usage-and-tools"}],"byType":{"bug":{"total":0,"todo":0,"active":0,"done":0,"closed":0,"blocked":0},"epic":{"total":1,"todo":1,"active":0,"done":0,"closed":0,"blocked":0},"story":{"total":4,"todo":1,"active":2,"done":1,"closed":0,"blocked":0},"task":{"total":5,"todo":2,"active":2,"done":1,"closed":0,"blocked":0}}}
===== SAMPLE 14:48:14 (elapsed 223s) =====
--- runs ---
RUN-260715-374bd8 running TASK-260715-2rhbnh [analyst] orchestrator (codex)
RUN-260715-4ba468 completed TASK-260715-21fpvo [reviewer] reviewer (codex)
RUN-260715-546f09 completed TASK-260715-21fpvo [implementer] developer (codex)
RUN-260715-7d7b8b running TASK-260715-2uata8 [implementer] developer (codex)
--- board ---
summary:{"active":[{"id":"STORY-260715-2qjqfl","name":"command-line-interface","status":"development"},{"id":"TASK-260715-2uata8","name":"implement-wordstats-cli","status":"development"},{"id":"STORY-260715-34y1fs","name":"orchestration","status":"analysis"},{"id":"TASK-260715-2rhbnh","name":"orchestrate-wordstats-delivery","status":"analysis"}],"blocked":[{"blockedBy":["STORY-260715-2qjqfl"],"id":"STORY-260715-1lb262","name":"delivery-documentation-and-verification"},{"blockedBy":["TASK-260715-k0ivxq"],"id":"TASK-260715-a6fnue","name":"verify-wordstats-delivery"},{"blockedBy":["TASK-260715-2uata8"],"id":"TASK-260715-k0ivxq","name":"document-wordstats-usage-and-tools"}],"byType":{"bug":{"total":0,"todo":0,"active":0,"done":0,"closed":0,"blocked":0},"epic":{"total":1,"todo":1,"active":0,"done":0,"closed":0,"blocked":0},"story":{"total":4,"todo":1,"active":2,"done":1,"closed":0,"blocked":0},"task":{"total":5,"todo":2,"active":2,"done":1,"closed":0,"blocked":0}}}
===== SAMPLE 14:48:34 (elapsed 243s) =====
--- runs ---
RUN-260715-374bd8 running TASK-260715-2rhbnh [analyst] orchestrator (codex)
RUN-260715-4ba468 completed TASK-260715-21fpvo [reviewer] reviewer (codex)
RUN-260715-546f09 completed TASK-260715-21fpvo [implementer] developer (codex)
RUN-260715-7d7b8b running TASK-260715-2uata8 [implementer] developer (codex)
--- board ---
summary:{"active":[{"id":"STORY-260715-2qjqfl","name":"command-line-interface","status":"development"},{"id":"TASK-260715-2uata8","name":"implement-wordstats-cli","status":"development"},{"id":"STORY-260715-34y1fs","name":"orchestration","status":"analysis"},{"id":"TASK-260715-2rhbnh","name":"orchestrate-wordstats-delivery","status":"analysis"}],"blocked":[{"blockedBy":["STORY-260715-2qjqfl"],"id":"STORY-260715-1lb262","name":"delivery-documentation-and-verification"},{"blockedBy":["TASK-260715-k0ivxq"],"id":"TASK-260715-a6fnue","name":"verify-wordstats-delivery"},{"blockedBy":["TASK-260715-2uata8"],"id":"TASK-260715-k0ivxq","name":"document-wordstats-usage-and-tools"}],"byType":{"bug":{"total":0,"todo":0,"active":0,"done":0,"closed":0,"blocked":0},"epic":{"total":1,"todo":1,"active":0,"done":0,"closed":0,"blocked":0},"story":{"total":4,"todo":1,"active":2,"done":1,"closed":0,"blocked":0},"task":{"total":5,"todo":2,"active":2,"done":1,"closed":0,"blocked":0}}}
===== SAMPLE 14:48:54 (elapsed 263s) =====
--- runs ---
RUN-260715-374bd8 running TASK-260715-2rhbnh [analyst] orchestrator (codex)
RUN-260715-4ba468 completed TASK-260715-21fpvo [reviewer] reviewer (codex)
RUN-260715-546f09 completed TASK-260715-21fpvo [implementer] developer (codex)
RUN-260715-7d7b8b running TASK-260715-2uata8 [implementer] developer (codex)
--- board ---
summary:{"active":[{"id":"STORY-260715-2qjqfl","name":"command-line-interface","status":"development"},{"id":"TASK-260715-2uata8","name":"implement-wordstats-cli","status":"development"},{"id":"STORY-260715-34y1fs","name":"orchestration","status":"analysis"},{"id":"TASK-260715-2rhbnh","name":"orchestrate-wordstats-delivery","status":"analysis"}],"blocked":[{"blockedBy":["STORY-260715-2qjqfl"],"id":"STORY-260715-1lb262","name":"delivery-documentation-and-verification"},{"blockedBy":["TASK-260715-k0ivxq"],"id":"TASK-260715-a6fnue","name":"verify-wordstats-delivery"},{"blockedBy":["TASK-260715-2uata8"],"id":"TASK-260715-k0ivxq","name":"document-wordstats-usage-and-tools"}],"byType":{"bug":{"total":0,"todo":0,"active":0,"done":0,"closed":0,"blocked":0},"epic":{"total":1,"todo":1,"active":0,"done":0,"closed":0,"blocked":0},"story":{"total":4,"todo":1,"active":2,"done":1,"closed":0,"blocked":0},"task":{"total":5,"todo":2,"active":2,"done":1,"closed":0,"blocked":0}}}
===== SAMPLE 14:49:14 (elapsed 283s) =====
--- runs ---
RUN-260715-374bd8 running TASK-260715-2rhbnh [analyst] orchestrator (codex)
RUN-260715-4ba468 completed TASK-260715-21fpvo [reviewer] reviewer (codex)
RUN-260715-546f09 completed TASK-260715-21fpvo [implementer] developer (codex)
RUN-260715-7d7b8b running TASK-260715-2uata8 [implementer] developer (codex)
--- board ---
summary:{"active":[{"id":"STORY-260715-2qjqfl","name":"command-line-interface","status":"development"},{"id":"TASK-260715-2uata8","name":"implement-wordstats-cli","status":"development"},{"id":"STORY-260715-34y1fs","name":"orchestration","status":"analysis"},{"id":"TASK-260715-2rhbnh","name":"orchestrate-wordstats-delivery","status":"analysis"}],"blocked":[{"blockedBy":["STORY-260715-2qjqfl"],"id":"STORY-260715-1lb262","name":"delivery-documentation-and-verification"},{"blockedBy":["TASK-260715-k0ivxq"],"id":"TASK-260715-a6fnue","name":"verify-wordstats-delivery"},{"blockedBy":["TASK-260715-2uata8"],"id":"TASK-260715-k0ivxq","name":"document-wordstats-usage-and-tools"}],"byType":{"bug":{"total":0,"todo":0,"active":0,"done":0,"closed":0,"blocked":0},"epic":{"total":1,"todo":1,"active":0,"done":0,"closed":0,"blocked":0},"story":{"total":4,"todo":1,"active":2,"done":1,"closed":0,"blocked":0},"task":{"total":5,"todo":2,"active":2,"done":1,"closed":0,"blocked":0}}}
===== SAMPLE 14:49:35 (elapsed 304s) =====
--- runs ---
RUN-260715-374bd8 running TASK-260715-2rhbnh [analyst] orchestrator (codex)
RUN-260715-4ba468 completed TASK-260715-21fpvo [reviewer] reviewer (codex)
RUN-260715-546f09 completed TASK-260715-21fpvo [implementer] developer (codex)
RUN-260715-7d7b8b running TASK-260715-2uata8 [implementer] developer (codex)
--- board ---
summary:{"active":[{"id":"STORY-260715-2qjqfl","name":"command-line-interface","status":"development"},{"id":"TASK-260715-2uata8","name":"implement-wordstats-cli","status":"development"},{"id":"STORY-260715-34y1fs","name":"orchestration","status":"analysis"},{"id":"TASK-260715-2rhbnh","name":"orchestrate-wordstats-delivery","status":"analysis"}],"blocked":[{"blockedBy":["STORY-260715-2qjqfl"],"id":"STORY-260715-1lb262","name":"delivery-documentation-and-verification"},{"blockedBy":["TASK-260715-k0ivxq"],"id":"TASK-260715-a6fnue","name":"verify-wordstats-delivery"},{"blockedBy":["TASK-260715-2uata8"],"id":"TASK-260715-k0ivxq","name":"document-wordstats-usage-and-tools"}],"byType":{"bug":{"total":0,"todo":0,"active":0,"done":0,"closed":0,"blocked":0},"epic":{"total":1,"todo":1,"active":0,"done":0,"closed":0,"blocked":0},"story":{"total":4,"todo":1,"active":2,"done":1,"closed":0,"blocked":0},"task":{"total":5,"todo":2,"active":2,"done":1,"closed":0,"blocked":0}}}
===== SAMPLE 14:49:55 (elapsed 324s) =====
--- runs ---
RUN-260715-374bd8 running TASK-260715-2rhbnh [analyst] orchestrator (codex)
RUN-260715-4ba468 completed TASK-260715-21fpvo [reviewer] reviewer (codex)
RUN-260715-546f09 completed TASK-260715-21fpvo [implementer] developer (codex)
RUN-260715-7d7b8b running TASK-260715-2uata8 [implementer] developer (codex)
--- board ---
summary:{"active":[{"id":"STORY-260715-2qjqfl","name":"command-line-interface","status":"development"},{"id":"TASK-260715-2uata8","name":"implement-wordstats-cli","status":"development"},{"id":"STORY-260715-34y1fs","name":"orchestration","status":"analysis"},{"id":"TASK-260715-2rhbnh","name":"orchestrate-wordstats-delivery","status":"analysis"}],"blocked":[{"blockedBy":["STORY-260715-2qjqfl"],"id":"STORY-260715-1lb262","name":"delivery-documentation-and-verification"},{"blockedBy":["TASK-260715-k0ivxq"],"id":"TASK-260715-a6fnue","name":"verify-wordstats-delivery"},{"blockedBy":["TASK-260715-2uata8"],"id":"TASK-260715-k0ivxq","name":"document-wordstats-usage-and-tools"}],"byType":{"bug":{"total":0,"todo":0,"active":0,"done":0,"closed":0,"blocked":0},"epic":{"total":1,"todo":1,"active":0,"done":0,"closed":0,"blocked":0},"story":{"total":4,"todo":1,"active":2,"done":1,"closed":0,"blocked":0},"task":{"total":5,"todo":2,"active":2,"done":1,"closed":0,"blocked":0}}}
===== SAMPLE 14:50:15 (elapsed 344s) =====
--- runs ---
RUN-260715-374bd8 running TASK-260715-2rhbnh [analyst] orchestrator (codex)
RUN-260715-4ba468 completed TASK-260715-21fpvo [reviewer] reviewer (codex)
RUN-260715-546f09 completed TASK-260715-21fpvo [implementer] developer (codex)
RUN-260715-7d7b8b running TASK-260715-2uata8 [implementer] developer (codex)
--- board ---
summary:{"active":[{"id":"STORY-260715-2qjqfl","name":"command-line-interface","status":"development"},{"id":"TASK-260715-2uata8","name":"implement-wordstats-cli","status":"development"},{"id":"STORY-260715-34y1fs","name":"orchestration","status":"analysis"},{"id":"TASK-260715-2rhbnh","name":"orchestrate-wordstats-delivery","status":"analysis"}],"blocked":[{"blockedBy":["STORY-260715-2qjqfl"],"id":"STORY-260715-1lb262","name":"delivery-documentation-and-verification"},{"blockedBy":["TASK-260715-k0ivxq"],"id":"TASK-260715-a6fnue","name":"verify-wordstats-delivery"},{"blockedBy":["TASK-260715-2uata8"],"id":"TASK-260715-k0ivxq","name":"document-wordstats-usage-and-tools"}],"byType":{"bug":{"total":0,"todo":0,"active":0,"done":0,"closed":0,"blocked":0},"epic":{"total":1,"todo":1,"active":0,"done":0,"closed":0,"blocked":0},"story":{"total":4,"todo":1,"active":2,"done":1,"closed":0,"blocked":0},"task":{"total":5,"todo":2,"active":2,"done":1,"closed":0,"blocked":0}}}
===== SAMPLE 14:50:35 (elapsed 364s) =====
--- runs ---
RUN-260715-374bd8 running TASK-260715-2rhbnh [analyst] orchestrator (codex)
RUN-260715-4ba468 completed TASK-260715-21fpvo [reviewer] reviewer (codex)
RUN-260715-546f09 completed TASK-260715-21fpvo [implementer] developer (codex)
RUN-260715-7d7b8b running TASK-260715-2uata8 [implementer] developer (codex)
--- board ---
summary:{"active":[{"id":"STORY-260715-2qjqfl","name":"command-line-interface","status":"development"},{"id":"TASK-260715-2uata8","name":"implement-wordstats-cli","status":"development"},{"id":"STORY-260715-34y1fs","name":"orchestration","status":"analysis"},{"id":"TASK-260715-2rhbnh","name":"orchestrate-wordstats-delivery","status":"analysis"}],"blocked":[{"blockedBy":["STORY-260715-2qjqfl"],"id":"STORY-260715-1lb262","name":"delivery-documentation-and-verification"},{"blockedBy":["TASK-260715-k0ivxq"],"id":"TASK-260715-a6fnue","name":"verify-wordstats-delivery"},{"blockedBy":["TASK-260715-2uata8"],"id":"TASK-260715-k0ivxq","name":"document-wordstats-usage-and-tools"}],"byType":{"bug":{"total":0,"todo":0,"active":0,"done":0,"closed":0,"blocked":0},"epic":{"total":1,"todo":1,"active":0,"done":0,"closed":0,"blocked":0},"story":{"total":4,"todo":1,"active":2,"done":1,"closed":0,"blocked":0},"task":{"total":5,"todo":2,"active":2,"done":1,"closed":0,"blocked":0}}}
===== SAMPLE 14:50:56 (elapsed 385s) =====
--- runs ---
RUN-260715-374bd8 running TASK-260715-2rhbnh [analyst] orchestrator (codex)
RUN-260715-4ba468 completed TASK-260715-21fpvo [reviewer] reviewer (codex)
RUN-260715-546f09 completed TASK-260715-21fpvo [implementer] developer (codex)
RUN-260715-7d7b8b running TASK-260715-2uata8 [implementer] developer (codex)
--- board ---
summary:{"active":[{"id":"STORY-260715-2qjqfl","name":"command-line-interface","status":"development"},{"id":"TASK-260715-2uata8","name":"implement-wordstats-cli","status":"development"},{"id":"STORY-260715-34y1fs","name":"orchestration","status":"analysis"},{"id":"TASK-260715-2rhbnh","name":"orchestrate-wordstats-delivery","status":"analysis"}],"blocked":[{"blockedBy":["STORY-260715-2qjqfl"],"id":"STORY-260715-1lb262","name":"delivery-documentation-and-verification"},{"blockedBy":["TASK-260715-k0ivxq"],"id":"TASK-260715-a6fnue","name":"verify-wordstats-delivery"},{"blockedBy":["TASK-260715-2uata8"],"id":"TASK-260715-k0ivxq","name":"document-wordstats-usage-and-tools"}],"byType":{"bug":{"total":0,"todo":0,"active":0,"done":0,"closed":0,"blocked":0},"epic":{"total":1,"todo":1,"active":0,"done":0,"closed":0,"blocked":0},"story":{"total":4,"todo":1,"active":2,"done":1,"closed":0,"blocked":0},"task":{"total":5,"todo":2,"active":2,"done":1,"closed":0,"blocked":0}}}
===== SAMPLE 14:51:16 (elapsed 405s) =====
--- runs ---
RUN-260715-374bd8 running TASK-260715-2rhbnh [analyst] orchestrator (codex)
RUN-260715-4ba468 completed TASK-260715-21fpvo [reviewer] reviewer (codex)
RUN-260715-546f09 completed TASK-260715-21fpvo [implementer] developer (codex)
RUN-260715-7d7b8b running TASK-260715-2uata8 [implementer] developer (codex)
--- board ---
summary:{"active":[{"id":"STORY-260715-2qjqfl","name":"command-line-interface","status":"to-review"},{"id":"TASK-260715-2uata8","name":"implement-wordstats-cli","status":"to-review"},{"id":"STORY-260715-34y1fs","name":"orchestration","status":"analysis"},{"id":"TASK-260715-2rhbnh","name":"orchestrate-wordstats-delivery","status":"analysis"}],"blocked":[{"blockedBy":["STORY-260715-2qjqfl"],"id":"STORY-260715-1lb262","name":"delivery-documentation-and-verification"},{"blockedBy":["TASK-260715-k0ivxq"],"id":"TASK-260715-a6fnue","name":"verify-wordstats-delivery"},{"blockedBy":["TASK-260715-2uata8"],"id":"TASK-260715-k0ivxq","name":"document-wordstats-usage-and-tools"}],"byType":{"bug":{"total":0,"todo":0,"active":0,"done":0,"closed":0,"blocked":0},"epic":{"total":1,"todo":1,"active":0,"done":0,"closed":0,"blocked":0},"story":{"total":4,"todo":1,"active":2,"done":1,"closed":0,"blocked":0},"task":{"total":5,"todo":2,"active":2,"done":1,"closed":0,"blocked":0}}}
===== SAMPLE 14:51:36 (elapsed 425s) =====
--- runs ---
RUN-260715-374bd8 running TASK-260715-2rhbnh [analyst] orchestrator (codex)
RUN-260715-4ba468 completed TASK-260715-21fpvo [reviewer] reviewer (codex)
RUN-260715-546f09 completed TASK-260715-21fpvo [implementer] developer (codex)
RUN-260715-7d7b8b completed TASK-260715-2uata8 [implementer] developer (codex)
--- board ---
summary:{"active":[{"id":"STORY-260715-2qjqfl","name":"command-line-interface","status":"to-review"},{"id":"TASK-260715-2uata8","name":"implement-wordstats-cli","status":"to-review"},{"id":"STORY-260715-34y1fs","name":"orchestration","status":"analysis"},{"id":"TASK-260715-2rhbnh","name":"orchestrate-wordstats-delivery","status":"analysis"}],"blocked":[{"blockedBy":["STORY-260715-2qjqfl"],"id":"STORY-260715-1lb262","name":"delivery-documentation-and-verification"},{"blockedBy":["TASK-260715-k0ivxq"],"id":"TASK-260715-a6fnue","name":"verify-wordstats-delivery"},{"blockedBy":["TASK-260715-2uata8"],"id":"TASK-260715-k0ivxq","name":"document-wordstats-usage-and-tools"}],"byType":{"bug":{"total":0,"todo":0,"active":0,"done":0,"closed":0,"blocked":0},"epic":{"total":1,"todo":1,"active":0,"done":0,"closed":0,"blocked":0},"story":{"total":4,"todo":1,"active":2,"done":1,"closed":0,"blocked":0},"task":{"total":5,"todo":2,"active":2,"done":1,"closed":0,"blocked":0}}}
WAKE (interval elapsed, root=running)
===== SAMPLE 14:51:53 (elapsed 0s) =====
--- runs ---
RUN-260715-374bd8 running TASK-260715-2rhbnh [analyst] orchestrator (codex)
RUN-260715-4ba468 completed TASK-260715-21fpvo [reviewer] reviewer (codex)
RUN-260715-546f09 completed TASK-260715-21fpvo [implementer] developer (codex)
RUN-260715-7d7b8b completed TASK-260715-2uata8 [implementer] developer (codex)
RUN-260715-a48e9d running TASK-260715-2uata8 [reviewer] reviewer (codex)
--- board ---
summary:{"active":[{"id":"STORY-260715-2qjqfl","name":"command-line-interface","status":"reviewing"},{"id":"TASK-260715-2uata8","name":"implement-wordstats-cli","status":"reviewing"},{"id":"STORY-260715-34y1fs","name":"orchestration","status":"analysis"},{"id":"TASK-260715-2rhbnh","name":"orchestrate-wordstats-delivery","status":"analysis"}],"blocked":[{"blockedBy":["STORY-260715-2qjqfl"],"id":"STORY-260715-1lb262","name":"delivery-documentation-and-verification"},{"blockedBy":["TASK-260715-k0ivxq"],"id":"TASK-260715-a6fnue","name":"verify-wordstats-delivery"},{"blockedBy":["TASK-260715-2uata8"],"id":"TASK-260715-k0ivxq","name":"document-wordstats-usage-and-tools"}],"byType":{"bug":{"total":0,"todo":0,"active":0,"done":0,"closed":0,"blocked":0},"epic":{"total":1,"todo":1,"active":0,"done":0,"closed":0,"blocked":0},"story":{"total":4,"todo":1,"active":2,"done":1,"closed":0,"blocked":0},"task":{"total":5,"todo":2,"active":2,"done":1,"closed":0,"blocked":0}}}
===== SAMPLE 14:52:14 (elapsed 21s) =====
--- runs ---
RUN-260715-374bd8 running TASK-260715-2rhbnh [analyst] orchestrator (codex)
RUN-260715-4ba468 completed TASK-260715-21fpvo [reviewer] reviewer (codex)
RUN-260715-546f09 completed TASK-260715-21fpvo [implementer] developer (codex)
RUN-260715-7d7b8b completed TASK-260715-2uata8 [implementer] developer (codex)
RUN-260715-a48e9d running TASK-260715-2uata8 [reviewer] reviewer (codex)
--- board ---
summary:{"active":[{"id":"STORY-260715-2qjqfl","name":"command-line-interface","status":"reviewing"},{"id":"TASK-260715-2uata8","name":"implement-wordstats-cli","status":"reviewing"},{"id":"STORY-260715-34y1fs","name":"orchestration","status":"analysis"},{"id":"TASK-260715-2rhbnh","name":"orchestrate-wordstats-delivery","status":"analysis"}],"blocked":[{"blockedBy":["STORY-260715-2qjqfl"],"id":"STORY-260715-1lb262","name":"delivery-documentation-and-verification"},{"blockedBy":["TASK-260715-k0ivxq"],"id":"TASK-260715-a6fnue","name":"verify-wordstats-delivery"},{"blockedBy":["TASK-260715-2uata8"],"id":"TASK-260715-k0ivxq","name":"document-wordstats-usage-and-tools"}],"byType":{"bug":{"total":0,"todo":0,"active":0,"done":0,"closed":0,"blocked":0},"epic":{"total":1,"todo":1,"active":0,"done":0,"closed":0,"blocked":0},"story":{"total":4,"todo":1,"active":2,"done":1,"closed":0,"blocked":0},"task":{"total":5,"todo":2,"active":2,"done":1,"closed":0,"blocked":0}}}
===== SAMPLE 14:52:34 (elapsed 41s) =====
--- runs ---
RUN-260715-374bd8 running TASK-260715-2rhbnh [analyst] orchestrator (codex)
RUN-260715-4ba468 completed TASK-260715-21fpvo [reviewer] reviewer (codex)
RUN-260715-546f09 completed TASK-260715-21fpvo [implementer] developer (codex)
RUN-260715-7d7b8b completed TASK-260715-2uata8 [implementer] developer (codex)
RUN-260715-a48e9d running TASK-260715-2uata8 [reviewer] reviewer (codex)
--- board ---
summary:{"active":[{"id":"STORY-260715-2qjqfl","name":"command-line-interface","status":"reviewing"},{"id":"TASK-260715-2uata8","name":"implement-wordstats-cli","status":"reviewing"},{"id":"STORY-260715-34y1fs","name":"orchestration","status":"analysis"},{"id":"TASK-260715-2rhbnh","name":"orchestrate-wordstats-delivery","status":"analysis"}],"blocked":[{"blockedBy":["STORY-260715-2qjqfl"],"id":"STORY-260715-1lb262","name":"delivery-documentation-and-verification"},{"blockedBy":["TASK-260715-k0ivxq"],"id":"TASK-260715-a6fnue","name":"verify-wordstats-delivery"},{"blockedBy":["TASK-260715-2uata8"],"id":"TASK-260715-k0ivxq","name":"document-wordstats-usage-and-tools"}],"byType":{"bug":{"total":0,"todo":0,"active":0,"done":0,"closed":0,"blocked":0},"epic":{"total":1,"todo":1,"active":0,"done":0,"closed":0,"blocked":0},"story":{"total":4,"todo":1,"active":2,"done":1,"closed":0,"blocked":0},"task":{"total":5,"todo":2,"active":2,"done":1,"closed":0,"blocked":0}}}
===== SAMPLE 14:52:55 (elapsed 62s) =====
--- runs ---
RUN-260715-374bd8 running TASK-260715-2rhbnh [analyst] orchestrator (codex)
RUN-260715-4ba468 completed TASK-260715-21fpvo [reviewer] reviewer (codex)
RUN-260715-546f09 completed TASK-260715-21fpvo [implementer] developer (codex)
RUN-260715-7d7b8b completed TASK-260715-2uata8 [implementer] developer (codex)
RUN-260715-a48e9d running TASK-260715-2uata8 [reviewer] reviewer (codex)
--- board ---
summary:{"active":[{"id":"STORY-260715-2qjqfl","name":"command-line-interface","status":"reviewing"},{"id":"TASK-260715-2uata8","name":"implement-wordstats-cli","status":"reviewing"},{"id":"STORY-260715-34y1fs","name":"orchestration","status":"analysis"},{"id":"TASK-260715-2rhbnh","name":"orchestrate-wordstats-delivery","status":"analysis"}],"blocked":[{"blockedBy":["STORY-260715-2qjqfl"],"id":"STORY-260715-1lb262","name":"delivery-documentation-and-verification"},{"blockedBy":["TASK-260715-k0ivxq"],"id":"TASK-260715-a6fnue","name":"verify-wordstats-delivery"},{"blockedBy":["TASK-260715-2uata8"],"id":"TASK-260715-k0ivxq","name":"document-wordstats-usage-and-tools"}],"byType":{"bug":{"total":0,"todo":0,"active":0,"done":0,"closed":0,"blocked":0},"epic":{"total":1,"todo":1,"active":0,"done":0,"closed":0,"blocked":0},"story":{"total":4,"todo":1,"active":2,"done":1,"closed":0,"blocked":0},"task":{"total":5,"todo":2,"active":2,"done":1,"closed":0,"blocked":0}}}
===== SAMPLE 14:53:15 (elapsed 82s) =====
--- runs ---
RUN-260715-374bd8 running TASK-260715-2rhbnh [analyst] orchestrator (codex)
RUN-260715-4ba468 completed TASK-260715-21fpvo [reviewer] reviewer (codex)
RUN-260715-546f09 completed TASK-260715-21fpvo [implementer] developer (codex)
RUN-260715-7d7b8b completed TASK-260715-2uata8 [implementer] developer (codex)
RUN-260715-a48e9d running TASK-260715-2uata8 [reviewer] reviewer (codex)
--- board ---
summary:{"active":[{"id":"STORY-260715-2qjqfl","name":"command-line-interface","status":"reviewing"},{"id":"TASK-260715-2uata8","name":"implement-wordstats-cli","status":"reviewing"},{"id":"STORY-260715-34y1fs","name":"orchestration","status":"analysis"},{"id":"TASK-260715-2rhbnh","name":"orchestrate-wordstats-delivery","status":"analysis"}],"blocked":[{"blockedBy":["STORY-260715-2qjqfl"],"id":"STORY-260715-1lb262","name":"delivery-documentation-and-verification"},{"blockedBy":["TASK-260715-k0ivxq"],"id":"TASK-260715-a6fnue","name":"verify-wordstats-delivery"},{"blockedBy":["TASK-260715-2uata8"],"id":"TASK-260715-k0ivxq","name":"document-wordstats-usage-and-tools"}],"byType":{"bug":{"total":0,"todo":0,"active":0,"done":0,"closed":0,"blocked":0},"epic":{"total":1,"todo":1,"active":0,"done":0,"closed":0,"blocked":0},"story":{"total":4,"todo":1,"active":2,"done":1,"closed":0,"blocked":0},"task":{"total":5,"todo":2,"active":2,"done":1,"closed":0,"blocked":0}}}
===== SAMPLE 14:53:35 (elapsed 102s) =====
--- runs ---
RUN-260715-374bd8 running TASK-260715-2rhbnh [analyst] orchestrator (codex)
RUN-260715-4ba468 completed TASK-260715-21fpvo [reviewer] reviewer (codex)
RUN-260715-546f09 completed TASK-260715-21fpvo [implementer] developer (codex)
RUN-260715-7d7b8b completed TASK-260715-2uata8 [implementer] developer (codex)
RUN-260715-a48e9d running TASK-260715-2uata8 [reviewer] reviewer (codex)
--- board ---
summary:{"active":[{"id":"STORY-260715-2qjqfl","name":"command-line-interface","status":"reviewing"},{"id":"TASK-260715-2uata8","name":"implement-wordstats-cli","status":"reviewing"},{"id":"STORY-260715-34y1fs","name":"orchestration","status":"analysis"},{"id":"TASK-260715-2rhbnh","name":"orchestrate-wordstats-delivery","status":"analysis"}],"blocked":[{"blockedBy":["STORY-260715-2qjqfl"],"id":"STORY-260715-1lb262","name":"delivery-documentation-and-verification"},{"blockedBy":["TASK-260715-k0ivxq"],"id":"TASK-260715-a6fnue","name":"verify-wordstats-delivery"},{"blockedBy":["TASK-260715-2uata8"],"id":"TASK-260715-k0ivxq","name":"document-wordstats-usage-and-tools"}],"byType":{"bug":{"total":0,"todo":0,"active":0,"done":0,"closed":0,"blocked":0},"epic":{"total":1,"todo":1,"active":0,"done":0,"closed":0,"blocked":0},"story":{"total":4,"todo":1,"active":2,"done":1,"closed":0,"blocked":0},"task":{"total":5,"todo":2,"active":2,"done":1,"closed":0,"blocked":0}}}
===== SAMPLE 14:53:56 (elapsed 123s) =====
--- runs ---
RUN-260715-374bd8 running TASK-260715-2rhbnh [analyst] orchestrator (codex)
RUN-260715-4ba468 completed TASK-260715-21fpvo [reviewer] reviewer (codex)
RUN-260715-546f09 completed TASK-260715-21fpvo [implementer] developer (codex)
RUN-260715-7d7b8b completed TASK-260715-2uata8 [implementer] developer (codex)
RUN-260715-a48e9d running TASK-260715-2uata8 [reviewer] reviewer (codex)
--- board ---
summary:{"active":[{"id":"STORY-260715-2qjqfl","name":"command-line-interface","status":"reviewing"},{"id":"TASK-260715-2uata8","name":"implement-wordstats-cli","status":"reviewing"},{"id":"STORY-260715-34y1fs","name":"orchestration","status":"analysis"},{"id":"TASK-260715-2rhbnh","name":"orchestrate-wordstats-delivery","status":"analysis"}],"blocked":[{"blockedBy":["STORY-260715-2qjqfl"],"id":"STORY-260715-1lb262","name":"delivery-documentation-and-verification"},{"blockedBy":["TASK-260715-k0ivxq"],"id":"TASK-260715-a6fnue","name":"verify-wordstats-delivery"},{"blockedBy":["TASK-260715-2uata8"],"id":"TASK-260715-k0ivxq","name":"document-wordstats-usage-and-tools"}],"byType":{"bug":{"total":0,"todo":0,"active":0,"done":0,"closed":0,"blocked":0},"epic":{"total":1,"todo":1,"active":0,"done":0,"closed":0,"blocked":0},"story":{"total":4,"todo":1,"active":2,"done":1,"closed":0,"blocked":0},"task":{"total":5,"todo":2,"active":2,"done":1,"closed":0,"blocked":0}}}
===== SAMPLE 14:54:16 (elapsed 143s) =====
--- runs ---
RUN-260715-374bd8 running TASK-260715-2rhbnh [analyst] orchestrator (codex)
RUN-260715-4ba468 completed TASK-260715-21fpvo [reviewer] reviewer (codex)
RUN-260715-546f09 completed TASK-260715-21fpvo [implementer] developer (codex)
RUN-260715-7d7b8b completed TASK-260715-2uata8 [implementer] developer (codex)
RUN-260715-a48e9d running TASK-260715-2uata8 [reviewer] reviewer (codex)
--- board ---
summary:{"active":[{"id":"STORY-260715-2qjqfl","name":"command-line-interface","status":"reviewing"},{"id":"TASK-260715-2uata8","name":"implement-wordstats-cli","status":"reviewing"},{"id":"STORY-260715-34y1fs","name":"orchestration","status":"analysis"},{"id":"TASK-260715-2rhbnh","name":"orchestrate-wordstats-delivery","status":"analysis"}],"blocked":[{"blockedBy":["STORY-260715-2qjqfl"],"id":"STORY-260715-1lb262","name":"delivery-documentation-and-verification"},{"blockedBy":["TASK-260715-k0ivxq"],"id":"TASK-260715-a6fnue","name":"verify-wordstats-delivery"},{"blockedBy":["TASK-260715-2uata8"],"id":"TASK-260715-k0ivxq","name":"document-wordstats-usage-and-tools"}],"byType":{"bug":{"total":0,"todo":0,"active":0,"done":0,"closed":0,"blocked":0},"epic":{"total":1,"todo":1,"active":0,"done":0,"closed":0,"blocked":0},"story":{"total":4,"todo":1,"active":2,"done":1,"closed":0,"blocked":0},"task":{"total":5,"todo":2,"active":2,"done":1,"closed":0,"blocked":0}}}
===== SAMPLE 14:54:36 (elapsed 163s) =====
--- runs ---
RUN-260715-374bd8 running TASK-260715-2rhbnh [analyst] orchestrator (codex)
RUN-260715-4ba468 completed TASK-260715-21fpvo [reviewer] reviewer (codex)
RUN-260715-546f09 completed TASK-260715-21fpvo [implementer] developer (codex)
RUN-260715-7d7b8b completed TASK-260715-2uata8 [implementer] developer (codex)
RUN-260715-a48e9d running TASK-260715-2uata8 [reviewer] reviewer (codex)
--- board ---
summary:{"active":[{"id":"STORY-260715-2qjqfl","name":"command-line-interface","status":"reviewing"},{"id":"TASK-260715-2uata8","name":"implement-wordstats-cli","status":"reviewing"},{"id":"STORY-260715-34y1fs","name":"orchestration","status":"analysis"},{"id":"TASK-260715-2rhbnh","name":"orchestrate-wordstats-delivery","status":"analysis"}],"blocked":[{"blockedBy":["STORY-260715-2qjqfl"],"id":"STORY-260715-1lb262","name":"delivery-documentation-and-verification"},{"blockedBy":["TASK-260715-k0ivxq"],"id":"TASK-260715-a6fnue","name":"verify-wordstats-delivery"},{"blockedBy":["TASK-260715-2uata8"],"id":"TASK-260715-k0ivxq","name":"document-wordstats-usage-and-tools"}],"byType":{"bug":{"total":0,"todo":0,"active":0,"done":0,"closed":0,"blocked":0},"epic":{"total":1,"todo":1,"active":0,"done":0,"closed":0,"blocked":0},"story":{"total":4,"todo":1,"active":2,"done":1,"closed":0,"blocked":0},"task":{"total":5,"todo":2,"active":2,"done":1,"closed":0,"blocked":0}}}
===== SAMPLE 14:54:56 (elapsed 183s) =====
--- runs ---
RUN-260715-374bd8 running TASK-260715-2rhbnh [analyst] orchestrator (codex)
RUN-260715-4ba468 completed TASK-260715-21fpvo [reviewer] reviewer (codex)
RUN-260715-546f09 completed TASK-260715-21fpvo [implementer] developer (codex)
RUN-260715-7d7b8b completed TASK-260715-2uata8 [implementer] developer (codex)
RUN-260715-a48e9d running TASK-260715-2uata8 [reviewer] reviewer (codex)
--- board ---
summary:{"active":[{"id":"STORY-260715-2qjqfl","name":"command-line-interface","status":"reviewing"},{"id":"TASK-260715-2uata8","name":"implement-wordstats-cli","status":"reviewing"},{"id":"STORY-260715-34y1fs","name":"orchestration","status":"analysis"},{"id":"TASK-260715-2rhbnh","name":"orchestrate-wordstats-delivery","status":"analysis"}],"blocked":[{"blockedBy":["STORY-260715-2qjqfl"],"id":"STORY-260715-1lb262","name":"delivery-documentation-and-verification"},{"blockedBy":["TASK-260715-k0ivxq"],"id":"TASK-260715-a6fnue","name":"verify-wordstats-delivery"},{"blockedBy":["TASK-260715-2uata8"],"id":"TASK-260715-k0ivxq","name":"document-wordstats-usage-and-tools"}],"byType":{"bug":{"total":0,"todo":0,"active":0,"done":0,"closed":0,"blocked":0},"epic":{"total":1,"todo":1,"active":0,"done":0,"closed":0,"blocked":0},"story":{"total":4,"todo":1,"active":2,"done":1,"closed":0,"blocked":0},"task":{"total":5,"todo":2,"active":2,"done":1,"closed":0,"blocked":0}}}
===== SAMPLE 14:55:17 (elapsed 204s) =====
--- runs ---
RUN-260715-374bd8 running TASK-260715-2rhbnh [analyst] orchestrator (codex)
RUN-260715-4ba468 completed TASK-260715-21fpvo [reviewer] reviewer (codex)
RUN-260715-546f09 completed TASK-260715-21fpvo [implementer] developer (codex)
RUN-260715-7d7b8b completed TASK-260715-2uata8 [implementer] developer (codex)
RUN-260715-a48e9d running TASK-260715-2uata8 [reviewer] reviewer (codex)
--- board ---
summary:{"active":[{"id":"STORY-260715-2qjqfl","name":"command-line-interface","status":"reviewing"},{"id":"TASK-260715-2uata8","name":"implement-wordstats-cli","status":"reviewing"},{"id":"STORY-260715-34y1fs","name":"orchestration","status":"analysis"},{"id":"TASK-260715-2rhbnh","name":"orchestrate-wordstats-delivery","status":"analysis"}],"blocked":[{"blockedBy":["STORY-260715-2qjqfl"],"id":"STORY-260715-1lb262","name":"delivery-documentation-and-verification"},{"blockedBy":["TASK-260715-k0ivxq"],"id":"TASK-260715-a6fnue","name":"verify-wordstats-delivery"},{"blockedBy":["TASK-260715-2uata8"],"id":"TASK-260715-k0ivxq","name":"document-wordstats-usage-and-tools"}],"byType":{"bug":{"total":0,"todo":0,"active":0,"done":0,"closed":0,"blocked":0},"epic":{"total":1,"todo":1,"active":0,"done":0,"closed":0,"blocked":0},"story":{"total":4,"todo":1,"active":2,"done":1,"closed":0,"blocked":0},"task":{"total":5,"todo":2,"active":2,"done":1,"closed":0,"blocked":0}}}
===== SAMPLE 14:55:37 (elapsed 224s) =====
--- runs ---
RUN-260715-374bd8 running TASK-260715-2rhbnh [analyst] orchestrator (codex)
RUN-260715-4ba468 completed TASK-260715-21fpvo [reviewer] reviewer (codex)
RUN-260715-546f09 completed TASK-260715-21fpvo [implementer] developer (codex)
RUN-260715-7d7b8b completed TASK-260715-2uata8 [implementer] developer (codex)
RUN-260715-a48e9d running TASK-260715-2uata8 [reviewer] reviewer (codex)
--- board ---
summary:{"active":[{"id":"STORY-260715-2qjqfl","name":"command-line-interface","status":"reviewing"},{"id":"TASK-260715-2uata8","name":"implement-wordstats-cli","status":"reviewing"},{"id":"STORY-260715-34y1fs","name":"orchestration","status":"analysis"},{"id":"TASK-260715-2rhbnh","name":"orchestrate-wordstats-delivery","status":"analysis"}],"blocked":[{"blockedBy":["STORY-260715-2qjqfl"],"id":"STORY-260715-1lb262","name":"delivery-documentation-and-verification"},{"blockedBy":["TASK-260715-k0ivxq"],"id":"TASK-260715-a6fnue","name":"verify-wordstats-delivery"},{"blockedBy":["TASK-260715-2uata8"],"id":"TASK-260715-k0ivxq","name":"document-wordstats-usage-and-tools"}],"byType":{"bug":{"total":0,"todo":0,"active":0,"done":0,"closed":0,"blocked":0},"epic":{"total":1,"todo":1,"active":0,"done":0,"closed":0,"blocked":0},"story":{"total":4,"todo":1,"active":2,"done":1,"closed":0,"blocked":0},"task":{"total":5,"todo":2,"active":2,"done":1,"closed":0,"blocked":0}}}
===== SAMPLE 14:55:57 (elapsed 244s) =====
--- runs ---
RUN-260715-374bd8 running TASK-260715-2rhbnh [analyst] orchestrator (codex)
RUN-260715-4ba468 completed TASK-260715-21fpvo [reviewer] reviewer (codex)
RUN-260715-546f09 completed TASK-260715-21fpvo [implementer] developer (codex)
RUN-260715-7d7b8b completed TASK-260715-2uata8 [implementer] developer (codex)
RUN-260715-a48e9d running TASK-260715-2uata8 [reviewer] reviewer (codex)
--- board ---
summary:{"active":[{"id":"STORY-260715-2qjqfl","name":"command-line-interface","status":"reviewing"},{"id":"TASK-260715-2uata8","name":"implement-wordstats-cli","status":"reviewing"},{"id":"STORY-260715-34y1fs","name":"orchestration","status":"analysis"},{"id":"TASK-260715-2rhbnh","name":"orchestrate-wordstats-delivery","status":"analysis"}],"blocked":[{"blockedBy":["STORY-260715-2qjqfl"],"id":"STORY-260715-1lb262","name":"delivery-documentation-and-verification"},{"blockedBy":["TASK-260715-k0ivxq"],"id":"TASK-260715-a6fnue","name":"verify-wordstats-delivery"},{"blockedBy":["TASK-260715-2uata8"],"id":"TASK-260715-k0ivxq","name":"document-wordstats-usage-and-tools"}],"byType":{"bug":{"total":0,"todo":0,"active":0,"done":0,"closed":0,"blocked":0},"epic":{"total":1,"todo":1,"active":0,"done":0,"closed":0,"blocked":0},"story":{"total":4,"todo":1,"active":2,"done":1,"closed":0,"blocked":0},"task":{"total":5,"todo":2,"active":2,"done":1,"closed":0,"blocked":0}}}
===== SAMPLE 14:56:18 (elapsed 265s) =====
--- runs ---
RUN-260715-374bd8 running TASK-260715-2rhbnh [analyst] orchestrator (codex)
RUN-260715-4ba468 completed TASK-260715-21fpvo [reviewer] reviewer (codex)
RUN-260715-546f09 completed TASK-260715-21fpvo [implementer] developer (codex)
RUN-260715-7d7b8b completed TASK-260715-2uata8 [implementer] developer (codex)
RUN-260715-a48e9d running TASK-260715-2uata8 [reviewer] reviewer (codex)
--- board ---
summary:{"active":[{"id":"STORY-260715-2qjqfl","name":"command-line-interface","status":"reviewing"},{"id":"TASK-260715-2uata8","name":"implement-wordstats-cli","status":"reviewing"},{"id":"STORY-260715-34y1fs","name":"orchestration","status":"analysis"},{"id":"TASK-260715-2rhbnh","name":"orchestrate-wordstats-delivery","status":"analysis"}],"blocked":[{"blockedBy":["STORY-260715-2qjqfl"],"id":"STORY-260715-1lb262","name":"delivery-documentation-and-verification"},{"blockedBy":["TASK-260715-k0ivxq"],"id":"TASK-260715-a6fnue","name":"verify-wordstats-delivery"},{"blockedBy":["TASK-260715-2uata8"],"id":"TASK-260715-k0ivxq","name":"document-wordstats-usage-and-tools"}],"byType":{"bug":{"total":0,"todo":0,"active":0,"done":0,"closed":0,"blocked":0},"epic":{"total":1,"todo":1,"active":0,"done":0,"closed":0,"blocked":0},"story":{"total":4,"todo":1,"active":2,"done":1,"closed":0,"blocked":0},"task":{"total":5,"todo":2,"active":2,"done":1,"closed":0,"blocked":0}}}
===== SAMPLE 14:56:38 (elapsed 285s) =====
--- runs ---
RUN-260715-374bd8 running TASK-260715-2rhbnh [analyst] orchestrator (codex)
RUN-260715-4ba468 completed TASK-260715-21fpvo [reviewer] reviewer (codex)
RUN-260715-546f09 completed TASK-260715-21fpvo [implementer] developer (codex)
RUN-260715-7d7b8b completed TASK-260715-2uata8 [implementer] developer (codex)
RUN-260715-a48e9d running TASK-260715-2uata8 [reviewer] reviewer (codex)
--- board ---
summary:{"active":[{"id":"STORY-260715-2qjqfl","name":"command-line-interface","status":"reviewing"},{"id":"TASK-260715-2uata8","name":"implement-wordstats-cli","status":"reviewing"},{"id":"STORY-260715-34y1fs","name":"orchestration","status":"analysis"},{"id":"TASK-260715-2rhbnh","name":"orchestrate-wordstats-delivery","status":"analysis"}],"blocked":[{"blockedBy":["STORY-260715-2qjqfl"],"id":"STORY-260715-1lb262","name":"delivery-documentation-and-verification"},{"blockedBy":["TASK-260715-k0ivxq"],"id":"TASK-260715-a6fnue","name":"verify-wordstats-delivery"},{"blockedBy":["TASK-260715-2uata8"],"id":"TASK-260715-k0ivxq","name":"document-wordstats-usage-and-tools"}],"byType":{"bug":{"total":0,"todo":0,"active":0,"done":0,"closed":0,"blocked":0},"epic":{"total":1,"todo":1,"active":0,"done":0,"closed":0,"blocked":0},"story":{"total":4,"todo":1,"active":2,"done":1,"closed":0,"blocked":0},"task":{"total":5,"todo":2,"active":2,"done":1,"closed":0,"blocked":0}}}
===== SAMPLE 14:56:58 (elapsed 305s) =====
--- runs ---
RUN-260715-374bd8 running TASK-260715-2rhbnh [analyst] orchestrator (codex)
RUN-260715-4ba468 completed TASK-260715-21fpvo [reviewer] reviewer (codex)
RUN-260715-546f09 completed TASK-260715-21fpvo [implementer] developer (codex)
RUN-260715-7d7b8b completed TASK-260715-2uata8 [implementer] developer (codex)
RUN-260715-a48e9d running TASK-260715-2uata8 [reviewer] reviewer (codex)
--- board ---
summary:{"active":[{"id":"STORY-260715-2qjqfl","name":"command-line-interface","status":"reviewing"},{"id":"TASK-260715-2uata8","name":"implement-wordstats-cli","status":"reviewing"},{"id":"STORY-260715-34y1fs","name":"orchestration","status":"analysis"},{"id":"TASK-260715-2rhbnh","name":"orchestrate-wordstats-delivery","status":"analysis"}],"blocked":[{"blockedBy":["STORY-260715-2qjqfl"],"id":"STORY-260715-1lb262","name":"delivery-documentation-and-verification"},{"blockedBy":["TASK-260715-k0ivxq"],"id":"TASK-260715-a6fnue","name":"verify-wordstats-delivery"},{"blockedBy":["TASK-260715-2uata8"],"id":"TASK-260715-k0ivxq","name":"document-wordstats-usage-and-tools"}],"byType":{"bug":{"total":0,"todo":0,"active":0,"done":0,"closed":0,"blocked":0},"epic":{"total":1,"todo":1,"active":0,"done":0,"closed":0,"blocked":0},"story":{"total":4,"todo":1,"active":2,"done":1,"closed":0,"blocked":0},"task":{"total":5,"todo":2,"active":2,"done":1,"closed":0,"blocked":0}}}
===== SAMPLE 14:57:18 (elapsed 325s) =====
--- runs ---
RUN-260715-374bd8 running TASK-260715-2rhbnh [analyst] orchestrator (codex)
RUN-260715-4ba468 completed TASK-260715-21fpvo [reviewer] reviewer (codex)
RUN-260715-546f09 completed TASK-260715-21fpvo [implementer] developer (codex)
RUN-260715-7d7b8b completed TASK-260715-2uata8 [implementer] developer (codex)
RUN-260715-a48e9d running TASK-260715-2uata8 [reviewer] reviewer (codex)
--- board ---
summary:{"active":[{"id":"STORY-260715-2qjqfl","name":"command-line-interface","status":"reviewing"},{"id":"TASK-260715-2uata8","name":"implement-wordstats-cli","status":"reviewing"},{"id":"STORY-260715-34y1fs","name":"orchestration","status":"analysis"},{"id":"TASK-260715-2rhbnh","name":"orchestrate-wordstats-delivery","status":"analysis"}],"blocked":[{"blockedBy":["STORY-260715-2qjqfl"],"id":"STORY-260715-1lb262","name":"delivery-documentation-and-verification"},{"blockedBy":["TASK-260715-k0ivxq"],"id":"TASK-260715-a6fnue","name":"verify-wordstats-delivery"},{"blockedBy":["TASK-260715-2uata8"],"id":"TASK-260715-k0ivxq","name":"document-wordstats-usage-and-tools"}],"byType":{"bug":{"total":0,"todo":0,"active":0,"done":0,"closed":0,"blocked":0},"epic":{"total":1,"todo":1,"active":0,"done":0,"closed":0,"blocked":0},"story":{"total":4,"todo":1,"active":2,"done":1,"closed":0,"blocked":0},"task":{"total":5,"todo":2,"active":2,"done":1,"closed":0,"blocked":0}}}
===== SAMPLE 14:57:39 (elapsed 346s) =====
--- runs ---
RUN-260715-374bd8 running TASK-260715-2rhbnh [analyst] orchestrator (codex)
RUN-260715-4ba468 completed TASK-260715-21fpvo [reviewer] reviewer (codex)
RUN-260715-546f09 completed TASK-260715-21fpvo [implementer] developer (codex)
RUN-260715-7d7b8b completed TASK-260715-2uata8 [implementer] developer (codex)
RUN-260715-a48e9d running TASK-260715-2uata8 [reviewer] reviewer (codex)
--- board ---
summary:{"active":[{"id":"STORY-260715-2qjqfl","name":"command-line-interface","status":"reviewing"},{"id":"TASK-260715-2uata8","name":"implement-wordstats-cli","status":"reviewing"},{"id":"STORY-260715-34y1fs","name":"orchestration","status":"analysis"},{"id":"TASK-260715-2rhbnh","name":"orchestrate-wordstats-delivery","status":"analysis"}],"blocked":[{"blockedBy":["STORY-260715-2qjqfl"],"id":"STORY-260715-1lb262","name":"delivery-documentation-and-verification"},{"blockedBy":["TASK-260715-k0ivxq"],"id":"TASK-260715-a6fnue","name":"verify-wordstats-delivery"},{"blockedBy":["TASK-260715-2uata8"],"id":"TASK-260715-k0ivxq","name":"document-wordstats-usage-and-tools"}],"byType":{"bug":{"total":0,"todo":0,"active":0,"done":0,"closed":0,"blocked":0},"epic":{"total":1,"todo":1,"active":0,"done":0,"closed":0,"blocked":0},"story":{"total":4,"todo":1,"active":2,"done":1,"closed":0,"blocked":0},"task":{"total":5,"todo":2,"active":2,"done":1,"closed":0,"blocked":0}}}
===== SAMPLE 14:57:59 (elapsed 366s) =====
--- runs ---
RUN-260715-374bd8 running TASK-260715-2rhbnh [analyst] orchestrator (codex)
RUN-260715-4ba468 completed TASK-260715-21fpvo [reviewer] reviewer (codex)
RUN-260715-546f09 completed TASK-260715-21fpvo [implementer] developer (codex)
RUN-260715-7d7b8b completed TASK-260715-2uata8 [implementer] developer (codex)
RUN-260715-a48e9d running TASK-260715-2uata8 [reviewer] reviewer (codex)
--- board ---
summary:{"active":[{"id":"STORY-260715-34y1fs","name":"orchestration","status":"analysis"},{"id":"TASK-260715-2rhbnh","name":"orchestrate-wordstats-delivery","status":"analysis"}],"blocked":[{"blockedBy":["STORY-260715-2qjqfl"],"id":"STORY-260715-1lb262","name":"delivery-documentation-and-verification"},{"blockedBy":["TASK-260715-k0ivxq"],"id":"TASK-260715-a6fnue","name":"verify-wordstats-delivery"},{"blockedBy":["TASK-260715-2uata8"],"id":"TASK-260715-k0ivxq","name":"document-wordstats-usage-and-tools"}],"byType":{"bug":{"total":0,"todo":0,"active":0,"done":0,"closed":0,"blocked":0},"epic":{"total":1,"todo":1,"active":0,"done":0,"closed":0,"blocked":0},"story":{"total":4,"todo":2,"active":1,"done":1,"closed":0,"blocked":0},"task":{"total":5,"todo":3,"active":1,"done":1,"closed":0,"blocked":0}}}
===== SAMPLE 14:58:19 (elapsed 386s) =====
--- runs ---
RUN-260715-374bd8 running TASK-260715-2rhbnh [analyst] orchestrator (codex)
RUN-260715-4ba468 completed TASK-260715-21fpvo [reviewer] reviewer (codex)
RUN-260715-546f09 completed TASK-260715-21fpvo [implementer] developer (codex)
RUN-260715-7d7b8b completed TASK-260715-2uata8 [implementer] developer (codex)
RUN-260715-a48e9d completed TASK-260715-2uata8 [reviewer] reviewer (codex)
--- board ---
summary:{"active":[{"id":"STORY-260715-34y1fs","name":"orchestration","status":"analysis"},{"id":"TASK-260715-2rhbnh","name":"orchestrate-wordstats-delivery","status":"analysis"}],"blocked":[{"blockedBy":["STORY-260715-2qjqfl"],"id":"STORY-260715-1lb262","name":"delivery-documentation-and-verification"},{"blockedBy":["TASK-260715-k0ivxq"],"id":"TASK-260715-a6fnue","name":"verify-wordstats-delivery"},{"blockedBy":["TASK-260715-2uata8"],"id":"TASK-260715-k0ivxq","name":"document-wordstats-usage-and-tools"}],"byType":{"bug":{"total":0,"todo":0,"active":0,"done":0,"closed":0,"blocked":0},"epic":{"total":1,"todo":1,"active":0,"done":0,"closed":0,"blocked":0},"story":{"total":4,"todo":2,"active":1,"done":1,"closed":0,"blocked":0},"task":{"total":5,"todo":3,"active":1,"done":1,"closed":0,"blocked":0}}}
===== SAMPLE 14:58:40 (elapsed 407s) =====
--- runs ---
RUN-260715-374bd8 running TASK-260715-2rhbnh [analyst] orchestrator (codex)
RUN-260715-4ba468 completed TASK-260715-21fpvo [reviewer] reviewer (codex)
RUN-260715-546f09 completed TASK-260715-21fpvo [implementer] developer (codex)
RUN-260715-7d7b8b completed TASK-260715-2uata8 [implementer] developer (codex)
RUN-260715-a48e9d completed TASK-260715-2uata8 [reviewer] reviewer (codex)
--- board ---
summary:{"active":[{"id":"STORY-260715-34y1fs","name":"orchestration","status":"analysis"},{"id":"TASK-260715-2rhbnh","name":"orchestrate-wordstats-delivery","status":"analysis"}],"blocked":[{"blockedBy":["STORY-260715-2qjqfl"],"id":"STORY-260715-1lb262","name":"delivery-documentation-and-verification"},{"blockedBy":["TASK-260715-k0ivxq"],"id":"TASK-260715-a6fnue","name":"verify-wordstats-delivery"},{"blockedBy":["TASK-260715-2uata8"],"id":"TASK-260715-k0ivxq","name":"document-wordstats-usage-and-tools"}],"byType":{"bug":{"total":0,"todo":0,"active":0,"done":0,"closed":0,"blocked":0},"epic":{"total":1,"todo":1,"active":0,"done":0,"closed":0,"blocked":0},"story":{"total":4,"todo":2,"active":1,"done":1,"closed":0,"blocked":0},"task":{"total":5,"todo":3,"active":1,"done":1,"closed":0,"blocked":0}}}
===== SAMPLE 14:59:00 (elapsed 427s) =====
--- runs ---
RUN-260715-0cdeaa running TASK-260715-2uata8 [implementer] developer (codex)
RUN-260715-374bd8 running TASK-260715-2rhbnh [analyst] orchestrator (codex)
RUN-260715-4ba468 completed TASK-260715-21fpvo [reviewer] reviewer (codex)
RUN-260715-546f09 completed TASK-260715-21fpvo [implementer] developer (codex)
RUN-260715-7d7b8b completed TASK-260715-2uata8 [implementer] developer (codex)
RUN-260715-a48e9d completed TASK-260715-2uata8 [reviewer] reviewer (codex)
--- board ---
summary:{"active":[{"id":"STORY-260715-34y1fs","name":"orchestration","status":"analysis"},{"id":"TASK-260715-2rhbnh","name":"orchestrate-wordstats-delivery","status":"analysis"}],"blocked":[{"blockedBy":["STORY-260715-2qjqfl"],"id":"STORY-260715-1lb262","name":"delivery-documentation-and-verification"},{"blockedBy":["TASK-260715-k0ivxq"],"id":"TASK-260715-a6fnue","name":"verify-wordstats-delivery"},{"blockedBy":["TASK-260715-2uata8"],"id":"TASK-260715-k0ivxq","name":"document-wordstats-usage-and-tools"}],"byType":{"bug":{"total":0,"todo":0,"active":0,"done":0,"closed":0,"blocked":0},"epic":{"total":1,"todo":1,"active":0,"done":0,"closed":0,"blocked":0},"story":{"total":4,"todo":2,"active":1,"done":1,"closed":0,"blocked":0},"task":{"total":5,"todo":3,"active":1,"done":1,"closed":0,"blocked":0}}}
WAKE (interval elapsed, root=running)
===== SAMPLE 14:59:28 (elapsed 0s) =====
--- runs ---
RUN-260715-0cdeaa running TASK-260715-2uata8 [implementer] developer (codex)
RUN-260715-374bd8 running TASK-260715-2rhbnh [analyst] orchestrator (codex)
RUN-260715-4ba468 completed TASK-260715-21fpvo [reviewer] reviewer (codex)
RUN-260715-546f09 completed TASK-260715-21fpvo [implementer] developer (codex)
RUN-260715-7d7b8b completed TASK-260715-2uata8 [implementer] developer (codex)
RUN-260715-a48e9d completed TASK-260715-2uata8 [reviewer] reviewer (codex)
--- board ---
summary:{"active":[{"id":"STORY-260715-2qjqfl","name":"command-line-interface","status":"development"},{"id":"TASK-260715-2uata8","name":"implement-wordstats-cli","status":"development"},{"id":"STORY-260715-34y1fs","name":"orchestration","status":"analysis"},{"id":"TASK-260715-2rhbnh","name":"orchestrate-wordstats-delivery","status":"analysis"}],"blocked":[{"blockedBy":["STORY-260715-2qjqfl"],"id":"STORY-260715-1lb262","name":"delivery-documentation-and-verification"},{"blockedBy":["TASK-260715-k0ivxq"],"id":"TASK-260715-a6fnue","name":"verify-wordstats-delivery"},{"blockedBy":["TASK-260715-2uata8"],"id":"TASK-260715-k0ivxq","name":"document-wordstats-usage-and-tools"}],"byType":{"bug":{"total":0,"todo":0,"active":0,"done":0,"closed":0,"blocked":0},"epic":{"total":1,"todo":1,"active":0,"done":0,"closed":0,"blocked":0},"story":{"total":4,"todo":1,"active":2,"done":1,"closed":0,"blocked":0},"task":{"total":5,"todo":2,"active":2,"done":1,"closed":0,"blocked":0}}}
===== SAMPLE 14:59:48 (elapsed 20s) =====
--- runs ---
RUN-260715-0cdeaa running TASK-260715-2uata8 [implementer] developer (codex)
RUN-260715-374bd8 running TASK-260715-2rhbnh [analyst] orchestrator (codex)
RUN-260715-4ba468 completed TASK-260715-21fpvo [reviewer] reviewer (codex)
RUN-260715-546f09 completed TASK-260715-21fpvo [implementer] developer (codex)
RUN-260715-7d7b8b completed TASK-260715-2uata8 [implementer] developer (codex)
RUN-260715-a48e9d completed TASK-260715-2uata8 [reviewer] reviewer (codex)
--- board ---
summary:{"active":[{"id":"STORY-260715-2qjqfl","name":"command-line-interface","status":"development"},{"id":"TASK-260715-2uata8","name":"implement-wordstats-cli","status":"development"},{"id":"STORY-260715-34y1fs","name":"orchestration","status":"analysis"},{"id":"TASK-260715-2rhbnh","name":"orchestrate-wordstats-delivery","status":"analysis"}],"blocked":[{"blockedBy":["STORY-260715-2qjqfl"],"id":"STORY-260715-1lb262","name":"delivery-documentation-and-verification"},{"blockedBy":["TASK-260715-k0ivxq"],"id":"TASK-260715-a6fnue","name":"verify-wordstats-delivery"},{"blockedBy":["TASK-260715-2uata8"],"id":"TASK-260715-k0ivxq","name":"document-wordstats-usage-and-tools"}],"byType":{"bug":{"total":0,"todo":0,"active":0,"done":0,"closed":0,"blocked":0},"epic":{"total":1,"todo":1,"active":0,"done":0,"closed":0,"blocked":0},"story":{"total":4,"todo":1,"active":2,"done":1,"closed":0,"blocked":0},"task":{"total":5,"todo":2,"active":2,"done":1,"closed":0,"blocked":0}}}
===== SAMPLE 15:00:09 (elapsed 41s) =====
--- runs ---
RUN-260715-0cdeaa running TASK-260715-2uata8 [implementer] developer (codex)
RUN-260715-374bd8 running TASK-260715-2rhbnh [analyst] orchestrator (codex)
RUN-260715-4ba468 completed TASK-260715-21fpvo [reviewer] reviewer (codex)
RUN-260715-546f09 completed TASK-260715-21fpvo [implementer] developer (codex)
RUN-260715-7d7b8b completed TASK-260715-2uata8 [implementer] developer (codex)
RUN-260715-a48e9d completed TASK-260715-2uata8 [reviewer] reviewer (codex)
--- board ---
summary:{"active":[{"id":"STORY-260715-2qjqfl","name":"command-line-interface","status":"development"},{"id":"TASK-260715-2uata8","name":"implement-wordstats-cli","status":"development"},{"id":"STORY-260715-34y1fs","name":"orchestration","status":"analysis"},{"id":"TASK-260715-2rhbnh","name":"orchestrate-wordstats-delivery","status":"analysis"}],"blocked":[{"blockedBy":["STORY-260715-2qjqfl"],"id":"STORY-260715-1lb262","name":"delivery-documentation-and-verification"},{"blockedBy":["TASK-260715-k0ivxq"],"id":"TASK-260715-a6fnue","name":"verify-wordstats-delivery"},{"blockedBy":["TASK-260715-2uata8"],"id":"TASK-260715-k0ivxq","name":"document-wordstats-usage-and-tools"}],"byType":{"bug":{"total":0,"todo":0,"active":0,"done":0,"closed":0,"blocked":0},"epic":{"total":1,"todo":1,"active":0,"done":0,"closed":0,"blocked":0},"story":{"total":4,"todo":1,"active":2,"done":1,"closed":0,"blocked":0},"task":{"total":5,"todo":2,"active":2,"done":1,"closed":0,"blocked":0}}}
===== SAMPLE 15:00:29 (elapsed 61s) =====
--- runs ---
RUN-260715-0cdeaa running TASK-260715-2uata8 [implementer] developer (codex)
RUN-260715-374bd8 running TASK-260715-2rhbnh [analyst] orchestrator (codex)
RUN-260715-4ba468 completed TASK-260715-21fpvo [reviewer] reviewer (codex)
RUN-260715-546f09 completed TASK-260715-21fpvo [implementer] developer (codex)
RUN-260715-7d7b8b completed TASK-260715-2uata8 [implementer] developer (codex)
RUN-260715-a48e9d completed TASK-260715-2uata8 [reviewer] reviewer (codex)
--- board ---
summary:{"active":[{"id":"STORY-260715-2qjqfl","name":"command-line-interface","status":"development"},{"id":"TASK-260715-2uata8","name":"implement-wordstats-cli","status":"development"},{"id":"STORY-260715-34y1fs","name":"orchestration","status":"analysis"},{"id":"TASK-260715-2rhbnh","name":"orchestrate-wordstats-delivery","status":"analysis"}],"blocked":[{"blockedBy":["STORY-260715-2qjqfl"],"id":"STORY-260715-1lb262","name":"delivery-documentation-and-verification"},{"blockedBy":["TASK-260715-k0ivxq"],"id":"TASK-260715-a6fnue","name":"verify-wordstats-delivery"},{"blockedBy":["TASK-260715-2uata8"],"id":"TASK-260715-k0ivxq","name":"document-wordstats-usage-and-tools"}],"byType":{"bug":{"total":0,"todo":0,"active":0,"done":0,"closed":0,"blocked":0},"epic":{"total":1,"todo":1,"active":0,"done":0,"closed":0,"blocked":0},"story":{"total":4,"todo":1,"active":2,"done":1,"closed":0,"blocked":0},"task":{"total":5,"todo":2,"active":2,"done":1,"closed":0,"blocked":0}}}
===== SAMPLE 15:00:49 (elapsed 81s) =====
--- runs ---
RUN-260715-0cdeaa running TASK-260715-2uata8 [implementer] developer (codex)
RUN-260715-374bd8 running TASK-260715-2rhbnh [analyst] orchestrator (codex)
RUN-260715-4ba468 completed TASK-260715-21fpvo [reviewer] reviewer (codex)
RUN-260715-546f09 completed TASK-260715-21fpvo [implementer] developer (codex)
RUN-260715-7d7b8b completed TASK-260715-2uata8 [implementer] developer (codex)
RUN-260715-a48e9d completed TASK-260715-2uata8 [reviewer] reviewer (codex)
--- board ---
summary:{"active":[{"id":"STORY-260715-2qjqfl","name":"command-line-interface","status":"development"},{"id":"TASK-260715-2uata8","name":"implement-wordstats-cli","status":"development"},{"id":"STORY-260715-34y1fs","name":"orchestration","status":"analysis"},{"id":"TASK-260715-2rhbnh","name":"orchestrate-wordstats-delivery","status":"analysis"}],"blocked":[{"blockedBy":["STORY-260715-2qjqfl"],"id":"STORY-260715-1lb262","name":"delivery-documentation-and-verification"},{"blockedBy":["TASK-260715-k0ivxq"],"id":"TASK-260715-a6fnue","name":"verify-wordstats-delivery"},{"blockedBy":["TASK-260715-2uata8"],"id":"TASK-260715-k0ivxq","name":"document-wordstats-usage-and-tools"}],"byType":{"bug":{"total":0,"todo":0,"active":0,"done":0,"closed":0,"blocked":0},"epic":{"total":1,"todo":1,"active":0,"done":0,"closed":0,"blocked":0},"story":{"total":4,"todo":1,"active":2,"done":1,"closed":0,"blocked":0},"task":{"total":5,"todo":2,"active":2,"done":1,"closed":0,"blocked":0}}}
===== SAMPLE 15:01:10 (elapsed 102s) =====
--- runs ---
RUN-260715-0cdeaa running TASK-260715-2uata8 [implementer] developer (codex)
RUN-260715-374bd8 running TASK-260715-2rhbnh [analyst] orchestrator (codex)
RUN-260715-4ba468 completed TASK-260715-21fpvo [reviewer] reviewer (codex)
RUN-260715-546f09 completed TASK-260715-21fpvo [implementer] developer (codex)
RUN-260715-7d7b8b completed TASK-260715-2uata8 [implementer] developer (codex)
RUN-260715-a48e9d completed TASK-260715-2uata8 [reviewer] reviewer (codex)
--- board ---
summary:{"active":[{"id":"STORY-260715-2qjqfl","name":"command-line-interface","status":"development"},{"id":"TASK-260715-2uata8","name":"implement-wordstats-cli","status":"development"},{"id":"STORY-260715-34y1fs","name":"orchestration","status":"analysis"},{"id":"TASK-260715-2rhbnh","name":"orchestrate-wordstats-delivery","status":"analysis"}],"blocked":[{"blockedBy":["STORY-260715-2qjqfl"],"id":"STORY-260715-1lb262","name":"delivery-documentation-and-verification"},{"blockedBy":["TASK-260715-k0ivxq"],"id":"TASK-260715-a6fnue","name":"verify-wordstats-delivery"},{"blockedBy":["TASK-260715-2uata8"],"id":"TASK-260715-k0ivxq","name":"document-wordstats-usage-and-tools"}],"byType":{"bug":{"total":0,"todo":0,"active":0,"done":0,"closed":0,"blocked":0},"epic":{"total":1,"todo":1,"active":0,"done":0,"closed":0,"blocked":0},"story":{"total":4,"todo":1,"active":2,"done":1,"closed":0,"blocked":0},"task":{"total":5,"todo":2,"active":2,"done":1,"closed":0,"blocked":0}}}
===== SAMPLE 15:01:30 (elapsed 122s) =====
--- runs ---
RUN-260715-0cdeaa running TASK-260715-2uata8 [implementer] developer (codex)
RUN-260715-374bd8 running TASK-260715-2rhbnh [analyst] orchestrator (codex)
RUN-260715-4ba468 completed TASK-260715-21fpvo [reviewer] reviewer (codex)
RUN-260715-546f09 completed TASK-260715-21fpvo [implementer] developer (codex)
RUN-260715-7d7b8b completed TASK-260715-2uata8 [implementer] developer (codex)
RUN-260715-a48e9d completed TASK-260715-2uata8 [reviewer] reviewer (codex)
--- board ---
summary:{"active":[{"id":"STORY-260715-2qjqfl","name":"command-line-interface","status":"development"},{"id":"TASK-260715-2uata8","name":"implement-wordstats-cli","status":"development"},{"id":"STORY-260715-34y1fs","name":"orchestration","status":"analysis"},{"id":"TASK-260715-2rhbnh","name":"orchestrate-wordstats-delivery","status":"analysis"}],"blocked":[{"blockedBy":["STORY-260715-2qjqfl"],"id":"STORY-260715-1lb262","name":"delivery-documentation-and-verification"},{"blockedBy":["TASK-260715-k0ivxq"],"id":"TASK-260715-a6fnue","name":"verify-wordstats-delivery"},{"blockedBy":["TASK-260715-2uata8"],"id":"TASK-260715-k0ivxq","name":"document-wordstats-usage-and-tools"}],"byType":{"bug":{"total":0,"todo":0,"active":0,"done":0,"closed":0,"blocked":0},"epic":{"total":1,"todo":1,"active":0,"done":0,"closed":0,"blocked":0},"story":{"total":4,"todo":1,"active":2,"done":1,"closed":0,"blocked":0},"task":{"total":5,"todo":2,"active":2,"done":1,"closed":0,"blocked":0}}}
===== SAMPLE 15:01:50 (elapsed 142s) =====
--- runs ---
RUN-260715-0cdeaa running TASK-260715-2uata8 [implementer] developer (codex)
RUN-260715-374bd8 running TASK-260715-2rhbnh [analyst] orchestrator (codex)
RUN-260715-4ba468 completed TASK-260715-21fpvo [reviewer] reviewer (codex)
RUN-260715-546f09 completed TASK-260715-21fpvo [implementer] developer (codex)
RUN-260715-7d7b8b completed TASK-260715-2uata8 [implementer] developer (codex)
RUN-260715-a48e9d completed TASK-260715-2uata8 [reviewer] reviewer (codex)
--- board ---
summary:{"active":[{"id":"STORY-260715-2qjqfl","name":"command-line-interface","status":"development"},{"id":"TASK-260715-2uata8","name":"implement-wordstats-cli","status":"development"},{"id":"STORY-260715-34y1fs","name":"orchestration","status":"analysis"},{"id":"TASK-260715-2rhbnh","name":"orchestrate-wordstats-delivery","status":"analysis"}],"blocked":[{"blockedBy":["STORY-260715-2qjqfl"],"id":"STORY-260715-1lb262","name":"delivery-documentation-and-verification"},{"blockedBy":["TASK-260715-k0ivxq"],"id":"TASK-260715-a6fnue","name":"verify-wordstats-delivery"},{"blockedBy":["TASK-260715-2uata8"],"id":"TASK-260715-k0ivxq","name":"document-wordstats-usage-and-tools"}],"byType":{"bug":{"total":0,"todo":0,"active":0,"done":0,"closed":0,"blocked":0},"epic":{"total":1,"todo":1,"active":0,"done":0,"closed":0,"blocked":0},"story":{"total":4,"todo":1,"active":2,"done":1,"closed":0,"blocked":0},"task":{"total":5,"todo":2,"active":2,"done":1,"closed":0,"blocked":0}}}
===== SAMPLE 15:02:11 (elapsed 163s) =====
--- runs ---
RUN-260715-0cdeaa running TASK-260715-2uata8 [implementer] developer (codex)
RUN-260715-374bd8 running TASK-260715-2rhbnh [analyst] orchestrator (codex)
RUN-260715-4ba468 completed TASK-260715-21fpvo [reviewer] reviewer (codex)
RUN-260715-546f09 completed TASK-260715-21fpvo [implementer] developer (codex)
RUN-260715-7d7b8b completed TASK-260715-2uata8 [implementer] developer (codex)
RUN-260715-a48e9d completed TASK-260715-2uata8 [reviewer] reviewer (codex)
--- board ---
summary:{"active":[{"id":"STORY-260715-2qjqfl","name":"command-line-interface","status":"development"},{"id":"TASK-260715-2uata8","name":"implement-wordstats-cli","status":"development"},{"id":"STORY-260715-34y1fs","name":"orchestration","status":"analysis"},{"id":"TASK-260715-2rhbnh","name":"orchestrate-wordstats-delivery","status":"analysis"}],"blocked":[{"blockedBy":["STORY-260715-2qjqfl"],"id":"STORY-260715-1lb262","name":"delivery-documentation-and-verification"},{"blockedBy":["TASK-260715-k0ivxq"],"id":"TASK-260715-a6fnue","name":"verify-wordstats-delivery"},{"blockedBy":["TASK-260715-2uata8"],"id":"TASK-260715-k0ivxq","name":"document-wordstats-usage-and-tools"}],"byType":{"bug":{"total":0,"todo":0,"active":0,"done":0,"closed":0,"blocked":0},"epic":{"total":1,"todo":1,"active":0,"done":0,"closed":0,"blocked":0},"story":{"total":4,"todo":1,"active":2,"done":1,"closed":0,"blocked":0},"task":{"total":5,"todo":2,"active":2,"done":1,"closed":0,"blocked":0}}}
===== SAMPLE 15:02:31 (elapsed 183s) =====
--- runs ---
RUN-260715-0cdeaa running TASK-260715-2uata8 [implementer] developer (codex)
RUN-260715-374bd8 running TASK-260715-2rhbnh [analyst] orchestrator (codex)
RUN-260715-4ba468 completed TASK-260715-21fpvo [reviewer] reviewer (codex)
RUN-260715-546f09 completed TASK-260715-21fpvo [implementer] developer (codex)
RUN-260715-7d7b8b completed TASK-260715-2uata8 [implementer] developer (codex)
RUN-260715-a48e9d completed TASK-260715-2uata8 [reviewer] reviewer (codex)
--- board ---
summary:{"active":[{"id":"STORY-260715-2qjqfl","name":"command-line-interface","status":"development"},{"id":"TASK-260715-2uata8","name":"implement-wordstats-cli","status":"development"},{"id":"STORY-260715-34y1fs","name":"orchestration","status":"analysis"},{"id":"TASK-260715-2rhbnh","name":"orchestrate-wordstats-delivery","status":"analysis"}],"blocked":[{"blockedBy":["STORY-260715-2qjqfl"],"id":"STORY-260715-1lb262","name":"delivery-documentation-and-verification"},{"blockedBy":["TASK-260715-k0ivxq"],"id":"TASK-260715-a6fnue","name":"verify-wordstats-delivery"},{"blockedBy":["TASK-260715-2uata8"],"id":"TASK-260715-k0ivxq","name":"document-wordstats-usage-and-tools"}],"byType":{"bug":{"total":0,"todo":0,"active":0,"done":0,"closed":0,"blocked":0},"epic":{"total":1,"todo":1,"active":0,"done":0,"closed":0,"blocked":0},"story":{"total":4,"todo":1,"active":2,"done":1,"closed":0,"blocked":0},"task":{"total":5,"todo":2,"active":2,"done":1,"closed":0,"blocked":0}}}
===== SAMPLE 15:02:51 (elapsed 203s) =====
--- runs ---
RUN-260715-0cdeaa running TASK-260715-2uata8 [implementer] developer (codex)
RUN-260715-374bd8 running TASK-260715-2rhbnh [analyst] orchestrator (codex)
RUN-260715-4ba468 completed TASK-260715-21fpvo [reviewer] reviewer (codex)
RUN-260715-546f09 completed TASK-260715-21fpvo [implementer] developer (codex)
RUN-260715-7d7b8b completed TASK-260715-2uata8 [implementer] developer (codex)
RUN-260715-a48e9d completed TASK-260715-2uata8 [reviewer] reviewer (codex)
--- board ---
summary:{"active":[{"id":"STORY-260715-2qjqfl","name":"command-line-interface","status":"development"},{"id":"TASK-260715-2uata8","name":"implement-wordstats-cli","status":"development"},{"id":"STORY-260715-34y1fs","name":"orchestration","status":"analysis"},{"id":"TASK-260715-2rhbnh","name":"orchestrate-wordstats-delivery","status":"analysis"}],"blocked":[{"blockedBy":["STORY-260715-2qjqfl"],"id":"STORY-260715-1lb262","name":"delivery-documentation-and-verification"},{"blockedBy":["TASK-260715-k0ivxq"],"id":"TASK-260715-a6fnue","name":"verify-wordstats-delivery"},{"blockedBy":["TASK-260715-2uata8"],"id":"TASK-260715-k0ivxq","name":"document-wordstats-usage-and-tools"}],"byType":{"bug":{"total":0,"todo":0,"active":0,"done":0,"closed":0,"blocked":0},"epic":{"total":1,"todo":1,"active":0,"done":0,"closed":0,"blocked":0},"story":{"total":4,"todo":1,"active":2,"done":1,"closed":0,"blocked":0},"task":{"total":5,"todo":2,"active":2,"done":1,"closed":0,"blocked":0}}}
===== SAMPLE 15:03:12 (elapsed 224s) =====
--- runs ---
RUN-260715-0cdeaa running TASK-260715-2uata8 [implementer] developer (codex)
RUN-260715-374bd8 running TASK-260715-2rhbnh [analyst] orchestrator (codex)
RUN-260715-4ba468 completed TASK-260715-21fpvo [reviewer] reviewer (codex)
RUN-260715-546f09 completed TASK-260715-21fpvo [implementer] developer (codex)
RUN-260715-7d7b8b completed TASK-260715-2uata8 [implementer] developer (codex)
RUN-260715-a48e9d completed TASK-260715-2uata8 [reviewer] reviewer (codex)
--- board ---
summary:{"active":[{"id":"STORY-260715-2qjqfl","name":"command-line-interface","status":"development"},{"id":"TASK-260715-2uata8","name":"implement-wordstats-cli","status":"development"},{"id":"STORY-260715-34y1fs","name":"orchestration","status":"analysis"},{"id":"TASK-260715-2rhbnh","name":"orchestrate-wordstats-delivery","status":"analysis"}],"blocked":[{"blockedBy":["STORY-260715-2qjqfl"],"id":"STORY-260715-1lb262","name":"delivery-documentation-and-verification"},{"blockedBy":["TASK-260715-k0ivxq"],"id":"TASK-260715-a6fnue","name":"verify-wordstats-delivery"},{"blockedBy":["TASK-260715-2uata8"],"id":"TASK-260715-k0ivxq","name":"document-wordstats-usage-and-tools"}],"byType":{"bug":{"total":0,"todo":0,"active":0,"done":0,"closed":0,"blocked":0},"epic":{"total":1,"todo":1,"active":0,"done":0,"closed":0,"blocked":0},"story":{"total":4,"todo":1,"active":2,"done":1,"closed":0,"blocked":0},"task":{"total":5,"todo":2,"active":2,"done":1,"closed":0,"blocked":0}}}
===== SAMPLE 15:03:32 (elapsed 244s) =====
--- runs ---
RUN-260715-0cdeaa running TASK-260715-2uata8 [implementer] developer (codex)
RUN-260715-374bd8 running TASK-260715-2rhbnh [analyst] orchestrator (codex)
RUN-260715-4ba468 completed TASK-260715-21fpvo [reviewer] reviewer (codex)
RUN-260715-546f09 completed TASK-260715-21fpvo [implementer] developer (codex)
RUN-260715-7d7b8b completed TASK-260715-2uata8 [implementer] developer (codex)
RUN-260715-a48e9d completed TASK-260715-2uata8 [reviewer] reviewer (codex)
--- board ---
summary:{"active":[{"id":"STORY-260715-2qjqfl","name":"command-line-interface","status":"development"},{"id":"TASK-260715-2uata8","name":"implement-wordstats-cli","status":"development"},{"id":"STORY-260715-34y1fs","name":"orchestration","status":"analysis"},{"id":"TASK-260715-2rhbnh","name":"orchestrate-wordstats-delivery","status":"analysis"}],"blocked":[{"blockedBy":["STORY-260715-2qjqfl"],"id":"STORY-260715-1lb262","name":"delivery-documentation-and-verification"},{"blockedBy":["TASK-260715-k0ivxq"],"id":"TASK-260715-a6fnue","name":"verify-wordstats-delivery"},{"blockedBy":["TASK-260715-2uata8"],"id":"TASK-260715-k0ivxq","name":"document-wordstats-usage-and-tools"}],"byType":{"bug":{"total":0,"todo":0,"active":0,"done":0,"closed":0,"blocked":0},"epic":{"total":1,"todo":1,"active":0,"done":0,"closed":0,"blocked":0},"story":{"total":4,"todo":1,"active":2,"done":1,"closed":0,"blocked":0},"task":{"total":5,"todo":2,"active":2,"done":1,"closed":0,"blocked":0}}}
===== SAMPLE 15:03:52 (elapsed 264s) =====
--- runs ---
RUN-260715-0cdeaa running TASK-260715-2uata8 [implementer] developer (codex)
RUN-260715-374bd8 running TASK-260715-2rhbnh [analyst] orchestrator (codex)
RUN-260715-4ba468 completed TASK-260715-21fpvo [reviewer] reviewer (codex)
RUN-260715-546f09 completed TASK-260715-21fpvo [implementer] developer (codex)
RUN-260715-7d7b8b completed TASK-260715-2uata8 [implementer] developer (codex)
RUN-260715-a48e9d completed TASK-260715-2uata8 [reviewer] reviewer (codex)
--- board ---
summary:{"active":[{"id":"STORY-260715-2qjqfl","name":"command-line-interface","status":"development"},{"id":"TASK-260715-2uata8","name":"implement-wordstats-cli","status":"development"},{"id":"STORY-260715-34y1fs","name":"orchestration","status":"analysis"},{"id":"TASK-260715-2rhbnh","name":"orchestrate-wordstats-delivery","status":"analysis"}],"blocked":[{"blockedBy":["STORY-260715-2qjqfl"],"id":"STORY-260715-1lb262","name":"delivery-documentation-and-verification"},{"blockedBy":["TASK-260715-k0ivxq"],"id":"TASK-260715-a6fnue","name":"verify-wordstats-delivery"},{"blockedBy":["TASK-260715-2uata8"],"id":"TASK-260715-k0ivxq","name":"document-wordstats-usage-and-tools"}],"byType":{"bug":{"total":0,"todo":0,"active":0,"done":0,"closed":0,"blocked":0},"epic":{"total":1,"todo":1,"active":0,"done":0,"closed":0,"blocked":0},"story":{"total":4,"todo":1,"active":2,"done":1,"closed":0,"blocked":0},"task":{"total":5,"todo":2,"active":2,"done":1,"closed":0,"blocked":0}}}
===== SAMPLE 15:04:13 (elapsed 285s) =====
--- runs ---
RUN-260715-0cdeaa running TASK-260715-2uata8 [implementer] developer (codex)
RUN-260715-374bd8 running TASK-260715-2rhbnh [analyst] orchestrator (codex)
RUN-260715-4ba468 completed TASK-260715-21fpvo [reviewer] reviewer (codex)
RUN-260715-546f09 completed TASK-260715-21fpvo [implementer] developer (codex)
RUN-260715-7d7b8b completed TASK-260715-2uata8 [implementer] developer (codex)
RUN-260715-a48e9d completed TASK-260715-2uata8 [reviewer] reviewer (codex)
--- board ---
summary:{"active":[{"id":"STORY-260715-2qjqfl","name":"command-line-interface","status":"development"},{"id":"TASK-260715-2uata8","name":"implement-wordstats-cli","status":"development"},{"id":"STORY-260715-34y1fs","name":"orchestration","status":"analysis"},{"id":"TASK-260715-2rhbnh","name":"orchestrate-wordstats-delivery","status":"analysis"}],"blocked":[{"blockedBy":["STORY-260715-2qjqfl"],"id":"STORY-260715-1lb262","name":"delivery-documentation-and-verification"},{"blockedBy":["TASK-260715-k0ivxq"],"id":"TASK-260715-a6fnue","name":"verify-wordstats-delivery"},{"blockedBy":["TASK-260715-2uata8"],"id":"TASK-260715-k0ivxq","name":"document-wordstats-usage-and-tools"}],"byType":{"bug":{"total":0,"todo":0,"active":0,"done":0,"closed":0,"blocked":0},"epic":{"total":1,"todo":1,"active":0,"done":0,"closed":0,"blocked":0},"story":{"total":4,"todo":1,"active":2,"done":1,"closed":0,"blocked":0},"task":{"total":5,"todo":2,"active":2,"done":1,"closed":0,"blocked":0}}}
===== SAMPLE 15:04:33 (elapsed 305s) =====
--- runs ---
RUN-260715-0cdeaa running TASK-260715-2uata8 [implementer] developer (codex)
RUN-260715-374bd8 running TASK-260715-2rhbnh [analyst] orchestrator (codex)
RUN-260715-4ba468 completed TASK-260715-21fpvo [reviewer] reviewer (codex)
RUN-260715-546f09 completed TASK-260715-21fpvo [implementer] developer (codex)
RUN-260715-7d7b8b completed TASK-260715-2uata8 [implementer] developer (codex)
RUN-260715-a48e9d completed TASK-260715-2uata8 [reviewer] reviewer (codex)
--- board ---
summary:{"active":[{"id":"STORY-260715-2qjqfl","name":"command-line-interface","status":"development"},{"id":"TASK-260715-2uata8","name":"implement-wordstats-cli","status":"development"},{"id":"STORY-260715-34y1fs","name":"orchestration","status":"analysis"},{"id":"TASK-260715-2rhbnh","name":"orchestrate-wordstats-delivery","status":"analysis"}],"blocked":[{"blockedBy":["STORY-260715-2qjqfl"],"id":"STORY-260715-1lb262","name":"delivery-documentation-and-verification"},{"blockedBy":["TASK-260715-k0ivxq"],"id":"TASK-260715-a6fnue","name":"verify-wordstats-delivery"},{"blockedBy":["TASK-260715-2uata8"],"id":"TASK-260715-k0ivxq","name":"document-wordstats-usage-and-tools"}],"byType":{"bug":{"total":0,"todo":0,"active":0,"done":0,"closed":0,"blocked":0},"epic":{"total":1,"todo":1,"active":0,"done":0,"closed":0,"blocked":0},"story":{"total":4,"todo":1,"active":2,"done":1,"closed":0,"blocked":0},"task":{"total":5,"todo":2,"active":2,"done":1,"closed":0,"blocked":0}}}
===== SAMPLE 15:04:54 (elapsed 326s) =====
--- runs ---
RUN-260715-0cdeaa running TASK-260715-2uata8 [implementer] developer (codex)
RUN-260715-374bd8 running TASK-260715-2rhbnh [analyst] orchestrator (codex)
RUN-260715-4ba468 completed TASK-260715-21fpvo [reviewer] reviewer (codex)
RUN-260715-546f09 completed TASK-260715-21fpvo [implementer] developer (codex)
RUN-260715-7d7b8b completed TASK-260715-2uata8 [implementer] developer (codex)
RUN-260715-a48e9d completed TASK-260715-2uata8 [reviewer] reviewer (codex)
--- board ---
summary:{"active":[{"id":"STORY-260715-2qjqfl","name":"command-line-interface","status":"development"},{"id":"TASK-260715-2uata8","name":"implement-wordstats-cli","status":"development"},{"id":"STORY-260715-34y1fs","name":"orchestration","status":"analysis"},{"id":"TASK-260715-2rhbnh","name":"orchestrate-wordstats-delivery","status":"analysis"}],"blocked":[{"blockedBy":["STORY-260715-2qjqfl"],"id":"STORY-260715-1lb262","name":"delivery-documentation-and-verification"},{"blockedBy":["TASK-260715-k0ivxq"],"id":"TASK-260715-a6fnue","name":"verify-wordstats-delivery"},{"blockedBy":["TASK-260715-2uata8"],"id":"TASK-260715-k0ivxq","name":"document-wordstats-usage-and-tools"}],"byType":{"bug":{"total":0,"todo":0,"active":0,"done":0,"closed":0,"blocked":0},"epic":{"total":1,"todo":1,"active":0,"done":0,"closed":0,"blocked":0},"story":{"total":4,"todo":1,"active":2,"done":1,"closed":0,"blocked":0},"task":{"total":5,"todo":2,"active":2,"done":1,"closed":0,"blocked":0}}}
===== SAMPLE 15:05:14 (elapsed 346s) =====
--- runs ---
RUN-260715-0cdeaa running TASK-260715-2uata8 [implementer] developer (codex)
RUN-260715-374bd8 running TASK-260715-2rhbnh [analyst] orchestrator (codex)
RUN-260715-4ba468 completed TASK-260715-21fpvo [reviewer] reviewer (codex)
RUN-260715-546f09 completed TASK-260715-21fpvo [implementer] developer (codex)
RUN-260715-7d7b8b completed TASK-260715-2uata8 [implementer] developer (codex)
RUN-260715-a48e9d completed TASK-260715-2uata8 [reviewer] reviewer (codex)
--- board ---
summary:{"active":[{"id":"STORY-260715-2qjqfl","name":"command-line-interface","status":"development"},{"id":"TASK-260715-2uata8","name":"implement-wordstats-cli","status":"development"},{"id":"STORY-260715-34y1fs","name":"orchestration","status":"analysis"},{"id":"TASK-260715-2rhbnh","name":"orchestrate-wordstats-delivery","status":"analysis"}],"blocked":[{"blockedBy":["STORY-260715-2qjqfl"],"id":"STORY-260715-1lb262","name":"delivery-documentation-and-verification"},{"blockedBy":["TASK-260715-k0ivxq"],"id":"TASK-260715-a6fnue","name":"verify-wordstats-delivery"},{"blockedBy":["TASK-260715-2uata8"],"id":"TASK-260715-k0ivxq","name":"document-wordstats-usage-and-tools"}],"byType":{"bug":{"total":0,"todo":0,"active":0,"done":0,"closed":0,"blocked":0},"epic":{"total":1,"todo":1,"active":0,"done":0,"closed":0,"blocked":0},"story":{"total":4,"todo":1,"active":2,"done":1,"closed":0,"blocked":0},"task":{"total":5,"todo":2,"active":2,"done":1,"closed":0,"blocked":0}}}
===== SAMPLE 15:05:34 (elapsed 366s) =====
--- runs ---
RUN-260715-0cdeaa running TASK-260715-2uata8 [implementer] developer (codex)
RUN-260715-374bd8 running TASK-260715-2rhbnh [analyst] orchestrator (codex)
RUN-260715-4ba468 completed TASK-260715-21fpvo [reviewer] reviewer (codex)
RUN-260715-546f09 completed TASK-260715-21fpvo [implementer] developer (codex)
RUN-260715-7d7b8b completed TASK-260715-2uata8 [implementer] developer (codex)
RUN-260715-a48e9d completed TASK-260715-2uata8 [reviewer] reviewer (codex)
--- board ---
summary:{"active":[{"id":"STORY-260715-2qjqfl","name":"command-line-interface","status":"development"},{"id":"TASK-260715-2uata8","name":"implement-wordstats-cli","status":"development"},{"id":"STORY-260715-34y1fs","name":"orchestration","status":"analysis"},{"id":"TASK-260715-2rhbnh","name":"orchestrate-wordstats-delivery","status":"analysis"}],"blocked":[{"blockedBy":["STORY-260715-2qjqfl"],"id":"STORY-260715-1lb262","name":"delivery-documentation-and-verification"},{"blockedBy":["TASK-260715-k0ivxq"],"id":"TASK-260715-a6fnue","name":"verify-wordstats-delivery"},{"blockedBy":["TASK-260715-2uata8"],"id":"TASK-260715-k0ivxq","name":"document-wordstats-usage-and-tools"}],"byType":{"bug":{"total":0,"todo":0,"active":0,"done":0,"closed":0,"blocked":0},"epic":{"total":1,"todo":1,"active":0,"done":0,"closed":0,"blocked":0},"story":{"total":4,"todo":1,"active":2,"done":1,"closed":0,"blocked":0},"task":{"total":5,"todo":2,"active":2,"done":1,"closed":0,"blocked":0}}}
===== SAMPLE 15:05:55 (elapsed 387s) =====
--- runs ---
RUN-260715-0cdeaa running TASK-260715-2uata8 [implementer] developer (codex)
RUN-260715-374bd8 running TASK-260715-2rhbnh [analyst] orchestrator (codex)
RUN-260715-4ba468 completed TASK-260715-21fpvo [reviewer] reviewer (codex)
RUN-260715-546f09 completed TASK-260715-21fpvo [implementer] developer (codex)
RUN-260715-7d7b8b completed TASK-260715-2uata8 [implementer] developer (codex)
RUN-260715-a48e9d completed TASK-260715-2uata8 [reviewer] reviewer (codex)
--- board ---
summary:{"active":[{"id":"STORY-260715-2qjqfl","name":"command-line-interface","status":"development"},{"id":"TASK-260715-2uata8","name":"implement-wordstats-cli","status":"development"},{"id":"STORY-260715-34y1fs","name":"orchestration","status":"analysis"},{"id":"TASK-260715-2rhbnh","name":"orchestrate-wordstats-delivery","status":"analysis"}],"blocked":[{"blockedBy":["STORY-260715-2qjqfl"],"id":"STORY-260715-1lb262","name":"delivery-documentation-and-verification"},{"blockedBy":["TASK-260715-k0ivxq"],"id":"TASK-260715-a6fnue","name":"verify-wordstats-delivery"},{"blockedBy":["TASK-260715-2uata8"],"id":"TASK-260715-k0ivxq","name":"document-wordstats-usage-and-tools"}],"byType":{"bug":{"total":0,"todo":0,"active":0,"done":0,"closed":0,"blocked":0},"epic":{"total":1,"todo":1,"active":0,"done":0,"closed":0,"blocked":0},"story":{"total":4,"todo":1,"active":2,"done":1,"closed":0,"blocked":0},"task":{"total":5,"todo":2,"active":2,"done":1,"closed":0,"blocked":0}}}
===== SAMPLE 15:06:15 (elapsed 407s) =====
--- runs ---
RUN-260715-0cdeaa running TASK-260715-2uata8 [implementer] developer (codex)
RUN-260715-374bd8 running TASK-260715-2rhbnh [analyst] orchestrator (codex)
RUN-260715-4ba468 completed TASK-260715-21fpvo [reviewer] reviewer (codex)
RUN-260715-546f09 completed TASK-260715-21fpvo [implementer] developer (codex)
RUN-260715-7d7b8b completed TASK-260715-2uata8 [implementer] developer (codex)
RUN-260715-a48e9d completed TASK-260715-2uata8 [reviewer] reviewer (codex)
--- board ---
summary:{"active":[{"id":"STORY-260715-2qjqfl","name":"command-line-interface","status":"development"},{"id":"TASK-260715-2uata8","name":"implement-wordstats-cli","status":"development"},{"id":"STORY-260715-34y1fs","name":"orchestration","status":"analysis"},{"id":"TASK-260715-2rhbnh","name":"orchestrate-wordstats-delivery","status":"analysis"}],"blocked":[{"blockedBy":["STORY-260715-2qjqfl"],"id":"STORY-260715-1lb262","name":"delivery-documentation-and-verification"},{"blockedBy":["TASK-260715-k0ivxq"],"id":"TASK-260715-a6fnue","name":"verify-wordstats-delivery"},{"blockedBy":["TASK-260715-2uata8"],"id":"TASK-260715-k0ivxq","name":"document-wordstats-usage-and-tools"}],"byType":{"bug":{"total":0,"todo":0,"active":0,"done":0,"closed":0,"blocked":0},"epic":{"total":1,"todo":1,"active":0,"done":0,"closed":0,"blocked":0},"story":{"total":4,"todo":1,"active":2,"done":1,"closed":0,"blocked":0},"task":{"total":5,"todo":2,"active":2,"done":1,"closed":0,"blocked":0}}}
===== SAMPLE 15:06:36 (elapsed 428s) =====
--- runs ---
RUN-260715-0cdeaa running TASK-260715-2uata8 [implementer] developer (codex)
RUN-260715-374bd8 running TASK-260715-2rhbnh [analyst] orchestrator (codex)
RUN-260715-4ba468 completed TASK-260715-21fpvo [reviewer] reviewer (codex)
RUN-260715-546f09 completed TASK-260715-21fpvo [implementer] developer (codex)
RUN-260715-7d7b8b completed TASK-260715-2uata8 [implementer] developer (codex)
RUN-260715-a48e9d completed TASK-260715-2uata8 [reviewer] reviewer (codex)
--- board ---
summary:{"active":[{"id":"STORY-260715-2qjqfl","name":"command-line-interface","status":"development"},{"id":"TASK-260715-2uata8","name":"implement-wordstats-cli","status":"development"},{"id":"STORY-260715-34y1fs","name":"orchestration","status":"analysis"},{"id":"TASK-260715-2rhbnh","name":"orchestrate-wordstats-delivery","status":"analysis"}],"blocked":[{"blockedBy":["STORY-260715-2qjqfl"],"id":"STORY-260715-1lb262","name":"delivery-documentation-and-verification"},{"blockedBy":["TASK-260715-k0ivxq"],"id":"TASK-260715-a6fnue","name":"verify-wordstats-delivery"},{"blockedBy":["TASK-260715-2uata8"],"id":"TASK-260715-k0ivxq","name":"document-wordstats-usage-and-tools"}],"byType":{"bug":{"total":0,"todo":0,"active":0,"done":0,"closed":0,"blocked":0},"epic":{"total":1,"todo":1,"active":0,"done":0,"closed":0,"blocked":0},"story":{"total":4,"todo":1,"active":2,"done":1,"closed":0,"blocked":0},"task":{"total":5,"todo":2,"active":2,"done":1,"closed":0,"blocked":0}}}
WAKE (interval elapsed, root=running)
===== SAMPLE 15:06:53 (elapsed 0s) =====
--- runs ---
RUN-260715-0cdeaa running TASK-260715-2uata8 [implementer] developer (codex)
RUN-260715-374bd8 running TASK-260715-2rhbnh [analyst] orchestrator (codex)
RUN-260715-4ba468 completed TASK-260715-21fpvo [reviewer] reviewer (codex)
RUN-260715-546f09 completed TASK-260715-21fpvo [implementer] developer (codex)
RUN-260715-7d7b8b completed TASK-260715-2uata8 [implementer] developer (codex)
RUN-260715-a48e9d completed TASK-260715-2uata8 [reviewer] reviewer (codex)
--- board ---
summary:{"active":[{"id":"STORY-260715-2qjqfl","name":"command-line-interface","status":"development"},{"id":"TASK-260715-2uata8","name":"implement-wordstats-cli","status":"development"},{"id":"STORY-260715-34y1fs","name":"orchestration","status":"analysis"},{"id":"TASK-260715-2rhbnh","name":"orchestrate-wordstats-delivery","status":"analysis"}],"blocked":[{"blockedBy":["STORY-260715-2qjqfl"],"id":"STORY-260715-1lb262","name":"delivery-documentation-and-verification"},{"blockedBy":["TASK-260715-k0ivxq"],"id":"TASK-260715-a6fnue","name":"verify-wordstats-delivery"},{"blockedBy":["TASK-260715-2uata8"],"id":"TASK-260715-k0ivxq","name":"document-wordstats-usage-and-tools"}],"byType":{"bug":{"total":0,"todo":0,"active":0,"done":0,"closed":0,"blocked":0},"epic":{"total":1,"todo":1,"active":0,"done":0,"closed":0,"blocked":0},"story":{"total":4,"todo":1,"active":2,"done":1,"closed":0,"blocked":0},"task":{"total":5,"todo":2,"active":2,"done":1,"closed":0,"blocked":0}}}
===== SAMPLE 15:07:14 (elapsed 21s) =====
--- runs ---
RUN-260715-0cdeaa running TASK-260715-2uata8 [implementer] developer (codex)
RUN-260715-374bd8 running TASK-260715-2rhbnh [analyst] orchestrator (codex)
RUN-260715-4ba468 completed TASK-260715-21fpvo [reviewer] reviewer (codex)
RUN-260715-546f09 completed TASK-260715-21fpvo [implementer] developer (codex)
RUN-260715-7d7b8b completed TASK-260715-2uata8 [implementer] developer (codex)
RUN-260715-a48e9d completed TASK-260715-2uata8 [reviewer] reviewer (codex)
--- board ---
summary:{"active":[{"id":"STORY-260715-2qjqfl","name":"command-line-interface","status":"to-review"},{"id":"TASK-260715-2uata8","name":"implement-wordstats-cli","status":"to-review"},{"id":"STORY-260715-34y1fs","name":"orchestration","status":"analysis"},{"id":"TASK-260715-2rhbnh","name":"orchestrate-wordstats-delivery","status":"analysis"}],"blocked":[{"blockedBy":["STORY-260715-2qjqfl"],"id":"STORY-260715-1lb262","name":"delivery-documentation-and-verification"},{"blockedBy":["TASK-260715-k0ivxq"],"id":"TASK-260715-a6fnue","name":"verify-wordstats-delivery"},{"blockedBy":["TASK-260715-2uata8"],"id":"TASK-260715-k0ivxq","name":"document-wordstats-usage-and-tools"}],"byType":{"bug":{"total":0,"todo":0,"active":0,"done":0,"closed":0,"blocked":0},"epic":{"total":1,"todo":1,"active":0,"done":0,"closed":0,"blocked":0},"story":{"total":4,"todo":1,"active":2,"done":1,"closed":0,"blocked":0},"task":{"total":5,"todo":2,"active":2,"done":1,"closed":0,"blocked":0}}}
===== SAMPLE 15:07:34 (elapsed 41s) =====
--- runs ---
RUN-260715-07faff running TASK-260715-2uata8 [reviewer] reviewer (codex)
RUN-260715-0cdeaa completed TASK-260715-2uata8 [implementer] developer (codex)
RUN-260715-374bd8 running TASK-260715-2rhbnh [analyst] orchestrator (codex)
RUN-260715-4ba468 completed TASK-260715-21fpvo [reviewer] reviewer (codex)
RUN-260715-546f09 completed TASK-260715-21fpvo [implementer] developer (codex)
RUN-260715-7d7b8b completed TASK-260715-2uata8 [implementer] developer (codex)
RUN-260715-a48e9d completed TASK-260715-2uata8 [reviewer] reviewer (codex)
--- board ---
summary:{"active":[{"id":"STORY-260715-2qjqfl","name":"command-line-interface","status":"to-review"},{"id":"TASK-260715-2uata8","name":"implement-wordstats-cli","status":"to-review"},{"id":"STORY-260715-34y1fs","name":"orchestration","status":"analysis"},{"id":"TASK-260715-2rhbnh","name":"orchestrate-wordstats-delivery","status":"analysis"}],"blocked":[{"blockedBy":["STORY-260715-2qjqfl"],"id":"STORY-260715-1lb262","name":"delivery-documentation-and-verification"},{"blockedBy":["TASK-260715-k0ivxq"],"id":"TASK-260715-a6fnue","name":"verify-wordstats-delivery"},{"blockedBy":["TASK-260715-2uata8"],"id":"TASK-260715-k0ivxq","name":"document-wordstats-usage-and-tools"}],"byType":{"bug":{"total":0,"todo":0,"active":0,"done":0,"closed":0,"blocked":0},"epic":{"total":1,"todo":1,"active":0,"done":0,"closed":0,"blocked":0},"story":{"total":4,"todo":1,"active":2,"done":1,"closed":0,"blocked":0},"task":{"total":5,"todo":2,"active":2,"done":1,"closed":0,"blocked":0}}}
===== SAMPLE 15:07:54 (elapsed 61s) =====
--- runs ---
RUN-260715-07faff running TASK-260715-2uata8 [reviewer] reviewer (codex)
RUN-260715-0cdeaa completed TASK-260715-2uata8 [implementer] developer (codex)
RUN-260715-374bd8 running TASK-260715-2rhbnh [analyst] orchestrator (codex)
RUN-260715-4ba468 completed TASK-260715-21fpvo [reviewer] reviewer (codex)
RUN-260715-546f09 completed TASK-260715-21fpvo [implementer] developer (codex)
RUN-260715-7d7b8b completed TASK-260715-2uata8 [implementer] developer (codex)
RUN-260715-a48e9d completed TASK-260715-2uata8 [reviewer] reviewer (codex)
--- board ---
summary:{"active":[{"id":"STORY-260715-2qjqfl","name":"command-line-interface","status":"reviewing"},{"id":"TASK-260715-2uata8","name":"implement-wordstats-cli","status":"reviewing"},{"id":"STORY-260715-34y1fs","name":"orchestration","status":"analysis"},{"id":"TASK-260715-2rhbnh","name":"orchestrate-wordstats-delivery","status":"analysis"}],"blocked":[{"blockedBy":["STORY-260715-2qjqfl"],"id":"STORY-260715-1lb262","name":"delivery-documentation-and-verification"},{"blockedBy":["TASK-260715-k0ivxq"],"id":"TASK-260715-a6fnue","name":"verify-wordstats-delivery"},{"blockedBy":["TASK-260715-2uata8"],"id":"TASK-260715-k0ivxq","name":"document-wordstats-usage-and-tools"}],"byType":{"bug":{"total":0,"todo":0,"active":0,"done":0,"closed":0,"blocked":0},"epic":{"total":1,"todo":1,"active":0,"done":0,"closed":0,"blocked":0},"story":{"total":4,"todo":1,"active":2,"done":1,"closed":0,"blocked":0},"task":{"total":5,"todo":2,"active":2,"done":1,"closed":0,"blocked":0}}}
===== SAMPLE 15:08:15 (elapsed 82s) =====
--- runs ---
RUN-260715-07faff running TASK-260715-2uata8 [reviewer] reviewer (codex)
RUN-260715-0cdeaa completed TASK-260715-2uata8 [implementer] developer (codex)
RUN-260715-374bd8 running TASK-260715-2rhbnh [analyst] orchestrator (codex)
RUN-260715-4ba468 completed TASK-260715-21fpvo [reviewer] reviewer (codex)
RUN-260715-546f09 completed TASK-260715-21fpvo [implementer] developer (codex)
RUN-260715-7d7b8b completed TASK-260715-2uata8 [implementer] developer (codex)
RUN-260715-a48e9d completed TASK-260715-2uata8 [reviewer] reviewer (codex)
--- board ---
summary:{"active":[{"id":"STORY-260715-2qjqfl","name":"command-line-interface","status":"reviewing"},{"id":"TASK-260715-2uata8","name":"implement-wordstats-cli","status":"reviewing"},{"id":"STORY-260715-34y1fs","name":"orchestration","status":"analysis"},{"id":"TASK-260715-2rhbnh","name":"orchestrate-wordstats-delivery","status":"analysis"}],"blocked":[{"blockedBy":["STORY-260715-2qjqfl"],"id":"STORY-260715-1lb262","name":"delivery-documentation-and-verification"},{"blockedBy":["TASK-260715-k0ivxq"],"id":"TASK-260715-a6fnue","name":"verify-wordstats-delivery"},{"blockedBy":["TASK-260715-2uata8"],"id":"TASK-260715-k0ivxq","name":"document-wordstats-usage-and-tools"}],"byType":{"bug":{"total":0,"todo":0,"active":0,"done":0,"closed":0,"blocked":0},"epic":{"total":1,"todo":1,"active":0,"done":0,"closed":0,"blocked":0},"story":{"total":4,"todo":1,"active":2,"done":1,"closed":0,"blocked":0},"task":{"total":5,"todo":2,"active":2,"done":1,"closed":0,"blocked":0}}}
===== SAMPLE 15:08:35 (elapsed 102s) =====
--- runs ---
RUN-260715-07faff running TASK-260715-2uata8 [reviewer] reviewer (codex)
RUN-260715-0cdeaa completed TASK-260715-2uata8 [implementer] developer (codex)
RUN-260715-374bd8 running TASK-260715-2rhbnh [analyst] orchestrator (codex)
RUN-260715-4ba468 completed TASK-260715-21fpvo [reviewer] reviewer (codex)
RUN-260715-546f09 completed TASK-260715-21fpvo [implementer] developer (codex)
RUN-260715-7d7b8b completed TASK-260715-2uata8 [implementer] developer (codex)
RUN-260715-a48e9d completed TASK-260715-2uata8 [reviewer] reviewer (codex)
--- board ---
summary:{"active":[{"id":"STORY-260715-2qjqfl","name":"command-line-interface","status":"reviewing"},{"id":"TASK-260715-2uata8","name":"implement-wordstats-cli","status":"reviewing"},{"id":"STORY-260715-34y1fs","name":"orchestration","status":"analysis"},{"id":"TASK-260715-2rhbnh","name":"orchestrate-wordstats-delivery","status":"analysis"}],"blocked":[{"blockedBy":["STORY-260715-2qjqfl"],"id":"STORY-260715-1lb262","name":"delivery-documentation-and-verification"},{"blockedBy":["TASK-260715-k0ivxq"],"id":"TASK-260715-a6fnue","name":"verify-wordstats-delivery"},{"blockedBy":["TASK-260715-2uata8"],"id":"TASK-260715-k0ivxq","name":"document-wordstats-usage-and-tools"}],"byType":{"bug":{"total":0,"todo":0,"active":0,"done":0,"closed":0,"blocked":0},"epic":{"total":1,"todo":1,"active":0,"done":0,"closed":0,"blocked":0},"story":{"total":4,"todo":1,"active":2,"done":1,"closed":0,"blocked":0},"task":{"total":5,"todo":2,"active":2,"done":1,"closed":0,"blocked":0}}}
===== SAMPLE 15:08:56 (elapsed 123s) =====
--- runs ---
RUN-260715-07faff running TASK-260715-2uata8 [reviewer] reviewer (codex)
RUN-260715-0cdeaa completed TASK-260715-2uata8 [implementer] developer (codex)
RUN-260715-374bd8 running TASK-260715-2rhbnh [analyst] orchestrator (codex)
RUN-260715-4ba468 completed TASK-260715-21fpvo [reviewer] reviewer (codex)
RUN-260715-546f09 completed TASK-260715-21fpvo [implementer] developer (codex)
RUN-260715-7d7b8b completed TASK-260715-2uata8 [implementer] developer (codex)
RUN-260715-a48e9d completed TASK-260715-2uata8 [reviewer] reviewer (codex)
--- board ---
summary:{"active":[{"id":"STORY-260715-2qjqfl","name":"command-line-interface","status":"reviewing"},{"id":"TASK-260715-2uata8","name":"implement-wordstats-cli","status":"reviewing"},{"id":"STORY-260715-34y1fs","name":"orchestration","status":"analysis"},{"id":"TASK-260715-2rhbnh","name":"orchestrate-wordstats-delivery","status":"analysis"}],"blocked":[{"blockedBy":["STORY-260715-2qjqfl"],"id":"STORY-260715-1lb262","name":"delivery-documentation-and-verification"},{"blockedBy":["TASK-260715-k0ivxq"],"id":"TASK-260715-a6fnue","name":"verify-wordstats-delivery"},{"blockedBy":["TASK-260715-2uata8"],"id":"TASK-260715-k0ivxq","name":"document-wordstats-usage-and-tools"}],"byType":{"bug":{"total":0,"todo":0,"active":0,"done":0,"closed":0,"blocked":0},"epic":{"total":1,"todo":1,"active":0,"done":0,"closed":0,"blocked":0},"story":{"total":4,"todo":1,"active":2,"done":1,"closed":0,"blocked":0},"task":{"total":5,"todo":2,"active":2,"done":1,"closed":0,"blocked":0}}}
===== SAMPLE 15:09:16 (elapsed 143s) =====
--- runs ---
RUN-260715-07faff running TASK-260715-2uata8 [reviewer] reviewer (codex)
RUN-260715-0cdeaa completed TASK-260715-2uata8 [implementer] developer (codex)
RUN-260715-374bd8 running TASK-260715-2rhbnh [analyst] orchestrator (codex)
RUN-260715-4ba468 completed TASK-260715-21fpvo [reviewer] reviewer (codex)
RUN-260715-546f09 completed TASK-260715-21fpvo [implementer] developer (codex)
RUN-260715-7d7b8b completed TASK-260715-2uata8 [implementer] developer (codex)
RUN-260715-a48e9d completed TASK-260715-2uata8 [reviewer] reviewer (codex)
--- board ---
summary:{"active":[{"id":"STORY-260715-2qjqfl","name":"command-line-interface","status":"reviewing"},{"id":"TASK-260715-2uata8","name":"implement-wordstats-cli","status":"reviewing"},{"id":"STORY-260715-34y1fs","name":"orchestration","status":"analysis"},{"id":"TASK-260715-2rhbnh","name":"orchestrate-wordstats-delivery","status":"analysis"}],"blocked":[{"blockedBy":["STORY-260715-2qjqfl"],"id":"STORY-260715-1lb262","name":"delivery-documentation-and-verification"},{"blockedBy":["TASK-260715-k0ivxq"],"id":"TASK-260715-a6fnue","name":"verify-wordstats-delivery"},{"blockedBy":["TASK-260715-2uata8"],"id":"TASK-260715-k0ivxq","name":"document-wordstats-usage-and-tools"}],"byType":{"bug":{"total":0,"todo":0,"active":0,"done":0,"closed":0,"blocked":0},"epic":{"total":1,"todo":1,"active":0,"done":0,"closed":0,"blocked":0},"story":{"total":4,"todo":1,"active":2,"done":1,"closed":0,"blocked":0},"task":{"total":5,"todo":2,"active":2,"done":1,"closed":0,"blocked":0}}}
===== SAMPLE 15:09:36 (elapsed 163s) =====
--- runs ---
RUN-260715-07faff running TASK-260715-2uata8 [reviewer] reviewer (codex)
RUN-260715-0cdeaa completed TASK-260715-2uata8 [implementer] developer (codex)
RUN-260715-374bd8 running TASK-260715-2rhbnh [analyst] orchestrator (codex)
RUN-260715-4ba468 completed TASK-260715-21fpvo [reviewer] reviewer (codex)
RUN-260715-546f09 completed TASK-260715-21fpvo [implementer] developer (codex)
RUN-260715-7d7b8b completed TASK-260715-2uata8 [implementer] developer (codex)
RUN-260715-a48e9d completed TASK-260715-2uata8 [reviewer] reviewer (codex)
--- board ---
summary:{"active":[{"id":"STORY-260715-2qjqfl","name":"command-line-interface","status":"reviewing"},{"id":"TASK-260715-2uata8","name":"implement-wordstats-cli","status":"reviewing"},{"id":"STORY-260715-34y1fs","name":"orchestration","status":"analysis"},{"id":"TASK-260715-2rhbnh","name":"orchestrate-wordstats-delivery","status":"analysis"}],"blocked":[{"blockedBy":["STORY-260715-2qjqfl"],"id":"STORY-260715-1lb262","name":"delivery-documentation-and-verification"},{"blockedBy":["TASK-260715-k0ivxq"],"id":"TASK-260715-a6fnue","name":"verify-wordstats-delivery"},{"blockedBy":["TASK-260715-2uata8"],"id":"TASK-260715-k0ivxq","name":"document-wordstats-usage-and-tools"}],"byType":{"bug":{"total":0,"todo":0,"active":0,"done":0,"closed":0,"blocked":0},"epic":{"total":1,"todo":1,"active":0,"done":0,"closed":0,"blocked":0},"story":{"total":4,"todo":1,"active":2,"done":1,"closed":0,"blocked":0},"task":{"total":5,"todo":2,"active":2,"done":1,"closed":0,"blocked":0}}}
===== SAMPLE 15:09:57 (elapsed 184s) =====
--- runs ---
RUN-260715-07faff running TASK-260715-2uata8 [reviewer] reviewer (codex)
RUN-260715-0cdeaa completed TASK-260715-2uata8 [implementer] developer (codex)
RUN-260715-374bd8 running TASK-260715-2rhbnh [analyst] orchestrator (codex)
RUN-260715-4ba468 completed TASK-260715-21fpvo [reviewer] reviewer (codex)
RUN-260715-546f09 completed TASK-260715-21fpvo [implementer] developer (codex)
RUN-260715-7d7b8b completed TASK-260715-2uata8 [implementer] developer (codex)
RUN-260715-a48e9d completed TASK-260715-2uata8 [reviewer] reviewer (codex)
--- board ---
summary:{"active":[{"id":"STORY-260715-2qjqfl","name":"command-line-interface","status":"reviewing"},{"id":"TASK-260715-2uata8","name":"implement-wordstats-cli","status":"reviewing"},{"id":"STORY-260715-34y1fs","name":"orchestration","status":"analysis"},{"id":"TASK-260715-2rhbnh","name":"orchestrate-wordstats-delivery","status":"analysis"}],"blocked":[{"blockedBy":["STORY-260715-2qjqfl"],"id":"STORY-260715-1lb262","name":"delivery-documentation-and-verification"},{"blockedBy":["TASK-260715-k0ivxq"],"id":"TASK-260715-a6fnue","name":"verify-wordstats-delivery"},{"blockedBy":["TASK-260715-2uata8"],"id":"TASK-260715-k0ivxq","name":"document-wordstats-usage-and-tools"}],"byType":{"bug":{"total":0,"todo":0,"active":0,"done":0,"closed":0,"blocked":0},"epic":{"total":1,"todo":1,"active":0,"done":0,"closed":0,"blocked":0},"story":{"total":4,"todo":1,"active":2,"done":1,"closed":0,"blocked":0},"task":{"total":5,"todo":2,"active":2,"done":1,"closed":0,"blocked":0}}}
===== SAMPLE 15:10:17 (elapsed 204s) =====
--- runs ---
RUN-260715-07faff running TASK-260715-2uata8 [reviewer] reviewer (codex)
RUN-260715-0cdeaa completed TASK-260715-2uata8 [implementer] developer (codex)
RUN-260715-374bd8 running TASK-260715-2rhbnh [analyst] orchestrator (codex)
RUN-260715-4ba468 completed TASK-260715-21fpvo [reviewer] reviewer (codex)
RUN-260715-546f09 completed TASK-260715-21fpvo [implementer] developer (codex)
RUN-260715-7d7b8b completed TASK-260715-2uata8 [implementer] developer (codex)
RUN-260715-a48e9d completed TASK-260715-2uata8 [reviewer] reviewer (codex)
--- board ---
summary:{"active":[{"id":"STORY-260715-2qjqfl","name":"command-line-interface","status":"reviewing"},{"id":"TASK-260715-2uata8","name":"implement-wordstats-cli","status":"reviewing"},{"id":"STORY-260715-34y1fs","name":"orchestration","status":"analysis"},{"id":"TASK-260715-2rhbnh","name":"orchestrate-wordstats-delivery","status":"analysis"}],"blocked":[{"blockedBy":["STORY-260715-2qjqfl"],"id":"STORY-260715-1lb262","name":"delivery-documentation-and-verification"},{"blockedBy":["TASK-260715-k0ivxq"],"id":"TASK-260715-a6fnue","name":"verify-wordstats-delivery"},{"blockedBy":["TASK-260715-2uata8"],"id":"TASK-260715-k0ivxq","name":"document-wordstats-usage-and-tools"}],"byType":{"bug":{"total":0,"todo":0,"active":0,"done":0,"closed":0,"blocked":0},"epic":{"total":1,"todo":1,"active":0,"done":0,"closed":0,"blocked":0},"story":{"total":4,"todo":1,"active":2,"done":1,"closed":0,"blocked":0},"task":{"total":5,"todo":2,"active":2,"done":1,"closed":0,"blocked":0}}}
===== SAMPLE 15:10:38 (elapsed 225s) =====
--- runs ---
RUN-260715-07faff running TASK-260715-2uata8 [reviewer] reviewer (codex)
RUN-260715-0cdeaa completed TASK-260715-2uata8 [implementer] developer (codex)
RUN-260715-374bd8 running TASK-260715-2rhbnh [analyst] orchestrator (codex)
RUN-260715-4ba468 completed TASK-260715-21fpvo [reviewer] reviewer (codex)
RUN-260715-546f09 completed TASK-260715-21fpvo [implementer] developer (codex)
RUN-260715-7d7b8b completed TASK-260715-2uata8 [implementer] developer (codex)
RUN-260715-a48e9d completed TASK-260715-2uata8 [reviewer] reviewer (codex)
--- board ---
summary:{"active":[{"id":"STORY-260715-2qjqfl","name":"command-line-interface","status":"reviewing"},{"id":"TASK-260715-2uata8","name":"implement-wordstats-cli","status":"reviewing"},{"id":"STORY-260715-34y1fs","name":"orchestration","status":"analysis"},{"id":"TASK-260715-2rhbnh","name":"orchestrate-wordstats-delivery","status":"analysis"}],"blocked":[{"blockedBy":["STORY-260715-2qjqfl"],"id":"STORY-260715-1lb262","name":"delivery-documentation-and-verification"},{"blockedBy":["TASK-260715-k0ivxq"],"id":"TASK-260715-a6fnue","name":"verify-wordstats-delivery"},{"blockedBy":["TASK-260715-2uata8"],"id":"TASK-260715-k0ivxq","name":"document-wordstats-usage-and-tools"}],"byType":{"bug":{"total":0,"todo":0,"active":0,"done":0,"closed":0,"blocked":0},"epic":{"total":1,"todo":1,"active":0,"done":0,"closed":0,"blocked":0},"story":{"total":4,"todo":1,"active":2,"done":1,"closed":0,"blocked":0},"task":{"total":5,"todo":2,"active":2,"done":1,"closed":0,"blocked":0}}}
===== SAMPLE 15:10:58 (elapsed 245s) =====
--- runs ---
RUN-260715-07faff running TASK-260715-2uata8 [reviewer] reviewer (codex)
RUN-260715-0cdeaa completed TASK-260715-2uata8 [implementer] developer (codex)
RUN-260715-374bd8 running TASK-260715-2rhbnh [analyst] orchestrator (codex)
RUN-260715-4ba468 completed TASK-260715-21fpvo [reviewer] reviewer (codex)
RUN-260715-546f09 completed TASK-260715-21fpvo [implementer] developer (codex)
RUN-260715-7d7b8b completed TASK-260715-2uata8 [implementer] developer (codex)
RUN-260715-a48e9d completed TASK-260715-2uata8 [reviewer] reviewer (codex)
--- board ---
summary:{"active":[{"id":"STORY-260715-2qjqfl","name":"command-line-interface","status":"reviewing"},{"id":"TASK-260715-2uata8","name":"implement-wordstats-cli","status":"reviewing"},{"id":"STORY-260715-34y1fs","name":"orchestration","status":"analysis"},{"id":"TASK-260715-2rhbnh","name":"orchestrate-wordstats-delivery","status":"analysis"}],"blocked":[{"blockedBy":["STORY-260715-2qjqfl"],"id":"STORY-260715-1lb262","name":"delivery-documentation-and-verification"},{"blockedBy":["TASK-260715-k0ivxq"],"id":"TASK-260715-a6fnue","name":"verify-wordstats-delivery"},{"blockedBy":["TASK-260715-2uata8"],"id":"TASK-260715-k0ivxq","name":"document-wordstats-usage-and-tools"}],"byType":{"bug":{"total":0,"todo":0,"active":0,"done":0,"closed":0,"blocked":0},"epic":{"total":1,"todo":1,"active":0,"done":0,"closed":0,"blocked":0},"story":{"total":4,"todo":1,"active":2,"done":1,"closed":0,"blocked":0},"task":{"total":5,"todo":2,"active":2,"done":1,"closed":0,"blocked":0}}}
===== SAMPLE 15:11:18 (elapsed 265s) =====
--- runs ---
RUN-260715-07faff running TASK-260715-2uata8 [reviewer] reviewer (codex)
RUN-260715-0cdeaa completed TASK-260715-2uata8 [implementer] developer (codex)
RUN-260715-374bd8 running TASK-260715-2rhbnh [analyst] orchestrator (codex)
RUN-260715-4ba468 completed TASK-260715-21fpvo [reviewer] reviewer (codex)
RUN-260715-546f09 completed TASK-260715-21fpvo [implementer] developer (codex)
RUN-260715-7d7b8b completed TASK-260715-2uata8 [implementer] developer (codex)
RUN-260715-a48e9d completed TASK-260715-2uata8 [reviewer] reviewer (codex)
--- board ---
summary:{"active":[{"id":"STORY-260715-2qjqfl","name":"command-line-interface","status":"reviewing"},{"id":"TASK-260715-2uata8","name":"implement-wordstats-cli","status":"reviewing"},{"id":"STORY-260715-34y1fs","name":"orchestration","status":"analysis"},{"id":"TASK-260715-2rhbnh","name":"orchestrate-wordstats-delivery","status":"analysis"}],"blocked":[{"blockedBy":["STORY-260715-2qjqfl"],"id":"STORY-260715-1lb262","name":"delivery-documentation-and-verification"},{"blockedBy":["TASK-260715-k0ivxq"],"id":"TASK-260715-a6fnue","name":"verify-wordstats-delivery"},{"blockedBy":["TASK-260715-2uata8"],"id":"TASK-260715-k0ivxq","name":"document-wordstats-usage-and-tools"}],"byType":{"bug":{"total":0,"todo":0,"active":0,"done":0,"closed":0,"blocked":0},"epic":{"total":1,"todo":1,"active":0,"done":0,"closed":0,"blocked":0},"story":{"total":4,"todo":1,"active":2,"done":1,"closed":0,"blocked":0},"task":{"total":5,"todo":2,"active":2,"done":1,"closed":0,"blocked":0}}}
===== SAMPLE 15:11:39 (elapsed 286s) =====
--- runs ---
RUN-260715-07faff running TASK-260715-2uata8 [reviewer] reviewer (codex)
RUN-260715-0cdeaa completed TASK-260715-2uata8 [implementer] developer (codex)
RUN-260715-374bd8 running TASK-260715-2rhbnh [analyst] orchestrator (codex)
RUN-260715-4ba468 completed TASK-260715-21fpvo [reviewer] reviewer (codex)
RUN-260715-546f09 completed TASK-260715-21fpvo [implementer] developer (codex)
RUN-260715-7d7b8b completed TASK-260715-2uata8 [implementer] developer (codex)
RUN-260715-a48e9d completed TASK-260715-2uata8 [reviewer] reviewer (codex)
--- board ---
summary:{"active":[{"id":"STORY-260715-2qjqfl","name":"command-line-interface","status":"reviewing"},{"id":"TASK-260715-2uata8","name":"implement-wordstats-cli","status":"reviewing"},{"id":"STORY-260715-34y1fs","name":"orchestration","status":"analysis"},{"id":"TASK-260715-2rhbnh","name":"orchestrate-wordstats-delivery","status":"analysis"}],"blocked":[{"blockedBy":["STORY-260715-2qjqfl"],"id":"STORY-260715-1lb262","name":"delivery-documentation-and-verification"},{"blockedBy":["TASK-260715-k0ivxq"],"id":"TASK-260715-a6fnue","name":"verify-wordstats-delivery"},{"blockedBy":["TASK-260715-2uata8"],"id":"TASK-260715-k0ivxq","name":"document-wordstats-usage-and-tools"}],"byType":{"bug":{"total":0,"todo":0,"active":0,"done":0,"closed":0,"blocked":0},"epic":{"total":1,"todo":1,"active":0,"done":0,"closed":0,"blocked":0},"story":{"total":4,"todo":1,"active":2,"done":1,"closed":0,"blocked":0},"task":{"total":5,"todo":2,"active":2,"done":1,"closed":0,"blocked":0}}}
===== SAMPLE 15:11:59 (elapsed 306s) =====
--- runs ---
RUN-260715-07faff running TASK-260715-2uata8 [reviewer] reviewer (codex)
RUN-260715-0cdeaa completed TASK-260715-2uata8 [implementer] developer (codex)
RUN-260715-374bd8 running TASK-260715-2rhbnh [analyst] orchestrator (codex)
RUN-260715-4ba468 completed TASK-260715-21fpvo [reviewer] reviewer (codex)
RUN-260715-546f09 completed TASK-260715-21fpvo [implementer] developer (codex)
RUN-260715-7d7b8b completed TASK-260715-2uata8 [implementer] developer (codex)
RUN-260715-a48e9d completed TASK-260715-2uata8 [reviewer] reviewer (codex)
--- board ---
summary:{"active":[{"id":"STORY-260715-2qjqfl","name":"command-line-interface","status":"reviewing"},{"id":"TASK-260715-2uata8","name":"implement-wordstats-cli","status":"reviewing"},{"id":"STORY-260715-34y1fs","name":"orchestration","status":"analysis"},{"id":"TASK-260715-2rhbnh","name":"orchestrate-wordstats-delivery","status":"analysis"}],"blocked":[{"blockedBy":["STORY-260715-2qjqfl"],"id":"STORY-260715-1lb262","name":"delivery-documentation-and-verification"},{"blockedBy":["TASK-260715-k0ivxq"],"id":"TASK-260715-a6fnue","name":"verify-wordstats-delivery"},{"blockedBy":["TASK-260715-2uata8"],"id":"TASK-260715-k0ivxq","name":"document-wordstats-usage-and-tools"}],"byType":{"bug":{"total":0,"todo":0,"active":0,"done":0,"closed":0,"blocked":0},"epic":{"total":1,"todo":1,"active":0,"done":0,"closed":0,"blocked":0},"story":{"total":4,"todo":1,"active":2,"done":1,"closed":0,"blocked":0},"task":{"total":5,"todo":2,"active":2,"done":1,"closed":0,"blocked":0}}}
===== SAMPLE 15:12:20 (elapsed 327s) =====
--- runs ---
RUN-260715-07faff running TASK-260715-2uata8 [reviewer] reviewer (codex)
RUN-260715-0cdeaa completed TASK-260715-2uata8 [implementer] developer (codex)
RUN-260715-374bd8 running TASK-260715-2rhbnh [analyst] orchestrator (codex)
RUN-260715-4ba468 completed TASK-260715-21fpvo [reviewer] reviewer (codex)
RUN-260715-546f09 completed TASK-260715-21fpvo [implementer] developer (codex)
RUN-260715-7d7b8b completed TASK-260715-2uata8 [implementer] developer (codex)
RUN-260715-a48e9d completed TASK-260715-2uata8 [reviewer] reviewer (codex)
--- board ---
summary:{"active":[{"id":"STORY-260715-34y1fs","name":"orchestration","status":"analysis"},{"id":"TASK-260715-2rhbnh","name":"orchestrate-wordstats-delivery","status":"analysis"}],"blocked":[{"blockedBy":["TASK-260715-k0ivxq"],"id":"TASK-260715-a6fnue","name":"verify-wordstats-delivery"}],"byType":{"bug":{"total":0,"todo":0,"active":0,"done":0,"closed":0,"blocked":0},"epic":{"total":1,"todo":1,"active":0,"done":0,"closed":0,"blocked":0},"story":{"total":4,"todo":1,"active":1,"done":2,"closed":0,"blocked":0},"task":{"total":5,"todo":2,"active":1,"done":2,"closed":0,"blocked":0}}}
===== SAMPLE 15:12:40 (elapsed 347s) =====
--- runs ---
RUN-260715-07faff running TASK-260715-2uata8 [reviewer] reviewer (codex)
RUN-260715-0cdeaa completed TASK-260715-2uata8 [implementer] developer (codex)
RUN-260715-374bd8 running TASK-260715-2rhbnh [analyst] orchestrator (codex)
RUN-260715-4ba468 completed TASK-260715-21fpvo [reviewer] reviewer (codex)
RUN-260715-546f09 completed TASK-260715-21fpvo [implementer] developer (codex)
RUN-260715-7d7b8b completed TASK-260715-2uata8 [implementer] developer (codex)
RUN-260715-a48e9d completed TASK-260715-2uata8 [reviewer] reviewer (codex)
--- board ---
summary:{"active":[{"id":"STORY-260715-34y1fs","name":"orchestration","status":"analysis"},{"id":"TASK-260715-2rhbnh","name":"orchestrate-wordstats-delivery","status":"analysis"}],"blocked":[{"blockedBy":["TASK-260715-k0ivxq"],"id":"TASK-260715-a6fnue","name":"verify-wordstats-delivery"}],"byType":{"bug":{"total":0,"todo":0,"active":0,"done":0,"closed":0,"blocked":0},"epic":{"total":1,"todo":1,"active":0,"done":0,"closed":0,"blocked":0},"story":{"total":4,"todo":1,"active":1,"done":2,"closed":0,"blocked":0},"task":{"total":5,"todo":2,"active":1,"done":2,"closed":0,"blocked":0}}}
===== SAMPLE 15:13:00 (elapsed 367s) =====
--- runs ---
RUN-260715-07faff completed TASK-260715-2uata8 [reviewer] reviewer (codex)
RUN-260715-0cdeaa completed TASK-260715-2uata8 [implementer] developer (codex)
RUN-260715-374bd8 running TASK-260715-2rhbnh [analyst] orchestrator (codex)
RUN-260715-4ba468 completed TASK-260715-21fpvo [reviewer] reviewer (codex)
RUN-260715-546f09 completed TASK-260715-21fpvo [implementer] developer (codex)
RUN-260715-7d7b8b completed TASK-260715-2uata8 [implementer] developer (codex)
RUN-260715-a48e9d completed TASK-260715-2uata8 [reviewer] reviewer (codex)
--- board ---
summary:{"active":[{"id":"STORY-260715-34y1fs","name":"orchestration","status":"analysis"},{"id":"TASK-260715-2rhbnh","name":"orchestrate-wordstats-delivery","status":"analysis"}],"blocked":[{"blockedBy":["TASK-260715-k0ivxq"],"id":"TASK-260715-a6fnue","name":"verify-wordstats-delivery"}],"byType":{"bug":{"total":0,"todo":0,"active":0,"done":0,"closed":0,"blocked":0},"epic":{"total":1,"todo":1,"active":0,"done":0,"closed":0,"blocked":0},"story":{"total":4,"todo":1,"active":1,"done":2,"closed":0,"blocked":0},"task":{"total":5,"todo":2,"active":1,"done":2,"closed":0,"blocked":0}}}
===== SAMPLE 15:13:21 (elapsed 388s) =====
--- runs ---
RUN-260715-07faff completed TASK-260715-2uata8 [reviewer] reviewer (codex)
RUN-260715-0cdeaa completed TASK-260715-2uata8 [implementer] developer (codex)
RUN-260715-25bbcb running TASK-260715-k0ivxq [implementer] doc-writer (codex)
RUN-260715-374bd8 running TASK-260715-2rhbnh [analyst] orchestrator (codex)
RUN-260715-4ba468 completed TASK-260715-21fpvo [reviewer] reviewer (codex)
RUN-260715-546f09 completed TASK-260715-21fpvo [implementer] developer (codex)
RUN-260715-7d7b8b completed TASK-260715-2uata8 [implementer] developer (codex)
RUN-260715-a48e9d completed TASK-260715-2uata8 [reviewer] reviewer (codex)
--- board ---
summary:{"active":[{"id":"EPIC-260715-28gb4e","name":"wordstats-cli","status":"development"},{"id":"STORY-260715-1lb262","name":"delivery-documentation-and-verification","status":"development"},{"id":"TASK-260715-k0ivxq","name":"document-wordstats-usage-and-tools","status":"development"},{"id":"STORY-260715-34y1fs","name":"orchestration","status":"analysis"},{"id":"TASK-260715-2rhbnh","name":"orchestrate-wordstats-delivery","status":"analysis"}],"blocked":[{"blockedBy":["TASK-260715-k0ivxq"],"id":"TASK-260715-a6fnue","name":"verify-wordstats-delivery"}],"byType":{"bug":{"total":0,"todo":0,"active":0,"done":0,"closed":0,"blocked":0},"epic":{"total":1,"todo":0,"active":1,"done":0,"closed":0,"blocked":0},"story":{"total":4,"todo":0,"active":2,"done":2,"closed":0,"blocked":0},"task":{"total":5,"todo":1,"active":2,"done":2,"closed":0,"blocked":0}}}
===== SAMPLE 15:13:42 (elapsed 409s) =====
--- runs ---
RUN-260715-07faff completed TASK-260715-2uata8 [reviewer] reviewer (codex)
RUN-260715-0cdeaa completed TASK-260715-2uata8 [implementer] developer (codex)
RUN-260715-25bbcb running TASK-260715-k0ivxq [implementer] doc-writer (codex)
RUN-260715-374bd8 running TASK-260715-2rhbnh [analyst] orchestrator (codex)
RUN-260715-4ba468 completed TASK-260715-21fpvo [reviewer] reviewer (codex)
RUN-260715-546f09 completed TASK-260715-21fpvo [implementer] developer (codex)
RUN-260715-7d7b8b completed TASK-260715-2uata8 [implementer] developer (codex)
RUN-260715-a48e9d completed TASK-260715-2uata8 [reviewer] reviewer (codex)
--- board ---
summary:{"active":[{"id":"EPIC-260715-28gb4e","name":"wordstats-cli","status":"development"},{"id":"STORY-260715-1lb262","name":"delivery-documentation-and-verification","status":"development"},{"id":"TASK-260715-k0ivxq","name":"document-wordstats-usage-and-tools","status":"development"},{"id":"STORY-260715-34y1fs","name":"orchestration","status":"analysis"},{"id":"TASK-260715-2rhbnh","name":"orchestrate-wordstats-delivery","status":"analysis"}],"blocked":[{"blockedBy":["TASK-260715-k0ivxq"],"id":"TASK-260715-a6fnue","name":"verify-wordstats-delivery"}],"byType":{"bug":{"total":0,"todo":0,"active":0,"done":0,"closed":0,"blocked":0},"epic":{"total":1,"todo":0,"active":1,"done":0,"closed":0,"blocked":0},"story":{"total":4,"todo":0,"active":2,"done":2,"closed":0,"blocked":0},"task":{"total":5,"todo":1,"active":2,"done":2,"closed":0,"blocked":0}}}
===== SAMPLE 15:14:02 (elapsed 429s) =====
--- runs ---
RUN-260715-07faff completed TASK-260715-2uata8 [reviewer] reviewer (codex)
RUN-260715-0cdeaa completed TASK-260715-2uata8 [implementer] developer (codex)
RUN-260715-25bbcb running TASK-260715-k0ivxq [implementer] doc-writer (codex)
RUN-260715-374bd8 running TASK-260715-2rhbnh [analyst] orchestrator (codex)
RUN-260715-4ba468 completed TASK-260715-21fpvo [reviewer] reviewer (codex)
RUN-260715-546f09 completed TASK-260715-21fpvo [implementer] developer (codex)
RUN-260715-7d7b8b completed TASK-260715-2uata8 [implementer] developer (codex)
RUN-260715-a48e9d completed TASK-260715-2uata8 [reviewer] reviewer (codex)
--- board ---
summary:{"active":[{"id":"EPIC-260715-28gb4e","name":"wordstats-cli","status":"development"},{"id":"STORY-260715-1lb262","name":"delivery-documentation-and-verification","status":"development"},{"id":"TASK-260715-k0ivxq","name":"document-wordstats-usage-and-tools","status":"development"},{"id":"STORY-260715-34y1fs","name":"orchestration","status":"analysis"},{"id":"TASK-260715-2rhbnh","name":"orchestrate-wordstats-delivery","status":"analysis"}],"blocked":[{"blockedBy":["TASK-260715-k0ivxq"],"id":"TASK-260715-a6fnue","name":"verify-wordstats-delivery"}],"byType":{"bug":{"total":0,"todo":0,"active":0,"done":0,"closed":0,"blocked":0},"epic":{"total":1,"todo":0,"active":1,"done":0,"closed":0,"blocked":0},"story":{"total":4,"todo":0,"active":2,"done":2,"closed":0,"blocked":0},"task":{"total":5,"todo":1,"active":2,"done":2,"closed":0,"blocked":0}}}
WAKE (interval elapsed, root=running)
===== SAMPLE 15:14:20 (elapsed 0s) =====
--- runs ---
RUN-260715-07faff completed TASK-260715-2uata8 [reviewer] reviewer (codex)
RUN-260715-0cdeaa completed TASK-260715-2uata8 [implementer] developer (codex)
RUN-260715-25bbcb running TASK-260715-k0ivxq [implementer] doc-writer (codex)
RUN-260715-374bd8 running TASK-260715-2rhbnh [analyst] orchestrator (codex)
RUN-260715-4ba468 completed TASK-260715-21fpvo [reviewer] reviewer (codex)
RUN-260715-546f09 completed TASK-260715-21fpvo [implementer] developer (codex)
RUN-260715-7d7b8b completed TASK-260715-2uata8 [implementer] developer (codex)
RUN-260715-a48e9d completed TASK-260715-2uata8 [reviewer] reviewer (codex)
--- board ---
summary:{"active":[{"id":"EPIC-260715-28gb4e","name":"wordstats-cli","status":"development"},{"id":"STORY-260715-1lb262","name":"delivery-documentation-and-verification","status":"development"},{"id":"TASK-260715-k0ivxq","name":"document-wordstats-usage-and-tools","status":"development"},{"id":"STORY-260715-34y1fs","name":"orchestration","status":"analysis"},{"id":"TASK-260715-2rhbnh","name":"orchestrate-wordstats-delivery","status":"analysis"}],"blocked":[{"blockedBy":["TASK-260715-k0ivxq"],"id":"TASK-260715-a6fnue","name":"verify-wordstats-delivery"}],"byType":{"bug":{"total":0,"todo":0,"active":0,"done":0,"closed":0,"blocked":0},"epic":{"total":1,"todo":0,"active":1,"done":0,"closed":0,"blocked":0},"story":{"total":4,"todo":0,"active":2,"done":2,"closed":0,"blocked":0},"task":{"total":5,"todo":1,"active":2,"done":2,"closed":0,"blocked":0}}}
===== SAMPLE 15:14:40 (elapsed 20s) =====
--- runs ---
RUN-260715-07faff completed TASK-260715-2uata8 [reviewer] reviewer (codex)
RUN-260715-0cdeaa completed TASK-260715-2uata8 [implementer] developer (codex)
RUN-260715-25bbcb running TASK-260715-k0ivxq [implementer] doc-writer (codex)
RUN-260715-374bd8 running TASK-260715-2rhbnh [analyst] orchestrator (codex)
RUN-260715-4ba468 completed TASK-260715-21fpvo [reviewer] reviewer (codex)
RUN-260715-546f09 completed TASK-260715-21fpvo [implementer] developer (codex)
RUN-260715-7d7b8b completed TASK-260715-2uata8 [implementer] developer (codex)
RUN-260715-a48e9d completed TASK-260715-2uata8 [reviewer] reviewer (codex)
--- board ---
summary:{"active":[{"id":"EPIC-260715-28gb4e","name":"wordstats-cli","status":"development"},{"id":"STORY-260715-1lb262","name":"delivery-documentation-and-verification","status":"development"},{"id":"TASK-260715-k0ivxq","name":"document-wordstats-usage-and-tools","status":"development"},{"id":"STORY-260715-34y1fs","name":"orchestration","status":"analysis"},{"id":"TASK-260715-2rhbnh","name":"orchestrate-wordstats-delivery","status":"analysis"}],"blocked":[{"blockedBy":["TASK-260715-k0ivxq"],"id":"TASK-260715-a6fnue","name":"verify-wordstats-delivery"}],"byType":{"bug":{"total":0,"todo":0,"active":0,"done":0,"closed":0,"blocked":0},"epic":{"total":1,"todo":0,"active":1,"done":0,"closed":0,"blocked":0},"story":{"total":4,"todo":0,"active":2,"done":2,"closed":0,"blocked":0},"task":{"total":5,"todo":1,"active":2,"done":2,"closed":0,"blocked":0}}}
===== SAMPLE 15:15:01 (elapsed 41s) =====
--- runs ---
RUN-260715-07faff completed TASK-260715-2uata8 [reviewer] reviewer (codex)
RUN-260715-0cdeaa completed TASK-260715-2uata8 [implementer] developer (codex)
RUN-260715-25bbcb running TASK-260715-k0ivxq [implementer] doc-writer (codex)
RUN-260715-374bd8 running TASK-260715-2rhbnh [analyst] orchestrator (codex)
RUN-260715-4ba468 completed TASK-260715-21fpvo [reviewer] reviewer (codex)
RUN-260715-546f09 completed TASK-260715-21fpvo [implementer] developer (codex)
RUN-260715-7d7b8b completed TASK-260715-2uata8 [implementer] developer (codex)
RUN-260715-a48e9d completed TASK-260715-2uata8 [reviewer] reviewer (codex)
--- board ---
summary:{"active":[{"id":"EPIC-260715-28gb4e","name":"wordstats-cli","status":"development"},{"id":"STORY-260715-1lb262","name":"delivery-documentation-and-verification","status":"development"},{"id":"TASK-260715-k0ivxq","name":"document-wordstats-usage-and-tools","status":"development"},{"id":"STORY-260715-34y1fs","name":"orchestration","status":"analysis"},{"id":"TASK-260715-2rhbnh","name":"orchestrate-wordstats-delivery","status":"analysis"}],"blocked":[{"blockedBy":["TASK-260715-k0ivxq"],"id":"TASK-260715-a6fnue","name":"verify-wordstats-delivery"}],"byType":{"bug":{"total":0,"todo":0,"active":0,"done":0,"closed":0,"blocked":0},"epic":{"total":1,"todo":0,"active":1,"done":0,"closed":0,"blocked":0},"story":{"total":4,"todo":0,"active":2,"done":2,"closed":0,"blocked":0},"task":{"total":5,"todo":1,"active":2,"done":2,"closed":0,"blocked":0}}}
===== SAMPLE 15:15:21 (elapsed 61s) =====
--- runs ---
RUN-260715-07faff completed TASK-260715-2uata8 [reviewer] reviewer (codex)
RUN-260715-0cdeaa completed TASK-260715-2uata8 [implementer] developer (codex)
RUN-260715-25bbcb running TASK-260715-k0ivxq [implementer] doc-writer (codex)
RUN-260715-374bd8 running TASK-260715-2rhbnh [analyst] orchestrator (codex)
RUN-260715-4ba468 completed TASK-260715-21fpvo [reviewer] reviewer (codex)
RUN-260715-546f09 completed TASK-260715-21fpvo [implementer] developer (codex)
RUN-260715-7d7b8b completed TASK-260715-2uata8 [implementer] developer (codex)
RUN-260715-a48e9d completed TASK-260715-2uata8 [reviewer] reviewer (codex)
--- board ---
summary:{"active":[{"id":"EPIC-260715-28gb4e","name":"wordstats-cli","status":"development"},{"id":"STORY-260715-1lb262","name":"delivery-documentation-and-verification","status":"development"},{"id":"TASK-260715-k0ivxq","name":"document-wordstats-usage-and-tools","status":"development"},{"id":"STORY-260715-34y1fs","name":"orchestration","status":"analysis"},{"id":"TASK-260715-2rhbnh","name":"orchestrate-wordstats-delivery","status":"analysis"}],"blocked":[{"blockedBy":["TASK-260715-k0ivxq"],"id":"TASK-260715-a6fnue","name":"verify-wordstats-delivery"}],"byType":{"bug":{"total":0,"todo":0,"active":0,"done":0,"closed":0,"blocked":0},"epic":{"total":1,"todo":0,"active":1,"done":0,"closed":0,"blocked":0},"story":{"total":4,"todo":0,"active":2,"done":2,"closed":0,"blocked":0},"task":{"total":5,"todo":1,"active":2,"done":2,"closed":0,"blocked":0}}}
===== SAMPLE 15:15:42 (elapsed 82s) =====
--- runs ---
RUN-260715-07faff completed TASK-260715-2uata8 [reviewer] reviewer (codex)
RUN-260715-0cdeaa completed TASK-260715-2uata8 [implementer] developer (codex)
RUN-260715-25bbcb running TASK-260715-k0ivxq [implementer] doc-writer (codex)
RUN-260715-374bd8 running TASK-260715-2rhbnh [analyst] orchestrator (codex)
RUN-260715-4ba468 completed TASK-260715-21fpvo [reviewer] reviewer (codex)
RUN-260715-546f09 completed TASK-260715-21fpvo [implementer] developer (codex)
RUN-260715-7d7b8b completed TASK-260715-2uata8 [implementer] developer (codex)
RUN-260715-a48e9d completed TASK-260715-2uata8 [reviewer] reviewer (codex)
--- board ---
summary:{"active":[{"id":"EPIC-260715-28gb4e","name":"wordstats-cli","status":"development"},{"id":"STORY-260715-1lb262","name":"delivery-documentation-and-verification","status":"development"},{"id":"TASK-260715-k0ivxq","name":"document-wordstats-usage-and-tools","status":"development"},{"id":"STORY-260715-34y1fs","name":"orchestration","status":"analysis"},{"id":"TASK-260715-2rhbnh","name":"orchestrate-wordstats-delivery","status":"analysis"}],"blocked":[{"blockedBy":["TASK-260715-k0ivxq"],"id":"TASK-260715-a6fnue","name":"verify-wordstats-delivery"}],"byType":{"bug":{"total":0,"todo":0,"active":0,"done":0,"closed":0,"blocked":0},"epic":{"total":1,"todo":0,"active":1,"done":0,"closed":0,"blocked":0},"story":{"total":4,"todo":0,"active":2,"done":2,"closed":0,"blocked":0},"task":{"total":5,"todo":1,"active":2,"done":2,"closed":0,"blocked":0}}}
===== SAMPLE 15:16:02 (elapsed 102s) =====
--- runs ---
RUN-260715-07faff completed TASK-260715-2uata8 [reviewer] reviewer (codex)
RUN-260715-0cdeaa completed TASK-260715-2uata8 [implementer] developer (codex)
RUN-260715-25bbcb running TASK-260715-k0ivxq [implementer] doc-writer (codex)
RUN-260715-374bd8 running TASK-260715-2rhbnh [analyst] orchestrator (codex)
RUN-260715-4ba468 completed TASK-260715-21fpvo [reviewer] reviewer (codex)
RUN-260715-546f09 completed TASK-260715-21fpvo [implementer] developer (codex)
RUN-260715-7d7b8b completed TASK-260715-2uata8 [implementer] developer (codex)
RUN-260715-a48e9d completed TASK-260715-2uata8 [reviewer] reviewer (codex)
--- board ---
summary:{"active":[{"id":"EPIC-260715-28gb4e","name":"wordstats-cli","status":"development"},{"id":"STORY-260715-1lb262","name":"delivery-documentation-and-verification","status":"development"},{"id":"TASK-260715-k0ivxq","name":"document-wordstats-usage-and-tools","status":"development"},{"id":"STORY-260715-34y1fs","name":"orchestration","status":"analysis"},{"id":"TASK-260715-2rhbnh","name":"orchestrate-wordstats-delivery","status":"analysis"}],"blocked":[{"blockedBy":["TASK-260715-k0ivxq"],"id":"TASK-260715-a6fnue","name":"verify-wordstats-delivery"}],"byType":{"bug":{"total":0,"todo":0,"active":0,"done":0,"closed":0,"blocked":0},"epic":{"total":1,"todo":0,"active":1,"done":0,"closed":0,"blocked":0},"story":{"total":4,"todo":0,"active":2,"done":2,"closed":0,"blocked":0},"task":{"total":5,"todo":1,"active":2,"done":2,"closed":0,"blocked":0}}}
===== SAMPLE 15:16:23 (elapsed 123s) =====
--- runs ---
RUN-260715-07faff completed TASK-260715-2uata8 [reviewer] reviewer (codex)
RUN-260715-0cdeaa completed TASK-260715-2uata8 [implementer] developer (codex)
RUN-260715-25bbcb running TASK-260715-k0ivxq [implementer] doc-writer (codex)
RUN-260715-374bd8 running TASK-260715-2rhbnh [analyst] orchestrator (codex)
RUN-260715-4ba468 completed TASK-260715-21fpvo [reviewer] reviewer (codex)
RUN-260715-546f09 completed TASK-260715-21fpvo [implementer] developer (codex)
RUN-260715-7d7b8b completed TASK-260715-2uata8 [implementer] developer (codex)
RUN-260715-a48e9d completed TASK-260715-2uata8 [reviewer] reviewer (codex)
--- board ---
summary:{"active":[{"id":"EPIC-260715-28gb4e","name":"wordstats-cli","status":"development"},{"id":"STORY-260715-1lb262","name":"delivery-documentation-and-verification","status":"development"},{"id":"TASK-260715-k0ivxq","name":"document-wordstats-usage-and-tools","status":"development"},{"id":"STORY-260715-34y1fs","name":"orchestration","status":"analysis"},{"id":"TASK-260715-2rhbnh","name":"orchestrate-wordstats-delivery","status":"analysis"}],"blocked":[{"blockedBy":["TASK-260715-k0ivxq"],"id":"TASK-260715-a6fnue","name":"verify-wordstats-delivery"}],"byType":{"bug":{"total":0,"todo":0,"active":0,"done":0,"closed":0,"blocked":0},"epic":{"total":1,"todo":0,"active":1,"done":0,"closed":0,"blocked":0},"story":{"total":4,"todo":0,"active":2,"done":2,"closed":0,"blocked":0},"task":{"total":5,"todo":1,"active":2,"done":2,"closed":0,"blocked":0}}}
===== SAMPLE 15:16:43 (elapsed 143s) =====
--- runs ---
RUN-260715-07faff completed TASK-260715-2uata8 [reviewer] reviewer (codex)
RUN-260715-0cdeaa completed TASK-260715-2uata8 [implementer] developer (codex)
RUN-260715-25bbcb running TASK-260715-k0ivxq [implementer] doc-writer (codex)
RUN-260715-374bd8 running TASK-260715-2rhbnh [analyst] orchestrator (codex)
RUN-260715-4ba468 completed TASK-260715-21fpvo [reviewer] reviewer (codex)
RUN-260715-546f09 completed TASK-260715-21fpvo [implementer] developer (codex)
RUN-260715-7d7b8b completed TASK-260715-2uata8 [implementer] developer (codex)
RUN-260715-a48e9d completed TASK-260715-2uata8 [reviewer] reviewer (codex)
--- board ---
summary:{"active":[{"id":"EPIC-260715-28gb4e","name":"wordstats-cli","status":"development"},{"id":"STORY-260715-1lb262","name":"delivery-documentation-and-verification","status":"development"},{"id":"TASK-260715-k0ivxq","name":"document-wordstats-usage-and-tools","status":"development"},{"id":"STORY-260715-34y1fs","name":"orchestration","status":"analysis"},{"id":"TASK-260715-2rhbnh","name":"orchestrate-wordstats-delivery","status":"analysis"}],"blocked":[{"blockedBy":["TASK-260715-k0ivxq"],"id":"TASK-260715-a6fnue","name":"verify-wordstats-delivery"}],"byType":{"bug":{"total":0,"todo":0,"active":0,"done":0,"closed":0,"blocked":0},"epic":{"total":1,"todo":0,"active":1,"done":0,"closed":0,"blocked":0},"story":{"total":4,"todo":0,"active":2,"done":2,"closed":0,"blocked":0},"task":{"total":5,"todo":1,"active":2,"done":2,"closed":0,"blocked":0}}}
===== SAMPLE 15:17:03 (elapsed 163s) =====
--- runs ---
RUN-260715-07faff completed TASK-260715-2uata8 [reviewer] reviewer (codex)
RUN-260715-0cdeaa completed TASK-260715-2uata8 [implementer] developer (codex)
RUN-260715-25bbcb running TASK-260715-k0ivxq [implementer] doc-writer (codex)
RUN-260715-374bd8 running TASK-260715-2rhbnh [analyst] orchestrator (codex)
RUN-260715-4ba468 completed TASK-260715-21fpvo [reviewer] reviewer (codex)
RUN-260715-546f09 completed TASK-260715-21fpvo [implementer] developer (codex)
RUN-260715-7d7b8b completed TASK-260715-2uata8 [implementer] developer (codex)
RUN-260715-a48e9d completed TASK-260715-2uata8 [reviewer] reviewer (codex)
--- board ---
summary:{"active":[{"id":"EPIC-260715-28gb4e","name":"wordstats-cli","status":"development"},{"id":"STORY-260715-1lb262","name":"delivery-documentation-and-verification","status":"development"},{"id":"TASK-260715-k0ivxq","name":"document-wordstats-usage-and-tools","status":"development"},{"id":"STORY-260715-34y1fs","name":"orchestration","status":"analysis"},{"id":"TASK-260715-2rhbnh","name":"orchestrate-wordstats-delivery","status":"analysis"}],"blocked":[{"blockedBy":["TASK-260715-k0ivxq"],"id":"TASK-260715-a6fnue","name":"verify-wordstats-delivery"}],"byType":{"bug":{"total":0,"todo":0,"active":0,"done":0,"closed":0,"blocked":0},"epic":{"total":1,"todo":0,"active":1,"done":0,"closed":0,"blocked":0},"story":{"total":4,"todo":0,"active":2,"done":2,"closed":0,"blocked":0},"task":{"total":5,"todo":1,"active":2,"done":2,"closed":0,"blocked":0}}}
===== SAMPLE 15:17:24 (elapsed 184s) =====
--- runs ---
RUN-260715-07faff completed TASK-260715-2uata8 [reviewer] reviewer (codex)
RUN-260715-0cdeaa completed TASK-260715-2uata8 [implementer] developer (codex)
RUN-260715-25bbcb running TASK-260715-k0ivxq [implementer] doc-writer (codex)
RUN-260715-374bd8 running TASK-260715-2rhbnh [analyst] orchestrator (codex)
RUN-260715-4ba468 completed TASK-260715-21fpvo [reviewer] reviewer (codex)
RUN-260715-546f09 completed TASK-260715-21fpvo [implementer] developer (codex)
RUN-260715-7d7b8b completed TASK-260715-2uata8 [implementer] developer (codex)
RUN-260715-a48e9d completed TASK-260715-2uata8 [reviewer] reviewer (codex)
--- board ---
summary:{"active":[{"id":"EPIC-260715-28gb4e","name":"wordstats-cli","status":"development"},{"id":"STORY-260715-1lb262","name":"delivery-documentation-and-verification","status":"development"},{"id":"TASK-260715-k0ivxq","name":"document-wordstats-usage-and-tools","status":"development"},{"id":"STORY-260715-34y1fs","name":"orchestration","status":"analysis"},{"id":"TASK-260715-2rhbnh","name":"orchestrate-wordstats-delivery","status":"analysis"}],"blocked":[{"blockedBy":["TASK-260715-k0ivxq"],"id":"TASK-260715-a6fnue","name":"verify-wordstats-delivery"}],"byType":{"bug":{"total":0,"todo":0,"active":0,"done":0,"closed":0,"blocked":0},"epic":{"total":1,"todo":0,"active":1,"done":0,"closed":0,"blocked":0},"story":{"total":4,"todo":0,"active":2,"done":2,"closed":0,"blocked":0},"task":{"total":5,"todo":1,"active":2,"done":2,"closed":0,"blocked":0}}}
===== SAMPLE 15:17:44 (elapsed 204s) =====
--- runs ---
RUN-260715-07faff completed TASK-260715-2uata8 [reviewer] reviewer (codex)
RUN-260715-0cdeaa completed TASK-260715-2uata8 [implementer] developer (codex)
RUN-260715-25bbcb running TASK-260715-k0ivxq [implementer] doc-writer (codex)
RUN-260715-374bd8 running TASK-260715-2rhbnh [analyst] orchestrator (codex)
RUN-260715-4ba468 completed TASK-260715-21fpvo [reviewer] reviewer (codex)
RUN-260715-546f09 completed TASK-260715-21fpvo [implementer] developer (codex)
RUN-260715-7d7b8b completed TASK-260715-2uata8 [implementer] developer (codex)
RUN-260715-a48e9d completed TASK-260715-2uata8 [reviewer] reviewer (codex)
--- board ---
summary:{"active":[{"id":"EPIC-260715-28gb4e","name":"wordstats-cli","status":"development"},{"id":"STORY-260715-1lb262","name":"delivery-documentation-and-verification","status":"development"},{"id":"TASK-260715-k0ivxq","name":"document-wordstats-usage-and-tools","status":"development"},{"id":"STORY-260715-34y1fs","name":"orchestration","status":"analysis"},{"id":"TASK-260715-2rhbnh","name":"orchestrate-wordstats-delivery","status":"analysis"}],"blocked":[{"blockedBy":["TASK-260715-k0ivxq"],"id":"TASK-260715-a6fnue","name":"verify-wordstats-delivery"}],"byType":{"bug":{"total":0,"todo":0,"active":0,"done":0,"closed":0,"blocked":0},"epic":{"total":1,"todo":0,"active":1,"done":0,"closed":0,"blocked":0},"story":{"total":4,"todo":0,"active":2,"done":2,"closed":0,"blocked":0},"task":{"total":5,"todo":1,"active":2,"done":2,"closed":0,"blocked":0}}}
===== SAMPLE 15:18:05 (elapsed 225s) =====
--- runs ---
RUN-260715-07faff completed TASK-260715-2uata8 [reviewer] reviewer (codex)
RUN-260715-0cdeaa completed TASK-260715-2uata8 [implementer] developer (codex)
RUN-260715-25bbcb running TASK-260715-k0ivxq [implementer] doc-writer (codex)
RUN-260715-374bd8 running TASK-260715-2rhbnh [analyst] orchestrator (codex)
RUN-260715-4ba468 completed TASK-260715-21fpvo [reviewer] reviewer (codex)
RUN-260715-546f09 completed TASK-260715-21fpvo [implementer] developer (codex)
RUN-260715-7d7b8b completed TASK-260715-2uata8 [implementer] developer (codex)
RUN-260715-a48e9d completed TASK-260715-2uata8 [reviewer] reviewer (codex)
--- board ---
summary:{"active":[{"id":"EPIC-260715-28gb4e","name":"wordstats-cli","status":"development"},{"id":"STORY-260715-1lb262","name":"delivery-documentation-and-verification","status":"development"},{"id":"TASK-260715-k0ivxq","name":"document-wordstats-usage-and-tools","status":"development"},{"id":"STORY-260715-34y1fs","name":"orchestration","status":"analysis"},{"id":"TASK-260715-2rhbnh","name":"orchestrate-wordstats-delivery","status":"analysis"}],"blocked":[{"blockedBy":["TASK-260715-k0ivxq"],"id":"TASK-260715-a6fnue","name":"verify-wordstats-delivery"}],"byType":{"bug":{"total":0,"todo":0,"active":0,"done":0,"closed":0,"blocked":0},"epic":{"total":1,"todo":0,"active":1,"done":0,"closed":0,"blocked":0},"story":{"total":4,"todo":0,"active":2,"done":2,"closed":0,"blocked":0},"task":{"total":5,"todo":1,"active":2,"done":2,"closed":0,"blocked":0}}}
===== SAMPLE 15:18:25 (elapsed 245s) =====
--- runs ---
RUN-260715-07faff completed TASK-260715-2uata8 [reviewer] reviewer (codex)
RUN-260715-0cdeaa completed TASK-260715-2uata8 [implementer] developer (codex)
RUN-260715-25bbcb running TASK-260715-k0ivxq [implementer] doc-writer (codex)
RUN-260715-374bd8 running TASK-260715-2rhbnh [analyst] orchestrator (codex)
RUN-260715-4ba468 completed TASK-260715-21fpvo [reviewer] reviewer (codex)
RUN-260715-546f09 completed TASK-260715-21fpvo [implementer] developer (codex)
RUN-260715-7d7b8b completed TASK-260715-2uata8 [implementer] developer (codex)
RUN-260715-a48e9d completed TASK-260715-2uata8 [reviewer] reviewer (codex)
--- board ---
summary:{"active":[{"id":"EPIC-260715-28gb4e","name":"wordstats-cli","status":"development"},{"id":"STORY-260715-1lb262","name":"delivery-documentation-and-verification","status":"development"},{"id":"TASK-260715-k0ivxq","name":"document-wordstats-usage-and-tools","status":"development"},{"id":"STORY-260715-34y1fs","name":"orchestration","status":"analysis"},{"id":"TASK-260715-2rhbnh","name":"orchestrate-wordstats-delivery","status":"analysis"}],"blocked":[{"blockedBy":["TASK-260715-k0ivxq"],"id":"TASK-260715-a6fnue","name":"verify-wordstats-delivery"}],"byType":{"bug":{"total":0,"todo":0,"active":0,"done":0,"closed":0,"blocked":0},"epic":{"total":1,"todo":0,"active":1,"done":0,"closed":0,"blocked":0},"story":{"total":4,"todo":0,"active":2,"done":2,"closed":0,"blocked":0},"task":{"total":5,"todo":1,"active":2,"done":2,"closed":0,"blocked":0}}}
===== SAMPLE 15:18:46 (elapsed 266s) =====
--- runs ---
RUN-260715-07faff completed TASK-260715-2uata8 [reviewer] reviewer (codex)
RUN-260715-0cdeaa completed TASK-260715-2uata8 [implementer] developer (codex)
RUN-260715-25bbcb running TASK-260715-k0ivxq [implementer] doc-writer (codex)
RUN-260715-374bd8 running TASK-260715-2rhbnh [analyst] orchestrator (codex)
RUN-260715-4ba468 completed TASK-260715-21fpvo [reviewer] reviewer (codex)
RUN-260715-546f09 completed TASK-260715-21fpvo [implementer] developer (codex)
RUN-260715-7d7b8b completed TASK-260715-2uata8 [implementer] developer (codex)
RUN-260715-a48e9d completed TASK-260715-2uata8 [reviewer] reviewer (codex)
--- board ---
summary:{"active":[{"id":"EPIC-260715-28gb4e","name":"wordstats-cli","status":"development"},{"id":"STORY-260715-1lb262","name":"delivery-documentation-and-verification","status":"development"},{"id":"TASK-260715-k0ivxq","name":"document-wordstats-usage-and-tools","status":"development"},{"id":"STORY-260715-34y1fs","name":"orchestration","status":"analysis"},{"id":"TASK-260715-2rhbnh","name":"orchestrate-wordstats-delivery","status":"analysis"}],"blocked":[{"blockedBy":["TASK-260715-k0ivxq"],"id":"TASK-260715-a6fnue","name":"verify-wordstats-delivery"}],"byType":{"bug":{"total":0,"todo":0,"active":0,"done":0,"closed":0,"blocked":0},"epic":{"total":1,"todo":0,"active":1,"done":0,"closed":0,"blocked":0},"story":{"total":4,"todo":0,"active":2,"done":2,"closed":0,"blocked":0},"task":{"total":5,"todo":1,"active":2,"done":2,"closed":0,"blocked":0}}}
===== SAMPLE 15:19:06 (elapsed 286s) =====
--- runs ---
RUN-260715-07faff completed TASK-260715-2uata8 [reviewer] reviewer (codex)
RUN-260715-0cdeaa completed TASK-260715-2uata8 [implementer] developer (codex)
RUN-260715-25bbcb running TASK-260715-k0ivxq [implementer] doc-writer (codex)
RUN-260715-374bd8 running TASK-260715-2rhbnh [analyst] orchestrator (codex)
RUN-260715-4ba468 completed TASK-260715-21fpvo [reviewer] reviewer (codex)
RUN-260715-546f09 completed TASK-260715-21fpvo [implementer] developer (codex)
RUN-260715-7d7b8b completed TASK-260715-2uata8 [implementer] developer (codex)
RUN-260715-a48e9d completed TASK-260715-2uata8 [reviewer] reviewer (codex)
--- board ---
summary:{"active":[{"id":"EPIC-260715-28gb4e","name":"wordstats-cli","status":"development"},{"id":"STORY-260715-1lb262","name":"delivery-documentation-and-verification","status":"development"},{"id":"TASK-260715-k0ivxq","name":"document-wordstats-usage-and-tools","status":"development"},{"id":"STORY-260715-34y1fs","name":"orchestration","status":"analysis"},{"id":"TASK-260715-2rhbnh","name":"orchestrate-wordstats-delivery","status":"analysis"}],"blocked":[{"blockedBy":["TASK-260715-k0ivxq"],"id":"TASK-260715-a6fnue","name":"verify-wordstats-delivery"}],"byType":{"bug":{"total":0,"todo":0,"active":0,"done":0,"closed":0,"blocked":0},"epic":{"total":1,"todo":0,"active":1,"done":0,"closed":0,"blocked":0},"story":{"total":4,"todo":0,"active":2,"done":2,"closed":0,"blocked":0},"task":{"total":5,"todo":1,"active":2,"done":2,"closed":0,"blocked":0}}}
===== SAMPLE 15:19:27 (elapsed 307s) =====
--- runs ---
RUN-260715-07faff completed TASK-260715-2uata8 [reviewer] reviewer (codex)
RUN-260715-0cdeaa completed TASK-260715-2uata8 [implementer] developer (codex)
RUN-260715-25bbcb running TASK-260715-k0ivxq [implementer] doc-writer (codex)
RUN-260715-374bd8 running TASK-260715-2rhbnh [analyst] orchestrator (codex)
RUN-260715-4ba468 completed TASK-260715-21fpvo [reviewer] reviewer (codex)
RUN-260715-546f09 completed TASK-260715-21fpvo [implementer] developer (codex)
RUN-260715-7d7b8b completed TASK-260715-2uata8 [implementer] developer (codex)
RUN-260715-a48e9d completed TASK-260715-2uata8 [reviewer] reviewer (codex)
--- board ---
summary:{"active":[{"id":"EPIC-260715-28gb4e","name":"wordstats-cli","status":"development"},{"id":"STORY-260715-1lb262","name":"delivery-documentation-and-verification","status":"development"},{"id":"TASK-260715-k0ivxq","name":"document-wordstats-usage-and-tools","status":"development"},{"id":"STORY-260715-34y1fs","name":"orchestration","status":"analysis"},{"id":"TASK-260715-2rhbnh","name":"orchestrate-wordstats-delivery","status":"analysis"}],"blocked":[{"blockedBy":["TASK-260715-k0ivxq"],"id":"TASK-260715-a6fnue","name":"verify-wordstats-delivery"}],"byType":{"bug":{"total":0,"todo":0,"active":0,"done":0,"closed":0,"blocked":0},"epic":{"total":1,"todo":0,"active":1,"done":0,"closed":0,"blocked":0},"story":{"total":4,"todo":0,"active":2,"done":2,"closed":0,"blocked":0},"task":{"total":5,"todo":1,"active":2,"done":2,"closed":0,"blocked":0}}}
===== SAMPLE 15:19:47 (elapsed 327s) =====
--- runs ---
RUN-260715-07faff completed TASK-260715-2uata8 [reviewer] reviewer (codex)
RUN-260715-0cdeaa completed TASK-260715-2uata8 [implementer] developer (codex)
RUN-260715-25bbcb running TASK-260715-k0ivxq [implementer] doc-writer (codex)
RUN-260715-374bd8 running TASK-260715-2rhbnh [analyst] orchestrator (codex)
RUN-260715-4ba468 completed TASK-260715-21fpvo [reviewer] reviewer (codex)
RUN-260715-546f09 completed TASK-260715-21fpvo [implementer] developer (codex)
RUN-260715-7d7b8b completed TASK-260715-2uata8 [implementer] developer (codex)
RUN-260715-a48e9d completed TASK-260715-2uata8 [reviewer] reviewer (codex)
--- board ---
summary:{"active":[{"id":"EPIC-260715-28gb4e","name":"wordstats-cli","status":"development"},{"id":"STORY-260715-1lb262","name":"delivery-documentation-and-verification","status":"development"},{"id":"TASK-260715-k0ivxq","name":"document-wordstats-usage-and-tools","status":"development"},{"id":"STORY-260715-34y1fs","name":"orchestration","status":"analysis"},{"id":"TASK-260715-2rhbnh","name":"orchestrate-wordstats-delivery","status":"analysis"}],"blocked":[{"blockedBy":["TASK-260715-k0ivxq"],"id":"TASK-260715-a6fnue","name":"verify-wordstats-delivery"}],"byType":{"bug":{"total":0,"todo":0,"active":0,"done":0,"closed":0,"blocked":0},"epic":{"total":1,"todo":0,"active":1,"done":0,"closed":0,"blocked":0},"story":{"total":4,"todo":0,"active":2,"done":2,"closed":0,"blocked":0},"task":{"total":5,"todo":1,"active":2,"done":2,"closed":0,"blocked":0}}}
===== SAMPLE 15:20:08 (elapsed 348s) =====
--- runs ---
RUN-260715-07faff completed TASK-260715-2uata8 [reviewer] reviewer (codex)
RUN-260715-0cdeaa completed TASK-260715-2uata8 [implementer] developer (codex)
RUN-260715-25bbcb running TASK-260715-k0ivxq [implementer] doc-writer (codex)
RUN-260715-374bd8 running TASK-260715-2rhbnh [analyst] orchestrator (codex)
RUN-260715-4ba468 completed TASK-260715-21fpvo [reviewer] reviewer (codex)
RUN-260715-546f09 completed TASK-260715-21fpvo [implementer] developer (codex)
RUN-260715-7d7b8b completed TASK-260715-2uata8 [implementer] developer (codex)
RUN-260715-a48e9d completed TASK-260715-2uata8 [reviewer] reviewer (codex)
--- board ---
summary:{"active":[{"id":"EPIC-260715-28gb4e","name":"wordstats-cli","status":"development"},{"id":"STORY-260715-1lb262","name":"delivery-documentation-and-verification","status":"development"},{"id":"TASK-260715-k0ivxq","name":"document-wordstats-usage-and-tools","status":"development"},{"id":"STORY-260715-34y1fs","name":"orchestration","status":"analysis"},{"id":"TASK-260715-2rhbnh","name":"orchestrate-wordstats-delivery","status":"analysis"}],"blocked":[{"blockedBy":["TASK-260715-k0ivxq"],"id":"TASK-260715-a6fnue","name":"verify-wordstats-delivery"}],"byType":{"bug":{"total":0,"todo":0,"active":0,"done":0,"closed":0,"blocked":0},"epic":{"total":1,"todo":0,"active":1,"done":0,"closed":0,"blocked":0},"story":{"total":4,"todo":0,"active":2,"done":2,"closed":0,"blocked":0},"task":{"total":5,"todo":1,"active":2,"done":2,"closed":0,"blocked":0}}}
===== SAMPLE 15:20:28 (elapsed 368s) =====
--- runs ---
RUN-260715-07faff completed TASK-260715-2uata8 [reviewer] reviewer (codex)
RUN-260715-0cdeaa completed TASK-260715-2uata8 [implementer] developer (codex)
RUN-260715-25bbcb running TASK-260715-k0ivxq [implementer] doc-writer (codex)
RUN-260715-374bd8 running TASK-260715-2rhbnh [analyst] orchestrator (codex)
RUN-260715-4ba468 completed TASK-260715-21fpvo [reviewer] reviewer (codex)
RUN-260715-546f09 completed TASK-260715-21fpvo [implementer] developer (codex)
RUN-260715-7d7b8b completed TASK-260715-2uata8 [implementer] developer (codex)
RUN-260715-a48e9d completed TASK-260715-2uata8 [reviewer] reviewer (codex)
--- board ---
summary:{"active":[{"id":"EPIC-260715-28gb4e","name":"wordstats-cli","status":"development"},{"id":"STORY-260715-1lb262","name":"delivery-documentation-and-verification","status":"development"},{"id":"TASK-260715-k0ivxq","name":"document-wordstats-usage-and-tools","status":"development"},{"id":"STORY-260715-34y1fs","name":"orchestration","status":"analysis"},{"id":"TASK-260715-2rhbnh","name":"orchestrate-wordstats-delivery","status":"analysis"}],"blocked":[{"blockedBy":["TASK-260715-k0ivxq"],"id":"TASK-260715-a6fnue","name":"verify-wordstats-delivery"}],"byType":{"bug":{"total":0,"todo":0,"active":0,"done":0,"closed":0,"blocked":0},"epic":{"total":1,"todo":0,"active":1,"done":0,"closed":0,"blocked":0},"story":{"total":4,"todo":0,"active":2,"done":2,"closed":0,"blocked":0},"task":{"total":5,"todo":1,"active":2,"done":2,"closed":0,"blocked":0}}}
===== SAMPLE 15:20:48 (elapsed 388s) =====
--- runs ---
RUN-260715-07faff completed TASK-260715-2uata8 [reviewer] reviewer (codex)
RUN-260715-0cdeaa completed TASK-260715-2uata8 [implementer] developer (codex)
RUN-260715-25bbcb running TASK-260715-k0ivxq [implementer] doc-writer (codex)
RUN-260715-374bd8 running TASK-260715-2rhbnh [analyst] orchestrator (codex)
RUN-260715-4ba468 completed TASK-260715-21fpvo [reviewer] reviewer (codex)
RUN-260715-546f09 completed TASK-260715-21fpvo [implementer] developer (codex)
RUN-260715-7d7b8b completed TASK-260715-2uata8 [implementer] developer (codex)
RUN-260715-a48e9d completed TASK-260715-2uata8 [reviewer] reviewer (codex)
--- board ---
summary:{"active":[{"id":"EPIC-260715-28gb4e","name":"wordstats-cli","status":"development"},{"id":"STORY-260715-1lb262","name":"delivery-documentation-and-verification","status":"development"},{"id":"TASK-260715-k0ivxq","name":"document-wordstats-usage-and-tools","status":"development"},{"id":"STORY-260715-34y1fs","name":"orchestration","status":"analysis"},{"id":"TASK-260715-2rhbnh","name":"orchestrate-wordstats-delivery","status":"analysis"}],"blocked":[{"blockedBy":["TASK-260715-k0ivxq"],"id":"TASK-260715-a6fnue","name":"verify-wordstats-delivery"}],"byType":{"bug":{"total":0,"todo":0,"active":0,"done":0,"closed":0,"blocked":0},"epic":{"total":1,"todo":0,"active":1,"done":0,"closed":0,"blocked":0},"story":{"total":4,"todo":0,"active":2,"done":2,"closed":0,"blocked":0},"task":{"total":5,"todo":1,"active":2,"done":2,"closed":0,"blocked":0}}}
===== SAMPLE 15:21:09 (elapsed 409s) =====
--- runs ---
RUN-260715-07faff completed TASK-260715-2uata8 [reviewer] reviewer (codex)
RUN-260715-0cdeaa completed TASK-260715-2uata8 [implementer] developer (codex)
RUN-260715-25bbcb running TASK-260715-k0ivxq [implementer] doc-writer (codex)
RUN-260715-374bd8 running TASK-260715-2rhbnh [analyst] orchestrator (codex)
RUN-260715-4ba468 completed TASK-260715-21fpvo [reviewer] reviewer (codex)
RUN-260715-546f09 completed TASK-260715-21fpvo [implementer] developer (codex)
RUN-260715-7d7b8b completed TASK-260715-2uata8 [implementer] developer (codex)
RUN-260715-a48e9d completed TASK-260715-2uata8 [reviewer] reviewer (codex)
--- board ---
summary:{"active":[{"id":"EPIC-260715-28gb4e","name":"wordstats-cli","status":"development"},{"id":"STORY-260715-1lb262","name":"delivery-documentation-and-verification","status":"development"},{"id":"TASK-260715-k0ivxq","name":"document-wordstats-usage-and-tools","status":"development"},{"id":"STORY-260715-34y1fs","name":"orchestration","status":"analysis"},{"id":"TASK-260715-2rhbnh","name":"orchestrate-wordstats-delivery","status":"analysis"}],"blocked":[{"blockedBy":["TASK-260715-k0ivxq"],"id":"TASK-260715-a6fnue","name":"verify-wordstats-delivery"}],"byType":{"bug":{"total":0,"todo":0,"active":0,"done":0,"closed":0,"blocked":0},"epic":{"total":1,"todo":0,"active":1,"done":0,"closed":0,"blocked":0},"story":{"total":4,"todo":0,"active":2,"done":2,"closed":0,"blocked":0},"task":{"total":5,"todo":1,"active":2,"done":2,"closed":0,"blocked":0}}}
===== SAMPLE 15:21:29 (elapsed 429s) =====
--- runs ---
RUN-260715-07faff completed TASK-260715-2uata8 [reviewer] reviewer (codex)
RUN-260715-0cdeaa completed TASK-260715-2uata8 [implementer] developer (codex)
RUN-260715-25bbcb running TASK-260715-k0ivxq [implementer] doc-writer (codex)
RUN-260715-374bd8 running TASK-260715-2rhbnh [analyst] orchestrator (codex)
RUN-260715-4ba468 completed TASK-260715-21fpvo [reviewer] reviewer (codex)
RUN-260715-546f09 completed TASK-260715-21fpvo [implementer] developer (codex)
RUN-260715-7d7b8b completed TASK-260715-2uata8 [implementer] developer (codex)
RUN-260715-a48e9d completed TASK-260715-2uata8 [reviewer] reviewer (codex)
--- board ---
summary:{"active":[{"id":"EPIC-260715-28gb4e","name":"wordstats-cli","status":"development"},{"id":"STORY-260715-1lb262","name":"delivery-documentation-and-verification","status":"development"},{"id":"TASK-260715-k0ivxq","name":"document-wordstats-usage-and-tools","status":"development"},{"id":"STORY-260715-34y1fs","name":"orchestration","status":"analysis"},{"id":"TASK-260715-2rhbnh","name":"orchestrate-wordstats-delivery","status":"analysis"}],"blocked":[{"blockedBy":["TASK-260715-k0ivxq"],"id":"TASK-260715-a6fnue","name":"verify-wordstats-delivery"}],"byType":{"bug":{"total":0,"todo":0,"active":0,"done":0,"closed":0,"blocked":0},"epic":{"total":1,"todo":0,"active":1,"done":0,"closed":0,"blocked":0},"story":{"total":4,"todo":0,"active":2,"done":2,"closed":0,"blocked":0},"task":{"total":5,"todo":1,"active":2,"done":2,"closed":0,"blocked":0}}}
WAKE (interval elapsed, root=running)
===== SAMPLE 15:21:48 (elapsed 0s) =====
--- runs ---
RUN-260715-07faff completed TASK-260715-2uata8 [reviewer] reviewer (codex)
RUN-260715-0cdeaa completed TASK-260715-2uata8 [implementer] developer (codex)
RUN-260715-25bbcb running TASK-260715-k0ivxq [implementer] doc-writer (codex)
RUN-260715-374bd8 running TASK-260715-2rhbnh [analyst] orchestrator (codex)
RUN-260715-4ba468 completed TASK-260715-21fpvo [reviewer] reviewer (codex)
RUN-260715-546f09 completed TASK-260715-21fpvo [implementer] developer (codex)
RUN-260715-7d7b8b completed TASK-260715-2uata8 [implementer] developer (codex)
RUN-260715-a48e9d completed TASK-260715-2uata8 [reviewer] reviewer (codex)
--- board ---
summary:{"active":[{"id":"EPIC-260715-28gb4e","name":"wordstats-cli","status":"development"},{"id":"STORY-260715-1lb262","name":"delivery-documentation-and-verification","status":"development"},{"id":"TASK-260715-k0ivxq","name":"document-wordstats-usage-and-tools","status":"development"},{"id":"STORY-260715-34y1fs","name":"orchestration","status":"analysis"},{"id":"TASK-260715-2rhbnh","name":"orchestrate-wordstats-delivery","status":"analysis"}],"blocked":[{"blockedBy":["TASK-260715-k0ivxq"],"id":"TASK-260715-a6fnue","name":"verify-wordstats-delivery"}],"byType":{"bug":{"total":0,"todo":0,"active":0,"done":0,"closed":0,"blocked":0},"epic":{"total":1,"todo":0,"active":1,"done":0,"closed":0,"blocked":0},"story":{"total":4,"todo":0,"active":2,"done":2,"closed":0,"blocked":0},"task":{"total":5,"todo":1,"active":2,"done":2,"closed":0,"blocked":0}}}
===== SAMPLE 15:22:08 (elapsed 20s) =====
--- runs ---
RUN-260715-07faff completed TASK-260715-2uata8 [reviewer] reviewer (codex)
RUN-260715-0cdeaa completed TASK-260715-2uata8 [implementer] developer (codex)
RUN-260715-25bbcb running TASK-260715-k0ivxq [implementer] doc-writer (codex)
RUN-260715-374bd8 running TASK-260715-2rhbnh [analyst] orchestrator (codex)
RUN-260715-4ba468 completed TASK-260715-21fpvo [reviewer] reviewer (codex)
RUN-260715-546f09 completed TASK-260715-21fpvo [implementer] developer (codex)
RUN-260715-7d7b8b completed TASK-260715-2uata8 [implementer] developer (codex)
RUN-260715-a48e9d completed TASK-260715-2uata8 [reviewer] reviewer (codex)
--- board ---
summary:{"active":[{"id":"EPIC-260715-28gb4e","name":"wordstats-cli","status":"development"},{"id":"STORY-260715-1lb262","name":"delivery-documentation-and-verification","status":"development"},{"id":"TASK-260715-k0ivxq","name":"document-wordstats-usage-and-tools","status":"development"},{"id":"STORY-260715-34y1fs","name":"orchestration","status":"analysis"},{"id":"TASK-260715-2rhbnh","name":"orchestrate-wordstats-delivery","status":"analysis"}],"blocked":[{"blockedBy":["TASK-260715-k0ivxq"],"id":"TASK-260715-a6fnue","name":"verify-wordstats-delivery"}],"byType":{"bug":{"total":0,"todo":0,"active":0,"done":0,"closed":0,"blocked":0},"epic":{"total":1,"todo":0,"active":1,"done":0,"closed":0,"blocked":0},"story":{"total":4,"todo":0,"active":2,"done":2,"closed":0,"blocked":0},"task":{"total":5,"todo":1,"active":2,"done":2,"closed":0,"blocked":0}}}
===== SAMPLE 15:22:28 (elapsed 40s) =====
--- runs ---
RUN-260715-07faff completed TASK-260715-2uata8 [reviewer] reviewer (codex)
RUN-260715-0cdeaa completed TASK-260715-2uata8 [implementer] developer (codex)
RUN-260715-25bbcb running TASK-260715-k0ivxq [implementer] doc-writer (codex)
RUN-260715-374bd8 running TASK-260715-2rhbnh [analyst] orchestrator (codex)
RUN-260715-4ba468 completed TASK-260715-21fpvo [reviewer] reviewer (codex)
RUN-260715-546f09 completed TASK-260715-21fpvo [implementer] developer (codex)
RUN-260715-7d7b8b completed TASK-260715-2uata8 [implementer] developer (codex)
RUN-260715-a48e9d completed TASK-260715-2uata8 [reviewer] reviewer (codex)
--- board ---
summary:{"active":[{"id":"EPIC-260715-28gb4e","name":"wordstats-cli","status":"development"},{"id":"STORY-260715-1lb262","name":"delivery-documentation-and-verification","status":"development"},{"id":"TASK-260715-k0ivxq","name":"document-wordstats-usage-and-tools","status":"development"},{"id":"STORY-260715-34y1fs","name":"orchestration","status":"analysis"},{"id":"TASK-260715-2rhbnh","name":"orchestrate-wordstats-delivery","status":"analysis"}],"blocked":[{"blockedBy":["TASK-260715-k0ivxq"],"id":"TASK-260715-a6fnue","name":"verify-wordstats-delivery"}],"byType":{"bug":{"total":0,"todo":0,"active":0,"done":0,"closed":0,"blocked":0},"epic":{"total":1,"todo":0,"active":1,"done":0,"closed":0,"blocked":0},"story":{"total":4,"todo":0,"active":2,"done":2,"closed":0,"blocked":0},"task":{"total":5,"todo":1,"active":2,"done":2,"closed":0,"blocked":0}}}
===== SAMPLE 15:22:49 (elapsed 61s) =====
--- runs ---
RUN-260715-07faff completed TASK-260715-2uata8 [reviewer] reviewer (codex)
RUN-260715-0cdeaa completed TASK-260715-2uata8 [implementer] developer (codex)
RUN-260715-25bbcb running TASK-260715-k0ivxq [implementer] doc-writer (codex)
RUN-260715-374bd8 running TASK-260715-2rhbnh [analyst] orchestrator (codex)
RUN-260715-4ba468 completed TASK-260715-21fpvo [reviewer] reviewer (codex)
RUN-260715-546f09 completed TASK-260715-21fpvo [implementer] developer (codex)
RUN-260715-7d7b8b completed TASK-260715-2uata8 [implementer] developer (codex)
RUN-260715-a48e9d completed TASK-260715-2uata8 [reviewer] reviewer (codex)
--- board ---
summary:{"active":[{"id":"EPIC-260715-28gb4e","name":"wordstats-cli","status":"development"},{"id":"STORY-260715-1lb262","name":"delivery-documentation-and-verification","status":"development"},{"id":"TASK-260715-k0ivxq","name":"document-wordstats-usage-and-tools","status":"development"},{"id":"STORY-260715-34y1fs","name":"orchestration","status":"analysis"},{"id":"TASK-260715-2rhbnh","name":"orchestrate-wordstats-delivery","status":"analysis"}],"blocked":[{"blockedBy":["TASK-260715-k0ivxq"],"id":"TASK-260715-a6fnue","name":"verify-wordstats-delivery"}],"byType":{"bug":{"total":0,"todo":0,"active":0,"done":0,"closed":0,"blocked":0},"epic":{"total":1,"todo":0,"active":1,"done":0,"closed":0,"blocked":0},"story":{"total":4,"todo":0,"active":2,"done":2,"closed":0,"blocked":0},"task":{"total":5,"todo":1,"active":2,"done":2,"closed":0,"blocked":0}}}
===== SAMPLE 15:23:09 (elapsed 81s) =====
--- runs ---
RUN-260715-07faff completed TASK-260715-2uata8 [reviewer] reviewer (codex)
RUN-260715-0cdeaa completed TASK-260715-2uata8 [implementer] developer (codex)
RUN-260715-25bbcb running TASK-260715-k0ivxq [implementer] doc-writer (codex)
RUN-260715-374bd8 running TASK-260715-2rhbnh [analyst] orchestrator (codex)
RUN-260715-4ba468 completed TASK-260715-21fpvo [reviewer] reviewer (codex)
RUN-260715-546f09 completed TASK-260715-21fpvo [implementer] developer (codex)
RUN-260715-7d7b8b completed TASK-260715-2uata8 [implementer] developer (codex)
RUN-260715-a48e9d completed TASK-260715-2uata8 [reviewer] reviewer (codex)
--- board ---
summary:{"active":[{"id":"EPIC-260715-28gb4e","name":"wordstats-cli","status":"to-review"},{"id":"STORY-260715-1lb262","name":"delivery-documentation-and-verification","status":"to-review"},{"id":"TASK-260715-k0ivxq","name":"document-wordstats-usage-and-tools","status":"to-review"},{"id":"STORY-260715-34y1fs","name":"orchestration","status":"analysis"},{"id":"TASK-260715-2rhbnh","name":"orchestrate-wordstats-delivery","status":"analysis"}],"blocked":[{"blockedBy":["TASK-260715-k0ivxq"],"id":"TASK-260715-a6fnue","name":"verify-wordstats-delivery"}],"byType":{"bug":{"total":0,"todo":0,"active":0,"done":0,"closed":0,"blocked":0},"epic":{"total":1,"todo":0,"active":1,"done":0,"closed":0,"blocked":0},"story":{"total":4,"todo":0,"active":2,"done":2,"closed":0,"blocked":0},"task":{"total":5,"todo":1,"active":2,"done":2,"closed":0,"blocked":0}}}
===== SAMPLE 15:23:29 (elapsed 101s) =====
--- runs ---
RUN-260715-07faff completed TASK-260715-2uata8 [reviewer] reviewer (codex)
RUN-260715-0cdeaa completed TASK-260715-2uata8 [implementer] developer (codex)
RUN-260715-25bbcb completed TASK-260715-k0ivxq [implementer] doc-writer (codex)
RUN-260715-374bd8 running TASK-260715-2rhbnh [analyst] orchestrator (codex)
RUN-260715-4ba468 completed TASK-260715-21fpvo [reviewer] reviewer (codex)
RUN-260715-546f09 completed TASK-260715-21fpvo [implementer] developer (codex)
RUN-260715-7d7b8b completed TASK-260715-2uata8 [implementer] developer (codex)
RUN-260715-a48e9d completed TASK-260715-2uata8 [reviewer] reviewer (codex)
RUN-260715-ac31ff running TASK-260715-k0ivxq [reviewer] reviewer (codex)
--- board ---
summary:{"active":[{"id":"EPIC-260715-28gb4e","name":"wordstats-cli","status":"to-review"},{"id":"STORY-260715-1lb262","name":"delivery-documentation-and-verification","status":"to-review"},{"id":"TASK-260715-k0ivxq","name":"document-wordstats-usage-and-tools","status":"to-review"},{"id":"STORY-260715-34y1fs","name":"orchestration","status":"analysis"},{"id":"TASK-260715-2rhbnh","name":"orchestrate-wordstats-delivery","status":"analysis"}],"blocked":[{"blockedBy":["TASK-260715-k0ivxq"],"id":"TASK-260715-a6fnue","name":"verify-wordstats-delivery"}],"byType":{"bug":{"total":0,"todo":0,"active":0,"done":0,"closed":0,"blocked":0},"epic":{"total":1,"todo":0,"active":1,"done":0,"closed":0,"blocked":0},"story":{"total":4,"todo":0,"active":2,"done":2,"closed":0,"blocked":0},"task":{"total":5,"todo":1,"active":2,"done":2,"closed":0,"blocked":0}}}
===== SAMPLE 15:23:50 (elapsed 122s) =====
--- runs ---
RUN-260715-07faff completed TASK-260715-2uata8 [reviewer] reviewer (codex)
RUN-260715-0cdeaa completed TASK-260715-2uata8 [implementer] developer (codex)
RUN-260715-25bbcb completed TASK-260715-k0ivxq [implementer] doc-writer (codex)
RUN-260715-374bd8 running TASK-260715-2rhbnh [analyst] orchestrator (codex)
RUN-260715-4ba468 completed TASK-260715-21fpvo [reviewer] reviewer (codex)
RUN-260715-546f09 completed TASK-260715-21fpvo [implementer] developer (codex)
RUN-260715-7d7b8b completed TASK-260715-2uata8 [implementer] developer (codex)
RUN-260715-a48e9d completed TASK-260715-2uata8 [reviewer] reviewer (codex)
RUN-260715-ac31ff running TASK-260715-k0ivxq [reviewer] reviewer (codex)
--- board ---
summary:{"active":[{"id":"EPIC-260715-28gb4e","name":"wordstats-cli","status":"reviewing"},{"id":"STORY-260715-1lb262","name":"delivery-documentation-and-verification","status":"reviewing"},{"id":"TASK-260715-k0ivxq","name":"document-wordstats-usage-and-tools","status":"reviewing"},{"id":"STORY-260715-34y1fs","name":"orchestration","status":"analysis"},{"id":"TASK-260715-2rhbnh","name":"orchestrate-wordstats-delivery","status":"analysis"}],"blocked":[{"blockedBy":["TASK-260715-k0ivxq"],"id":"TASK-260715-a6fnue","name":"verify-wordstats-delivery"}],"byType":{"bug":{"total":0,"todo":0,"active":0,"done":0,"closed":0,"blocked":0},"epic":{"total":1,"todo":0,"active":1,"done":0,"closed":0,"blocked":0},"story":{"total":4,"todo":0,"active":2,"done":2,"closed":0,"blocked":0},"task":{"total":5,"todo":1,"active":2,"done":2,"closed":0,"blocked":0}}}
===== SAMPLE 15:24:10 (elapsed 142s) =====
--- runs ---
RUN-260715-07faff completed TASK-260715-2uata8 [reviewer] reviewer (codex)
RUN-260715-0cdeaa completed TASK-260715-2uata8 [implementer] developer (codex)
RUN-260715-25bbcb completed TASK-260715-k0ivxq [implementer] doc-writer (codex)
RUN-260715-374bd8 running TASK-260715-2rhbnh [analyst] orchestrator (codex)
RUN-260715-4ba468 completed TASK-260715-21fpvo [reviewer] reviewer (codex)
RUN-260715-546f09 completed TASK-260715-21fpvo [implementer] developer (codex)
RUN-260715-7d7b8b completed TASK-260715-2uata8 [implementer] developer (codex)
RUN-260715-a48e9d completed TASK-260715-2uata8 [reviewer] reviewer (codex)
RUN-260715-ac31ff running TASK-260715-k0ivxq [reviewer] reviewer (codex)
--- board ---
summary:{"active":[{"id":"EPIC-260715-28gb4e","name":"wordstats-cli","status":"reviewing"},{"id":"STORY-260715-1lb262","name":"delivery-documentation-and-verification","status":"reviewing"},{"id":"TASK-260715-k0ivxq","name":"document-wordstats-usage-and-tools","status":"reviewing"},{"id":"STORY-260715-34y1fs","name":"orchestration","status":"analysis"},{"id":"TASK-260715-2rhbnh","name":"orchestrate-wordstats-delivery","status":"analysis"}],"blocked":[{"blockedBy":["TASK-260715-k0ivxq"],"id":"TASK-260715-a6fnue","name":"verify-wordstats-delivery"}],"byType":{"bug":{"total":0,"todo":0,"active":0,"done":0,"closed":0,"blocked":0},"epic":{"total":1,"todo":0,"active":1,"done":0,"closed":0,"blocked":0},"story":{"total":4,"todo":0,"active":2,"done":2,"closed":0,"blocked":0},"task":{"total":5,"todo":1,"active":2,"done":2,"closed":0,"blocked":0}}}
===== SAMPLE 15:24:31 (elapsed 163s) =====
--- runs ---
RUN-260715-07faff completed TASK-260715-2uata8 [reviewer] reviewer (codex)
RUN-260715-0cdeaa completed TASK-260715-2uata8 [implementer] developer (codex)
RUN-260715-25bbcb completed TASK-260715-k0ivxq [implementer] doc-writer (codex)
RUN-260715-374bd8 running TASK-260715-2rhbnh [analyst] orchestrator (codex)
RUN-260715-4ba468 completed TASK-260715-21fpvo [reviewer] reviewer (codex)
RUN-260715-546f09 completed TASK-260715-21fpvo [implementer] developer (codex)
RUN-260715-7d7b8b completed TASK-260715-2uata8 [implementer] developer (codex)
RUN-260715-a48e9d completed TASK-260715-2uata8 [reviewer] reviewer (codex)
RUN-260715-ac31ff running TASK-260715-k0ivxq [reviewer] reviewer (codex)
--- board ---
summary:{"active":[{"id":"EPIC-260715-28gb4e","name":"wordstats-cli","status":"reviewing"},{"id":"STORY-260715-1lb262","name":"delivery-documentation-and-verification","status":"reviewing"},{"id":"TASK-260715-k0ivxq","name":"document-wordstats-usage-and-tools","status":"reviewing"},{"id":"STORY-260715-34y1fs","name":"orchestration","status":"analysis"},{"id":"TASK-260715-2rhbnh","name":"orchestrate-wordstats-delivery","status":"analysis"}],"blocked":[{"blockedBy":["TASK-260715-k0ivxq"],"id":"TASK-260715-a6fnue","name":"verify-wordstats-delivery"}],"byType":{"bug":{"total":0,"todo":0,"active":0,"done":0,"closed":0,"blocked":0},"epic":{"total":1,"todo":0,"active":1,"done":0,"closed":0,"blocked":0},"story":{"total":4,"todo":0,"active":2,"done":2,"closed":0,"blocked":0},"task":{"total":5,"todo":1,"active":2,"done":2,"closed":0,"blocked":0}}}
===== SAMPLE 15:24:51 (elapsed 183s) =====
--- runs ---
RUN-260715-07faff completed TASK-260715-2uata8 [reviewer] reviewer (codex)
RUN-260715-0cdeaa completed TASK-260715-2uata8 [implementer] developer (codex)
RUN-260715-25bbcb completed TASK-260715-k0ivxq [implementer] doc-writer (codex)
RUN-260715-374bd8 running TASK-260715-2rhbnh [analyst] orchestrator (codex)
RUN-260715-4ba468 completed TASK-260715-21fpvo [reviewer] reviewer (codex)
RUN-260715-546f09 completed TASK-260715-21fpvo [implementer] developer (codex)
RUN-260715-7d7b8b completed TASK-260715-2uata8 [implementer] developer (codex)
RUN-260715-a48e9d completed TASK-260715-2uata8 [reviewer] reviewer (codex)
RUN-260715-ac31ff running TASK-260715-k0ivxq [reviewer] reviewer (codex)
--- board ---
summary:{"active":[{"id":"EPIC-260715-28gb4e","name":"wordstats-cli","status":"reviewing"},{"id":"STORY-260715-1lb262","name":"delivery-documentation-and-verification","status":"reviewing"},{"id":"TASK-260715-k0ivxq","name":"document-wordstats-usage-and-tools","status":"reviewing"},{"id":"STORY-260715-34y1fs","name":"orchestration","status":"analysis"},{"id":"TASK-260715-2rhbnh","name":"orchestrate-wordstats-delivery","status":"analysis"}],"blocked":[{"blockedBy":["TASK-260715-k0ivxq"],"id":"TASK-260715-a6fnue","name":"verify-wordstats-delivery"}],"byType":{"bug":{"total":0,"todo":0,"active":0,"done":0,"closed":0,"blocked":0},"epic":{"total":1,"todo":0,"active":1,"done":0,"closed":0,"blocked":0},"story":{"total":4,"todo":0,"active":2,"done":2,"closed":0,"blocked":0},"task":{"total":5,"todo":1,"active":2,"done":2,"closed":0,"blocked":0}}}
===== SAMPLE 15:25:12 (elapsed 204s) =====
--- runs ---
RUN-260715-07faff completed TASK-260715-2uata8 [reviewer] reviewer (codex)
RUN-260715-0cdeaa completed TASK-260715-2uata8 [implementer] developer (codex)
RUN-260715-25bbcb completed TASK-260715-k0ivxq [implementer] doc-writer (codex)
RUN-260715-374bd8 running TASK-260715-2rhbnh [analyst] orchestrator (codex)
RUN-260715-4ba468 completed TASK-260715-21fpvo [reviewer] reviewer (codex)
RUN-260715-546f09 completed TASK-260715-21fpvo [implementer] developer (codex)
RUN-260715-7d7b8b completed TASK-260715-2uata8 [implementer] developer (codex)
RUN-260715-a48e9d completed TASK-260715-2uata8 [reviewer] reviewer (codex)
RUN-260715-ac31ff running TASK-260715-k0ivxq [reviewer] reviewer (codex)
--- board ---
summary:{"active":[{"id":"EPIC-260715-28gb4e","name":"wordstats-cli","status":"reviewing"},{"id":"STORY-260715-1lb262","name":"delivery-documentation-and-verification","status":"reviewing"},{"id":"TASK-260715-k0ivxq","name":"document-wordstats-usage-and-tools","status":"reviewing"},{"id":"STORY-260715-34y1fs","name":"orchestration","status":"analysis"},{"id":"TASK-260715-2rhbnh","name":"orchestrate-wordstats-delivery","status":"analysis"}],"blocked":[{"blockedBy":["TASK-260715-k0ivxq"],"id":"TASK-260715-a6fnue","name":"verify-wordstats-delivery"}],"byType":{"bug":{"total":0,"todo":0,"active":0,"done":0,"closed":0,"blocked":0},"epic":{"total":1,"todo":0,"active":1,"done":0,"closed":0,"blocked":0},"story":{"total":4,"todo":0,"active":2,"done":2,"closed":0,"blocked":0},"task":{"total":5,"todo":1,"active":2,"done":2,"closed":0,"blocked":0}}}
===== SAMPLE 15:25:32 (elapsed 224s) =====
--- runs ---
RUN-260715-07faff completed TASK-260715-2uata8 [reviewer] reviewer (codex)
RUN-260715-0cdeaa completed TASK-260715-2uata8 [implementer] developer (codex)
RUN-260715-25bbcb completed TASK-260715-k0ivxq [implementer] doc-writer (codex)
RUN-260715-374bd8 running TASK-260715-2rhbnh [analyst] orchestrator (codex)
RUN-260715-4ba468 completed TASK-260715-21fpvo [reviewer] reviewer (codex)
RUN-260715-546f09 completed TASK-260715-21fpvo [implementer] developer (codex)
RUN-260715-7d7b8b completed TASK-260715-2uata8 [implementer] developer (codex)
RUN-260715-a48e9d completed TASK-260715-2uata8 [reviewer] reviewer (codex)
RUN-260715-ac31ff running TASK-260715-k0ivxq [reviewer] reviewer (codex)
--- board ---
summary:{"active":[{"id":"EPIC-260715-28gb4e","name":"wordstats-cli","status":"reviewing"},{"id":"STORY-260715-1lb262","name":"delivery-documentation-and-verification","status":"reviewing"},{"id":"TASK-260715-k0ivxq","name":"document-wordstats-usage-and-tools","status":"reviewing"},{"id":"STORY-260715-34y1fs","name":"orchestration","status":"analysis"},{"id":"TASK-260715-2rhbnh","name":"orchestrate-wordstats-delivery","status":"analysis"}],"blocked":[{"blockedBy":["TASK-260715-k0ivxq"],"id":"TASK-260715-a6fnue","name":"verify-wordstats-delivery"}],"byType":{"bug":{"total":0,"todo":0,"active":0,"done":0,"closed":0,"blocked":0},"epic":{"total":1,"todo":0,"active":1,"done":0,"closed":0,"blocked":0},"story":{"total":4,"todo":0,"active":2,"done":2,"closed":0,"blocked":0},"task":{"total":5,"todo":1,"active":2,"done":2,"closed":0,"blocked":0}}}
===== SAMPLE 15:25:53 (elapsed 245s) =====
--- runs ---
RUN-260715-07faff completed TASK-260715-2uata8 [reviewer] reviewer (codex)
RUN-260715-0cdeaa completed TASK-260715-2uata8 [implementer] developer (codex)
RUN-260715-25bbcb completed TASK-260715-k0ivxq [implementer] doc-writer (codex)
RUN-260715-374bd8 running TASK-260715-2rhbnh [analyst] orchestrator (codex)
RUN-260715-4ba468 completed TASK-260715-21fpvo [reviewer] reviewer (codex)
RUN-260715-546f09 completed TASK-260715-21fpvo [implementer] developer (codex)
RUN-260715-7d7b8b completed TASK-260715-2uata8 [implementer] developer (codex)
RUN-260715-a48e9d completed TASK-260715-2uata8 [reviewer] reviewer (codex)
RUN-260715-ac31ff running TASK-260715-k0ivxq [reviewer] reviewer (codex)
--- board ---
summary:{"active":[{"id":"EPIC-260715-28gb4e","name":"wordstats-cli","status":"reviewing"},{"id":"STORY-260715-1lb262","name":"delivery-documentation-and-verification","status":"reviewing"},{"id":"TASK-260715-k0ivxq","name":"document-wordstats-usage-and-tools","status":"reviewing"},{"id":"STORY-260715-34y1fs","name":"orchestration","status":"analysis"},{"id":"TASK-260715-2rhbnh","name":"orchestrate-wordstats-delivery","status":"analysis"}],"blocked":[{"blockedBy":["TASK-260715-k0ivxq"],"id":"TASK-260715-a6fnue","name":"verify-wordstats-delivery"}],"byType":{"bug":{"total":0,"todo":0,"active":0,"done":0,"closed":0,"blocked":0},"epic":{"total":1,"todo":0,"active":1,"done":0,"closed":0,"blocked":0},"story":{"total":4,"todo":0,"active":2,"done":2,"closed":0,"blocked":0},"task":{"total":5,"todo":1,"active":2,"done":2,"closed":0,"blocked":0}}}
===== SAMPLE 15:26:14 (elapsed 266s) =====
--- runs ---
RUN-260715-07faff completed TASK-260715-2uata8 [reviewer] reviewer (codex)
RUN-260715-0cdeaa completed TASK-260715-2uata8 [implementer] developer (codex)
RUN-260715-25bbcb completed TASK-260715-k0ivxq [implementer] doc-writer (codex)
RUN-260715-374bd8 running TASK-260715-2rhbnh [analyst] orchestrator (codex)
RUN-260715-4ba468 completed TASK-260715-21fpvo [reviewer] reviewer (codex)
RUN-260715-546f09 completed TASK-260715-21fpvo [implementer] developer (codex)
RUN-260715-7d7b8b completed TASK-260715-2uata8 [implementer] developer (codex)
RUN-260715-a48e9d completed TASK-260715-2uata8 [reviewer] reviewer (codex)
RUN-260715-ac31ff running TASK-260715-k0ivxq [reviewer] reviewer (codex)
--- board ---
summary:{"active":[{"id":"EPIC-260715-28gb4e","name":"wordstats-cli","status":"reviewing"},{"id":"STORY-260715-1lb262","name":"delivery-documentation-and-verification","status":"reviewing"},{"id":"TASK-260715-k0ivxq","name":"document-wordstats-usage-and-tools","status":"reviewing"},{"id":"STORY-260715-34y1fs","name":"orchestration","status":"analysis"},{"id":"TASK-260715-2rhbnh","name":"orchestrate-wordstats-delivery","status":"analysis"}],"blocked":[{"blockedBy":["TASK-260715-k0ivxq"],"id":"TASK-260715-a6fnue","name":"verify-wordstats-delivery"}],"byType":{"bug":{"total":0,"todo":0,"active":0,"done":0,"closed":0,"blocked":0},"epic":{"total":1,"todo":0,"active":1,"done":0,"closed":0,"blocked":0},"story":{"total":4,"todo":0,"active":2,"done":2,"closed":0,"blocked":0},"task":{"total":5,"todo":1,"active":2,"done":2,"closed":0,"blocked":0}}}
===== SAMPLE 15:26:34 (elapsed 286s) =====
--- runs ---
RUN-260715-07faff completed TASK-260715-2uata8 [reviewer] reviewer (codex)
RUN-260715-0cdeaa completed TASK-260715-2uata8 [implementer] developer (codex)
RUN-260715-25bbcb completed TASK-260715-k0ivxq [implementer] doc-writer (codex)
RUN-260715-374bd8 running TASK-260715-2rhbnh [analyst] orchestrator (codex)
RUN-260715-4ba468 completed TASK-260715-21fpvo [reviewer] reviewer (codex)
RUN-260715-546f09 completed TASK-260715-21fpvo [implementer] developer (codex)
RUN-260715-7d7b8b completed TASK-260715-2uata8 [implementer] developer (codex)
RUN-260715-a48e9d completed TASK-260715-2uata8 [reviewer] reviewer (codex)
RUN-260715-ac31ff running TASK-260715-k0ivxq [reviewer] reviewer (codex)
--- board ---
summary:{"active":[{"id":"EPIC-260715-28gb4e","name":"wordstats-cli","status":"reviewing"},{"id":"STORY-260715-1lb262","name":"delivery-documentation-and-verification","status":"reviewing"},{"id":"TASK-260715-k0ivxq","name":"document-wordstats-usage-and-tools","status":"reviewing"},{"id":"STORY-260715-34y1fs","name":"orchestration","status":"analysis"},{"id":"TASK-260715-2rhbnh","name":"orchestrate-wordstats-delivery","status":"analysis"}],"blocked":[{"blockedBy":["TASK-260715-k0ivxq"],"id":"TASK-260715-a6fnue","name":"verify-wordstats-delivery"}],"byType":{"bug":{"total":0,"todo":0,"active":0,"done":0,"closed":0,"blocked":0},"epic":{"total":1,"todo":0,"active":1,"done":0,"closed":0,"blocked":0},"story":{"total":4,"todo":0,"active":2,"done":2,"closed":0,"blocked":0},"task":{"total":5,"todo":1,"active":2,"done":2,"closed":0,"blocked":0}}}
===== SAMPLE 15:26:55 (elapsed 307s) =====
--- runs ---
RUN-260715-07faff completed TASK-260715-2uata8 [reviewer] reviewer (codex)
RUN-260715-0cdeaa completed TASK-260715-2uata8 [implementer] developer (codex)
RUN-260715-25bbcb completed TASK-260715-k0ivxq [implementer] doc-writer (codex)
RUN-260715-374bd8 running TASK-260715-2rhbnh [analyst] orchestrator (codex)
RUN-260715-4ba468 completed TASK-260715-21fpvo [reviewer] reviewer (codex)
RUN-260715-546f09 completed TASK-260715-21fpvo [implementer] developer (codex)
RUN-260715-7d7b8b completed TASK-260715-2uata8 [implementer] developer (codex)
RUN-260715-a48e9d completed TASK-260715-2uata8 [reviewer] reviewer (codex)
RUN-260715-ac31ff running TASK-260715-k0ivxq [reviewer] reviewer (codex)
--- board ---
summary:{"active":[{"id":"EPIC-260715-28gb4e","name":"wordstats-cli","status":"reviewing"},{"id":"STORY-260715-1lb262","name":"delivery-documentation-and-verification","status":"reviewing"},{"id":"TASK-260715-k0ivxq","name":"document-wordstats-usage-and-tools","status":"reviewing"},{"id":"STORY-260715-34y1fs","name":"orchestration","status":"analysis"},{"id":"TASK-260715-2rhbnh","name":"orchestrate-wordstats-delivery","status":"analysis"}],"blocked":[{"blockedBy":["TASK-260715-k0ivxq"],"id":"TASK-260715-a6fnue","name":"verify-wordstats-delivery"}],"byType":{"bug":{"total":0,"todo":0,"active":0,"done":0,"closed":0,"blocked":0},"epic":{"total":1,"todo":0,"active":1,"done":0,"closed":0,"blocked":0},"story":{"total":4,"todo":0,"active":2,"done":2,"closed":0,"blocked":0},"task":{"total":5,"todo":1,"active":2,"done":2,"closed":0,"blocked":0}}}
===== SAMPLE 15:27:16 (elapsed 328s) =====
--- runs ---
RUN-260715-07faff completed TASK-260715-2uata8 [reviewer] reviewer (codex)
RUN-260715-0cdeaa completed TASK-260715-2uata8 [implementer] developer (codex)
RUN-260715-25bbcb completed TASK-260715-k0ivxq [implementer] doc-writer (codex)
RUN-260715-374bd8 running TASK-260715-2rhbnh [analyst] orchestrator (codex)
RUN-260715-4ba468 completed TASK-260715-21fpvo [reviewer] reviewer (codex)
RUN-260715-546f09 completed TASK-260715-21fpvo [implementer] developer (codex)
RUN-260715-7d7b8b completed TASK-260715-2uata8 [implementer] developer (codex)
RUN-260715-a48e9d completed TASK-260715-2uata8 [reviewer] reviewer (codex)
RUN-260715-ac31ff running TASK-260715-k0ivxq [reviewer] reviewer (codex)
--- board ---
summary:{"active":[{"id":"EPIC-260715-28gb4e","name":"wordstats-cli","status":"reviewing"},{"id":"STORY-260715-1lb262","name":"delivery-documentation-and-verification","status":"reviewing"},{"id":"TASK-260715-k0ivxq","name":"document-wordstats-usage-and-tools","status":"reviewing"},{"id":"STORY-260715-34y1fs","name":"orchestration","status":"analysis"},{"id":"TASK-260715-2rhbnh","name":"orchestrate-wordstats-delivery","status":"analysis"}],"blocked":[{"blockedBy":["TASK-260715-k0ivxq"],"id":"TASK-260715-a6fnue","name":"verify-wordstats-delivery"}],"byType":{"bug":{"total":0,"todo":0,"active":0,"done":0,"closed":0,"blocked":0},"epic":{"total":1,"todo":0,"active":1,"done":0,"closed":0,"blocked":0},"story":{"total":4,"todo":0,"active":2,"done":2,"closed":0,"blocked":0},"task":{"total":5,"todo":1,"active":2,"done":2,"closed":0,"blocked":0}}}
===== SAMPLE 15:27:36 (elapsed 348s) =====
--- runs ---
RUN-260715-07faff completed TASK-260715-2uata8 [reviewer] reviewer (codex)
RUN-260715-0cdeaa completed TASK-260715-2uata8 [implementer] developer (codex)
RUN-260715-25bbcb completed TASK-260715-k0ivxq [implementer] doc-writer (codex)
RUN-260715-374bd8 running TASK-260715-2rhbnh [analyst] orchestrator (codex)
RUN-260715-4ba468 completed TASK-260715-21fpvo [reviewer] reviewer (codex)
RUN-260715-546f09 completed TASK-260715-21fpvo [implementer] developer (codex)
RUN-260715-7d7b8b completed TASK-260715-2uata8 [implementer] developer (codex)
RUN-260715-a48e9d completed TASK-260715-2uata8 [reviewer] reviewer (codex)
RUN-260715-ac31ff running TASK-260715-k0ivxq [reviewer] reviewer (codex)
--- board ---
summary:{"active":[{"id":"EPIC-260715-28gb4e","name":"wordstats-cli","status":"reviewing"},{"id":"STORY-260715-1lb262","name":"delivery-documentation-and-verification","status":"reviewing"},{"id":"TASK-260715-k0ivxq","name":"document-wordstats-usage-and-tools","status":"reviewing"},{"id":"STORY-260715-34y1fs","name":"orchestration","status":"analysis"},{"id":"TASK-260715-2rhbnh","name":"orchestrate-wordstats-delivery","status":"analysis"}],"blocked":[{"blockedBy":["TASK-260715-k0ivxq"],"id":"TASK-260715-a6fnue","name":"verify-wordstats-delivery"}],"byType":{"bug":{"total":0,"todo":0,"active":0,"done":0,"closed":0,"blocked":0},"epic":{"total":1,"todo":0,"active":1,"done":0,"closed":0,"blocked":0},"story":{"total":4,"todo":0,"active":2,"done":2,"closed":0,"blocked":0},"task":{"total":5,"todo":1,"active":2,"done":2,"closed":0,"blocked":0}}}
===== SAMPLE 15:27:57 (elapsed 369s) =====
--- runs ---
RUN-260715-07faff completed TASK-260715-2uata8 [reviewer] reviewer (codex)
RUN-260715-0cdeaa completed TASK-260715-2uata8 [implementer] developer (codex)
RUN-260715-25bbcb completed TASK-260715-k0ivxq [implementer] doc-writer (codex)
RUN-260715-374bd8 running TASK-260715-2rhbnh [analyst] orchestrator (codex)
RUN-260715-4ba468 completed TASK-260715-21fpvo [reviewer] reviewer (codex)
RUN-260715-546f09 completed TASK-260715-21fpvo [implementer] developer (codex)
RUN-260715-7d7b8b completed TASK-260715-2uata8 [implementer] developer (codex)
RUN-260715-a48e9d completed TASK-260715-2uata8 [reviewer] reviewer (codex)
RUN-260715-ac31ff running TASK-260715-k0ivxq [reviewer] reviewer (codex)
--- board ---
summary:{"active":[{"id":"EPIC-260715-28gb4e","name":"wordstats-cli","status":"reviewing"},{"id":"STORY-260715-1lb262","name":"delivery-documentation-and-verification","status":"reviewing"},{"id":"TASK-260715-k0ivxq","name":"document-wordstats-usage-and-tools","status":"reviewing"},{"id":"STORY-260715-34y1fs","name":"orchestration","status":"analysis"},{"id":"TASK-260715-2rhbnh","name":"orchestrate-wordstats-delivery","status":"analysis"}],"blocked":[{"blockedBy":["TASK-260715-k0ivxq"],"id":"TASK-260715-a6fnue","name":"verify-wordstats-delivery"}],"byType":{"bug":{"total":0,"todo":0,"active":0,"done":0,"closed":0,"blocked":0},"epic":{"total":1,"todo":0,"active":1,"done":0,"closed":0,"blocked":0},"story":{"total":4,"todo":0,"active":2,"done":2,"closed":0,"blocked":0},"task":{"total":5,"todo":1,"active":2,"done":2,"closed":0,"blocked":0}}}
===== SAMPLE 15:28:17 (elapsed 389s) =====
--- runs ---
RUN-260715-07faff completed TASK-260715-2uata8 [reviewer] reviewer (codex)
RUN-260715-0cdeaa completed TASK-260715-2uata8 [implementer] developer (codex)
RUN-260715-25bbcb completed TASK-260715-k0ivxq [implementer] doc-writer (codex)
RUN-260715-374bd8 running TASK-260715-2rhbnh [analyst] orchestrator (codex)
RUN-260715-4ba468 completed TASK-260715-21fpvo [reviewer] reviewer (codex)
RUN-260715-546f09 completed TASK-260715-21fpvo [implementer] developer (codex)
RUN-260715-7d7b8b completed TASK-260715-2uata8 [implementer] developer (codex)
RUN-260715-a48e9d completed TASK-260715-2uata8 [reviewer] reviewer (codex)
RUN-260715-ac31ff running TASK-260715-k0ivxq [reviewer] reviewer (codex)
--- board ---
summary:{"active":[{"id":"EPIC-260715-28gb4e","name":"wordstats-cli","status":"reviewing"},{"id":"STORY-260715-1lb262","name":"delivery-documentation-and-verification","status":"reviewing"},{"id":"TASK-260715-k0ivxq","name":"document-wordstats-usage-and-tools","status":"reviewing"},{"id":"STORY-260715-34y1fs","name":"orchestration","status":"analysis"},{"id":"TASK-260715-2rhbnh","name":"orchestrate-wordstats-delivery","status":"analysis"}],"blocked":[{"blockedBy":["TASK-260715-k0ivxq"],"id":"TASK-260715-a6fnue","name":"verify-wordstats-delivery"}],"byType":{"bug":{"total":0,"todo":0,"active":0,"done":0,"closed":0,"blocked":0},"epic":{"total":1,"todo":0,"active":1,"done":0,"closed":0,"blocked":0},"story":{"total":4,"todo":0,"active":2,"done":2,"closed":0,"blocked":0},"task":{"total":5,"todo":1,"active":2,"done":2,"closed":0,"blocked":0}}}
===== SAMPLE 15:28:38 (elapsed 410s) =====
--- runs ---
RUN-260715-07faff completed TASK-260715-2uata8 [reviewer] reviewer (codex)
RUN-260715-0cdeaa completed TASK-260715-2uata8 [implementer] developer (codex)
RUN-260715-25bbcb completed TASK-260715-k0ivxq [implementer] doc-writer (codex)
RUN-260715-374bd8 running TASK-260715-2rhbnh [analyst] orchestrator (codex)
RUN-260715-4ba468 completed TASK-260715-21fpvo [reviewer] reviewer (codex)
RUN-260715-546f09 completed TASK-260715-21fpvo [implementer] developer (codex)
RUN-260715-7d7b8b completed TASK-260715-2uata8 [implementer] developer (codex)
RUN-260715-a48e9d completed TASK-260715-2uata8 [reviewer] reviewer (codex)
RUN-260715-ac31ff running TASK-260715-k0ivxq [reviewer] reviewer (codex)
--- board ---
summary:{"active":[{"id":"EPIC-260715-28gb4e","name":"wordstats-cli","status":"analysis"},{"id":"STORY-260715-34y1fs","name":"orchestration","status":"analysis"},{"id":"TASK-260715-2rhbnh","name":"orchestrate-wordstats-delivery","status":"analysis"}],"blocked":[],"byType":{"bug":{"total":0,"todo":0,"active":0,"done":0,"closed":0,"blocked":0},"epic":{"total":1,"todo":0,"active":1,"done":0,"closed":0,"blocked":0},"story":{"total":4,"todo":1,"active":1,"done":2,"closed":0,"blocked":0},"task":{"total":5,"todo":1,"active":1,"done":3,"closed":0,"blocked":0}}}
===== SAMPLE 15:28:58 (elapsed 430s) =====
--- runs ---
RUN-260715-07faff completed TASK-260715-2uata8 [reviewer] reviewer (codex)
RUN-260715-0cdeaa completed TASK-260715-2uata8 [implementer] developer (codex)
RUN-260715-25bbcb completed TASK-260715-k0ivxq [implementer] doc-writer (codex)
RUN-260715-374bd8 running TASK-260715-2rhbnh [analyst] orchestrator (codex)
RUN-260715-4ba468 completed TASK-260715-21fpvo [reviewer] reviewer (codex)
RUN-260715-546f09 completed TASK-260715-21fpvo [implementer] developer (codex)
RUN-260715-7d7b8b completed TASK-260715-2uata8 [implementer] developer (codex)
RUN-260715-a48e9d completed TASK-260715-2uata8 [reviewer] reviewer (codex)
RUN-260715-ac31ff completed TASK-260715-k0ivxq [reviewer] reviewer (codex)
--- board ---
summary:{"active":[{"id":"EPIC-260715-28gb4e","name":"wordstats-cli","status":"analysis"},{"id":"STORY-260715-34y1fs","name":"orchestration","status":"analysis"},{"id":"TASK-260715-2rhbnh","name":"orchestrate-wordstats-delivery","status":"analysis"}],"blocked":[],"byType":{"bug":{"total":0,"todo":0,"active":0,"done":0,"closed":0,"blocked":0},"epic":{"total":1,"todo":0,"active":1,"done":0,"closed":0,"blocked":0},"story":{"total":4,"todo":1,"active":1,"done":2,"closed":0,"blocked":0},"task":{"total":5,"todo":1,"active":1,"done":3,"closed":0,"blocked":0}}}
WAKE (interval elapsed, root=running)
===== SAMPLE 15:29:24 (elapsed 0s) =====
--- runs ---
RUN-260715-07faff completed TASK-260715-2uata8 [reviewer] reviewer (codex)
RUN-260715-0cdeaa completed TASK-260715-2uata8 [implementer] developer (codex)
RUN-260715-25bbcb completed TASK-260715-k0ivxq [implementer] doc-writer (codex)
RUN-260715-374bd8 running TASK-260715-2rhbnh [analyst] orchestrator (codex)
RUN-260715-4ba468 completed TASK-260715-21fpvo [reviewer] reviewer (codex)
RUN-260715-546f09 completed TASK-260715-21fpvo [implementer] developer (codex)
RUN-260715-7d7b8b completed TASK-260715-2uata8 [implementer] developer (codex)
RUN-260715-a48e9d completed TASK-260715-2uata8 [reviewer] reviewer (codex)
RUN-260715-ac31ff completed TASK-260715-k0ivxq [reviewer] reviewer (codex)
RUN-260715-ef51a5 running TASK-260715-a6fnue [tester] tester (codex)
--- board ---
summary:{"active":[{"id":"EPIC-260715-28gb4e","name":"wordstats-cli","status":"analysis"},{"id":"STORY-260715-1lb262","name":"delivery-documentation-and-verification","status":"development"},{"id":"TASK-260715-a6fnue","name":"verify-wordstats-delivery","status":"development"},{"id":"STORY-260715-34y1fs","name":"orchestration","status":"analysis"},{"id":"TASK-260715-2rhbnh","name":"orchestrate-wordstats-delivery","status":"analysis"}],"blocked":[],"byType":{"bug":{"total":0,"todo":0,"active":0,"done":0,"closed":0,"blocked":0},"epic":{"total":1,"todo":0,"active":1,"done":0,"closed":0,"blocked":0},"story":{"total":4,"todo":0,"active":2,"done":2,"closed":0,"blocked":0},"task":{"total":5,"todo":0,"active":2,"done":3,"closed":0,"blocked":0}}}
===== SAMPLE 15:29:44 (elapsed 20s) =====
--- runs ---
RUN-260715-07faff completed TASK-260715-2uata8 [reviewer] reviewer (codex)
RUN-260715-0cdeaa completed TASK-260715-2uata8 [implementer] developer (codex)
RUN-260715-25bbcb completed TASK-260715-k0ivxq [implementer] doc-writer (codex)
RUN-260715-374bd8 running TASK-260715-2rhbnh [analyst] orchestrator (codex)
RUN-260715-4ba468 completed TASK-260715-21fpvo [reviewer] reviewer (codex)
RUN-260715-546f09 completed TASK-260715-21fpvo [implementer] developer (codex)
RUN-260715-7d7b8b completed TASK-260715-2uata8 [implementer] developer (codex)
RUN-260715-a48e9d completed TASK-260715-2uata8 [reviewer] reviewer (codex)
RUN-260715-ac31ff completed TASK-260715-k0ivxq [reviewer] reviewer (codex)
RUN-260715-ef51a5 running TASK-260715-a6fnue [tester] tester (codex)
--- board ---
summary:{"active":[{"id":"EPIC-260715-28gb4e","name":"wordstats-cli","status":"analysis"},{"id":"STORY-260715-1lb262","name":"delivery-documentation-and-verification","status":"development"},{"id":"TASK-260715-a6fnue","name":"verify-wordstats-delivery","status":"development"},{"id":"STORY-260715-34y1fs","name":"orchestration","status":"analysis"},{"id":"TASK-260715-2rhbnh","name":"orchestrate-wordstats-delivery","status":"analysis"}],"blocked":[],"byType":{"bug":{"total":0,"todo":0,"active":0,"done":0,"closed":0,"blocked":0},"epic":{"total":1,"todo":0,"active":1,"done":0,"closed":0,"blocked":0},"story":{"total":4,"todo":0,"active":2,"done":2,"closed":0,"blocked":0},"task":{"total":5,"todo":0,"active":2,"done":3,"closed":0,"blocked":0}}}
===== SAMPLE 15:30:05 (elapsed 41s) =====
--- runs ---
RUN-260715-07faff completed TASK-260715-2uata8 [reviewer] reviewer (codex)
RUN-260715-0cdeaa completed TASK-260715-2uata8 [implementer] developer (codex)
RUN-260715-25bbcb completed TASK-260715-k0ivxq [implementer] doc-writer (codex)
RUN-260715-374bd8 running TASK-260715-2rhbnh [analyst] orchestrator (codex)
RUN-260715-4ba468 completed TASK-260715-21fpvo [reviewer] reviewer (codex)
RUN-260715-546f09 completed TASK-260715-21fpvo [implementer] developer (codex)
RUN-260715-7d7b8b completed TASK-260715-2uata8 [implementer] developer (codex)
RUN-260715-a48e9d completed TASK-260715-2uata8 [reviewer] reviewer (codex)
RUN-260715-ac31ff completed TASK-260715-k0ivxq [reviewer] reviewer (codex)
RUN-260715-ef51a5 running TASK-260715-a6fnue [tester] tester (codex)
--- board ---
summary:{"active":[{"id":"EPIC-260715-28gb4e","name":"wordstats-cli","status":"analysis"},{"id":"STORY-260715-1lb262","name":"delivery-documentation-and-verification","status":"development"},{"id":"TASK-260715-a6fnue","name":"verify-wordstats-delivery","status":"development"},{"id":"STORY-260715-34y1fs","name":"orchestration","status":"analysis"},{"id":"TASK-260715-2rhbnh","name":"orchestrate-wordstats-delivery","status":"analysis"}],"blocked":[],"byType":{"bug":{"total":0,"todo":0,"active":0,"done":0,"closed":0,"blocked":0},"epic":{"total":1,"todo":0,"active":1,"done":0,"closed":0,"blocked":0},"story":{"total":4,"todo":0,"active":2,"done":2,"closed":0,"blocked":0},"task":{"total":5,"todo":0,"active":2,"done":3,"closed":0,"blocked":0}}}
===== SAMPLE 15:30:26 (elapsed 62s) =====
--- runs ---
RUN-260715-07faff completed TASK-260715-2uata8 [reviewer] reviewer (codex)
RUN-260715-0cdeaa completed TASK-260715-2uata8 [implementer] developer (codex)
RUN-260715-25bbcb completed TASK-260715-k0ivxq [implementer] doc-writer (codex)
RUN-260715-374bd8 running TASK-260715-2rhbnh [analyst] orchestrator (codex)
RUN-260715-4ba468 completed TASK-260715-21fpvo [reviewer] reviewer (codex)
RUN-260715-546f09 completed TASK-260715-21fpvo [implementer] developer (codex)
RUN-260715-7d7b8b completed TASK-260715-2uata8 [implementer] developer (codex)
RUN-260715-a48e9d completed TASK-260715-2uata8 [reviewer] reviewer (codex)
RUN-260715-ac31ff completed TASK-260715-k0ivxq [reviewer] reviewer (codex)
RUN-260715-ef51a5 running TASK-260715-a6fnue [tester] tester (codex)
--- board ---
summary:{"active":[{"id":"EPIC-260715-28gb4e","name":"wordstats-cli","status":"analysis"},{"id":"STORY-260715-1lb262","name":"delivery-documentation-and-verification","status":"development"},{"id":"TASK-260715-a6fnue","name":"verify-wordstats-delivery","status":"development"},{"id":"STORY-260715-34y1fs","name":"orchestration","status":"analysis"},{"id":"TASK-260715-2rhbnh","name":"orchestrate-wordstats-delivery","status":"analysis"}],"blocked":[],"byType":{"bug":{"total":0,"todo":0,"active":0,"done":0,"closed":0,"blocked":0},"epic":{"total":1,"todo":0,"active":1,"done":0,"closed":0,"blocked":0},"story":{"total":4,"todo":0,"active":2,"done":2,"closed":0,"blocked":0},"task":{"total":5,"todo":0,"active":2,"done":3,"closed":0,"blocked":0}}}
===== SAMPLE 15:30:46 (elapsed 82s) =====
--- runs ---
RUN-260715-07faff completed TASK-260715-2uata8 [reviewer] reviewer (codex)
RUN-260715-0cdeaa completed TASK-260715-2uata8 [implementer] developer (codex)
RUN-260715-25bbcb completed TASK-260715-k0ivxq [implementer] doc-writer (codex)
RUN-260715-374bd8 running TASK-260715-2rhbnh [analyst] orchestrator (codex)
RUN-260715-4ba468 completed TASK-260715-21fpvo [reviewer] reviewer (codex)
RUN-260715-546f09 completed TASK-260715-21fpvo [implementer] developer (codex)
RUN-260715-7d7b8b completed TASK-260715-2uata8 [implementer] developer (codex)
RUN-260715-a48e9d completed TASK-260715-2uata8 [reviewer] reviewer (codex)
RUN-260715-ac31ff completed TASK-260715-k0ivxq [reviewer] reviewer (codex)
RUN-260715-ef51a5 running TASK-260715-a6fnue [tester] tester (codex)
--- board ---
summary:{"active":[{"id":"EPIC-260715-28gb4e","name":"wordstats-cli","status":"analysis"},{"id":"STORY-260715-1lb262","name":"delivery-documentation-and-verification","status":"development"},{"id":"TASK-260715-a6fnue","name":"verify-wordstats-delivery","status":"development"},{"id":"STORY-260715-34y1fs","name":"orchestration","status":"analysis"},{"id":"TASK-260715-2rhbnh","name":"orchestrate-wordstats-delivery","status":"analysis"}],"blocked":[],"byType":{"bug":{"total":0,"todo":0,"active":0,"done":0,"closed":0,"blocked":0},"epic":{"total":1,"todo":0,"active":1,"done":0,"closed":0,"blocked":0},"story":{"total":4,"todo":0,"active":2,"done":2,"closed":0,"blocked":0},"task":{"total":5,"todo":0,"active":2,"done":3,"closed":0,"blocked":0}}}
===== SAMPLE 15:31:07 (elapsed 103s) =====
--- runs ---
RUN-260715-07faff completed TASK-260715-2uata8 [reviewer] reviewer (codex)
RUN-260715-0cdeaa completed TASK-260715-2uata8 [implementer] developer (codex)
RUN-260715-25bbcb completed TASK-260715-k0ivxq [implementer] doc-writer (codex)
RUN-260715-374bd8 running TASK-260715-2rhbnh [analyst] orchestrator (codex)
RUN-260715-4ba468 completed TASK-260715-21fpvo [reviewer] reviewer (codex)
RUN-260715-546f09 completed TASK-260715-21fpvo [implementer] developer (codex)
RUN-260715-7d7b8b completed TASK-260715-2uata8 [implementer] developer (codex)
RUN-260715-a48e9d completed TASK-260715-2uata8 [reviewer] reviewer (codex)
RUN-260715-ac31ff completed TASK-260715-k0ivxq [reviewer] reviewer (codex)
RUN-260715-ef51a5 running TASK-260715-a6fnue [tester] tester (codex)
--- board ---
summary:{"active":[{"id":"EPIC-260715-28gb4e","name":"wordstats-cli","status":"analysis"},{"id":"STORY-260715-1lb262","name":"delivery-documentation-and-verification","status":"development"},{"id":"TASK-260715-a6fnue","name":"verify-wordstats-delivery","status":"development"},{"id":"STORY-260715-34y1fs","name":"orchestration","status":"analysis"},{"id":"TASK-260715-2rhbnh","name":"orchestrate-wordstats-delivery","status":"analysis"}],"blocked":[],"byType":{"bug":{"total":0,"todo":0,"active":0,"done":0,"closed":0,"blocked":0},"epic":{"total":1,"todo":0,"active":1,"done":0,"closed":0,"blocked":0},"story":{"total":4,"todo":0,"active":2,"done":2,"closed":0,"blocked":0},"task":{"total":5,"todo":0,"active":2,"done":3,"closed":0,"blocked":0}}}
===== SAMPLE 15:31:27 (elapsed 123s) =====
--- runs ---
RUN-260715-07faff completed TASK-260715-2uata8 [reviewer] reviewer (codex)
RUN-260715-0cdeaa completed TASK-260715-2uata8 [implementer] developer (codex)
RUN-260715-25bbcb completed TASK-260715-k0ivxq [implementer] doc-writer (codex)
RUN-260715-374bd8 running TASK-260715-2rhbnh [analyst] orchestrator (codex)
RUN-260715-4ba468 completed TASK-260715-21fpvo [reviewer] reviewer (codex)
RUN-260715-546f09 completed TASK-260715-21fpvo [implementer] developer (codex)
RUN-260715-7d7b8b completed TASK-260715-2uata8 [implementer] developer (codex)
RUN-260715-a48e9d completed TASK-260715-2uata8 [reviewer] reviewer (codex)
RUN-260715-ac31ff completed TASK-260715-k0ivxq [reviewer] reviewer (codex)
RUN-260715-ef51a5 running TASK-260715-a6fnue [tester] tester (codex)
--- board ---
summary:{"active":[{"id":"EPIC-260715-28gb4e","name":"wordstats-cli","status":"analysis"},{"id":"STORY-260715-1lb262","name":"delivery-documentation-and-verification","status":"development"},{"id":"TASK-260715-a6fnue","name":"verify-wordstats-delivery","status":"development"},{"id":"STORY-260715-34y1fs","name":"orchestration","status":"analysis"},{"id":"TASK-260715-2rhbnh","name":"orchestrate-wordstats-delivery","status":"analysis"}],"blocked":[],"byType":{"bug":{"total":0,"todo":0,"active":0,"done":0,"closed":0,"blocked":0},"epic":{"total":1,"todo":0,"active":1,"done":0,"closed":0,"blocked":0},"story":{"total":4,"todo":0,"active":2,"done":2,"closed":0,"blocked":0},"task":{"total":5,"todo":0,"active":2,"done":3,"closed":0,"blocked":0}}}
===== SAMPLE 15:31:48 (elapsed 144s) =====
--- runs ---
RUN-260715-07faff completed TASK-260715-2uata8 [reviewer] reviewer (codex)
RUN-260715-0cdeaa completed TASK-260715-2uata8 [implementer] developer (codex)
RUN-260715-25bbcb completed TASK-260715-k0ivxq [implementer] doc-writer (codex)
RUN-260715-374bd8 running TASK-260715-2rhbnh [analyst] orchestrator (codex)
RUN-260715-4ba468 completed TASK-260715-21fpvo [reviewer] reviewer (codex)
RUN-260715-546f09 completed TASK-260715-21fpvo [implementer] developer (codex)
RUN-260715-7d7b8b completed TASK-260715-2uata8 [implementer] developer (codex)
RUN-260715-a48e9d completed TASK-260715-2uata8 [reviewer] reviewer (codex)
RUN-260715-ac31ff completed TASK-260715-k0ivxq [reviewer] reviewer (codex)
RUN-260715-ef51a5 running TASK-260715-a6fnue [tester] tester (codex)
--- board ---
summary:{"active":[{"id":"EPIC-260715-28gb4e","name":"wordstats-cli","status":"analysis"},{"id":"STORY-260715-1lb262","name":"delivery-documentation-and-verification","status":"development"},{"id":"TASK-260715-a6fnue","name":"verify-wordstats-delivery","status":"development"},{"id":"STORY-260715-34y1fs","name":"orchestration","status":"analysis"},{"id":"TASK-260715-2rhbnh","name":"orchestrate-wordstats-delivery","status":"analysis"}],"blocked":[],"byType":{"bug":{"total":0,"todo":0,"active":0,"done":0,"closed":0,"blocked":0},"epic":{"total":1,"todo":0,"active":1,"done":0,"closed":0,"blocked":0},"story":{"total":4,"todo":0,"active":2,"done":2,"closed":0,"blocked":0},"task":{"total":5,"todo":0,"active":2,"done":3,"closed":0,"blocked":0}}}
===== SAMPLE 15:32:08 (elapsed 164s) =====
--- runs ---
RUN-260715-07faff completed TASK-260715-2uata8 [reviewer] reviewer (codex)
RUN-260715-0cdeaa completed TASK-260715-2uata8 [implementer] developer (codex)
RUN-260715-25bbcb completed TASK-260715-k0ivxq [implementer] doc-writer (codex)
RUN-260715-374bd8 running TASK-260715-2rhbnh [analyst] orchestrator (codex)
RUN-260715-4ba468 completed TASK-260715-21fpvo [reviewer] reviewer (codex)
RUN-260715-546f09 completed TASK-260715-21fpvo [implementer] developer (codex)
RUN-260715-7d7b8b completed TASK-260715-2uata8 [implementer] developer (codex)
RUN-260715-a48e9d completed TASK-260715-2uata8 [reviewer] reviewer (codex)
RUN-260715-ac31ff completed TASK-260715-k0ivxq [reviewer] reviewer (codex)
RUN-260715-ef51a5 running TASK-260715-a6fnue [tester] tester (codex)
--- board ---
summary:{"active":[{"id":"EPIC-260715-28gb4e","name":"wordstats-cli","status":"analysis"},{"id":"STORY-260715-1lb262","name":"delivery-documentation-and-verification","status":"development"},{"id":"TASK-260715-a6fnue","name":"verify-wordstats-delivery","status":"development"},{"id":"STORY-260715-34y1fs","name":"orchestration","status":"analysis"},{"id":"TASK-260715-2rhbnh","name":"orchestrate-wordstats-delivery","status":"analysis"}],"blocked":[],"byType":{"bug":{"total":0,"todo":0,"active":0,"done":0,"closed":0,"blocked":0},"epic":{"total":1,"todo":0,"active":1,"done":0,"closed":0,"blocked":0},"story":{"total":4,"todo":0,"active":2,"done":2,"closed":0,"blocked":0},"task":{"total":5,"todo":0,"active":2,"done":3,"closed":0,"blocked":0}}}
===== SAMPLE 15:32:28 (elapsed 184s) =====
--- runs ---
RUN-260715-07faff completed TASK-260715-2uata8 [reviewer] reviewer (codex)
RUN-260715-0cdeaa completed TASK-260715-2uata8 [implementer] developer (codex)
RUN-260715-25bbcb completed TASK-260715-k0ivxq [implementer] doc-writer (codex)
RUN-260715-374bd8 running TASK-260715-2rhbnh [analyst] orchestrator (codex)
RUN-260715-4ba468 completed TASK-260715-21fpvo [reviewer] reviewer (codex)
RUN-260715-546f09 completed TASK-260715-21fpvo [implementer] developer (codex)
RUN-260715-7d7b8b completed TASK-260715-2uata8 [implementer] developer (codex)
RUN-260715-a48e9d completed TASK-260715-2uata8 [reviewer] reviewer (codex)
RUN-260715-ac31ff completed TASK-260715-k0ivxq [reviewer] reviewer (codex)
RUN-260715-ef51a5 running TASK-260715-a6fnue [tester] tester (codex)
--- board ---
summary:{"active":[{"id":"EPIC-260715-28gb4e","name":"wordstats-cli","status":"analysis"},{"id":"STORY-260715-1lb262","name":"delivery-documentation-and-verification","status":"development"},{"id":"TASK-260715-a6fnue","name":"verify-wordstats-delivery","status":"development"},{"id":"STORY-260715-34y1fs","name":"orchestration","status":"analysis"},{"id":"TASK-260715-2rhbnh","name":"orchestrate-wordstats-delivery","status":"analysis"}],"blocked":[],"byType":{"bug":{"total":0,"todo":0,"active":0,"done":0,"closed":0,"blocked":0},"epic":{"total":1,"todo":0,"active":1,"done":0,"closed":0,"blocked":0},"story":{"total":4,"todo":0,"active":2,"done":2,"closed":0,"blocked":0},"task":{"total":5,"todo":0,"active":2,"done":3,"closed":0,"blocked":0}}}
===== SAMPLE 15:32:49 (elapsed 205s) =====
--- runs ---
RUN-260715-07faff completed TASK-260715-2uata8 [reviewer] reviewer (codex)
RUN-260715-0cdeaa completed TASK-260715-2uata8 [implementer] developer (codex)
RUN-260715-25bbcb completed TASK-260715-k0ivxq [implementer] doc-writer (codex)
RUN-260715-374bd8 running TASK-260715-2rhbnh [analyst] orchestrator (codex)
RUN-260715-4ba468 completed TASK-260715-21fpvo [reviewer] reviewer (codex)
RUN-260715-546f09 completed TASK-260715-21fpvo [implementer] developer (codex)
RUN-260715-7d7b8b completed TASK-260715-2uata8 [implementer] developer (codex)
RUN-260715-a48e9d completed TASK-260715-2uata8 [reviewer] reviewer (codex)
RUN-260715-ac31ff completed TASK-260715-k0ivxq [reviewer] reviewer (codex)
RUN-260715-ef51a5 running TASK-260715-a6fnue [tester] tester (codex)
--- board ---
summary:{"active":[{"id":"EPIC-260715-28gb4e","name":"wordstats-cli","status":"analysis"},{"id":"STORY-260715-1lb262","name":"delivery-documentation-and-verification","status":"development"},{"id":"TASK-260715-a6fnue","name":"verify-wordstats-delivery","status":"development"},{"id":"STORY-260715-34y1fs","name":"orchestration","status":"analysis"},{"id":"TASK-260715-2rhbnh","name":"orchestrate-wordstats-delivery","status":"analysis"}],"blocked":[],"byType":{"bug":{"total":0,"todo":0,"active":0,"done":0,"closed":0,"blocked":0},"epic":{"total":1,"todo":0,"active":1,"done":0,"closed":0,"blocked":0},"story":{"total":4,"todo":0,"active":2,"done":2,"closed":0,"blocked":0},"task":{"total":5,"todo":0,"active":2,"done":3,"closed":0,"blocked":0}}}
===== SAMPLE 15:33:09 (elapsed 225s) =====
--- runs ---
RUN-260715-07faff completed TASK-260715-2uata8 [reviewer] reviewer (codex)
RUN-260715-0cdeaa completed TASK-260715-2uata8 [implementer] developer (codex)
RUN-260715-25bbcb completed TASK-260715-k0ivxq [implementer] doc-writer (codex)
RUN-260715-374bd8 running TASK-260715-2rhbnh [analyst] orchestrator (codex)
RUN-260715-4ba468 completed TASK-260715-21fpvo [reviewer] reviewer (codex)
RUN-260715-546f09 completed TASK-260715-21fpvo [implementer] developer (codex)
RUN-260715-7d7b8b completed TASK-260715-2uata8 [implementer] developer (codex)
RUN-260715-a48e9d completed TASK-260715-2uata8 [reviewer] reviewer (codex)
RUN-260715-ac31ff completed TASK-260715-k0ivxq [reviewer] reviewer (codex)
RUN-260715-ef51a5 running TASK-260715-a6fnue [tester] tester (codex)
--- board ---
summary:{"active":[{"id":"EPIC-260715-28gb4e","name":"wordstats-cli","status":"analysis"},{"id":"STORY-260715-1lb262","name":"delivery-documentation-and-verification","status":"development"},{"id":"TASK-260715-a6fnue","name":"verify-wordstats-delivery","status":"development"},{"id":"STORY-260715-34y1fs","name":"orchestration","status":"analysis"},{"id":"TASK-260715-2rhbnh","name":"orchestrate-wordstats-delivery","status":"analysis"}],"blocked":[],"byType":{"bug":{"total":0,"todo":0,"active":0,"done":0,"closed":0,"blocked":0},"epic":{"total":1,"todo":0,"active":1,"done":0,"closed":0,"blocked":0},"story":{"total":4,"todo":0,"active":2,"done":2,"closed":0,"blocked":0},"task":{"total":5,"todo":0,"active":2,"done":3,"closed":0,"blocked":0}}}
===== SAMPLE 15:33:30 (elapsed 246s) =====
--- runs ---
RUN-260715-07faff completed TASK-260715-2uata8 [reviewer] reviewer (codex)
RUN-260715-0cdeaa completed TASK-260715-2uata8 [implementer] developer (codex)
RUN-260715-25bbcb completed TASK-260715-k0ivxq [implementer] doc-writer (codex)
RUN-260715-374bd8 running TASK-260715-2rhbnh [analyst] orchestrator (codex)
RUN-260715-4ba468 completed TASK-260715-21fpvo [reviewer] reviewer (codex)
RUN-260715-546f09 completed TASK-260715-21fpvo [implementer] developer (codex)
RUN-260715-7d7b8b completed TASK-260715-2uata8 [implementer] developer (codex)
RUN-260715-a48e9d completed TASK-260715-2uata8 [reviewer] reviewer (codex)
RUN-260715-ac31ff completed TASK-260715-k0ivxq [reviewer] reviewer (codex)
RUN-260715-ef51a5 running TASK-260715-a6fnue [tester] tester (codex)
--- board ---
summary:{"active":[{"id":"EPIC-260715-28gb4e","name":"wordstats-cli","status":"analysis"},{"id":"STORY-260715-1lb262","name":"delivery-documentation-and-verification","status":"development"},{"id":"TASK-260715-a6fnue","name":"verify-wordstats-delivery","status":"development"},{"id":"STORY-260715-34y1fs","name":"orchestration","status":"analysis"},{"id":"TASK-260715-2rhbnh","name":"orchestrate-wordstats-delivery","status":"analysis"}],"blocked":[],"byType":{"bug":{"total":0,"todo":0,"active":0,"done":0,"closed":0,"blocked":0},"epic":{"total":1,"todo":0,"active":1,"done":0,"closed":0,"blocked":0},"story":{"total":4,"todo":0,"active":2,"done":2,"closed":0,"blocked":0},"task":{"total":5,"todo":0,"active":2,"done":3,"closed":0,"blocked":0}}}
===== SAMPLE 15:33:50 (elapsed 266s) =====
--- runs ---
RUN-260715-07faff completed TASK-260715-2uata8 [reviewer] reviewer (codex)
RUN-260715-0cdeaa completed TASK-260715-2uata8 [implementer] developer (codex)
RUN-260715-25bbcb completed TASK-260715-k0ivxq [implementer] doc-writer (codex)
RUN-260715-374bd8 running TASK-260715-2rhbnh [analyst] orchestrator (codex)
RUN-260715-4ba468 completed TASK-260715-21fpvo [reviewer] reviewer (codex)
RUN-260715-546f09 completed TASK-260715-21fpvo [implementer] developer (codex)
RUN-260715-7d7b8b completed TASK-260715-2uata8 [implementer] developer (codex)
RUN-260715-a48e9d completed TASK-260715-2uata8 [reviewer] reviewer (codex)
RUN-260715-ac31ff completed TASK-260715-k0ivxq [reviewer] reviewer (codex)
RUN-260715-ef51a5 running TASK-260715-a6fnue [tester] tester (codex)
--- board ---
summary:{"active":[{"id":"EPIC-260715-28gb4e","name":"wordstats-cli","status":"analysis"},{"id":"STORY-260715-1lb262","name":"delivery-documentation-and-verification","status":"development"},{"id":"TASK-260715-a6fnue","name":"verify-wordstats-delivery","status":"development"},{"id":"STORY-260715-34y1fs","name":"orchestration","status":"analysis"},{"id":"TASK-260715-2rhbnh","name":"orchestrate-wordstats-delivery","status":"analysis"}],"blocked":[],"byType":{"bug":{"total":0,"todo":0,"active":0,"done":0,"closed":0,"blocked":0},"epic":{"total":1,"todo":0,"active":1,"done":0,"closed":0,"blocked":0},"story":{"total":4,"todo":0,"active":2,"done":2,"closed":0,"blocked":0},"task":{"total":5,"todo":0,"active":2,"done":3,"closed":0,"blocked":0}}}
===== SAMPLE 15:34:10 (elapsed 286s) =====
--- runs ---
RUN-260715-07faff completed TASK-260715-2uata8 [reviewer] reviewer (codex)
RUN-260715-0cdeaa completed TASK-260715-2uata8 [implementer] developer (codex)
RUN-260715-25bbcb completed TASK-260715-k0ivxq [implementer] doc-writer (codex)
RUN-260715-374bd8 running TASK-260715-2rhbnh [analyst] orchestrator (codex)
RUN-260715-4ba468 completed TASK-260715-21fpvo [reviewer] reviewer (codex)
RUN-260715-546f09 completed TASK-260715-21fpvo [implementer] developer (codex)
RUN-260715-7d7b8b completed TASK-260715-2uata8 [implementer] developer (codex)
RUN-260715-a48e9d completed TASK-260715-2uata8 [reviewer] reviewer (codex)
RUN-260715-ac31ff completed TASK-260715-k0ivxq [reviewer] reviewer (codex)
RUN-260715-ef51a5 running TASK-260715-a6fnue [tester] tester (codex)
--- board ---
summary:{"active":[{"id":"EPIC-260715-28gb4e","name":"wordstats-cli","status":"analysis"},{"id":"STORY-260715-1lb262","name":"delivery-documentation-and-verification","status":"development"},{"id":"TASK-260715-a6fnue","name":"verify-wordstats-delivery","status":"development"},{"id":"STORY-260715-34y1fs","name":"orchestration","status":"analysis"},{"id":"TASK-260715-2rhbnh","name":"orchestrate-wordstats-delivery","status":"analysis"}],"blocked":[],"byType":{"bug":{"total":0,"todo":0,"active":0,"done":0,"closed":0,"blocked":0},"epic":{"total":1,"todo":0,"active":1,"done":0,"closed":0,"blocked":0},"story":{"total":4,"todo":0,"active":2,"done":2,"closed":0,"blocked":0},"task":{"total":5,"todo":0,"active":2,"done":3,"closed":0,"blocked":0}}}
===== SAMPLE 15:34:31 (elapsed 307s) =====
--- runs ---
RUN-260715-07faff completed TASK-260715-2uata8 [reviewer] reviewer (codex)
RUN-260715-0cdeaa completed TASK-260715-2uata8 [implementer] developer (codex)
RUN-260715-25bbcb completed TASK-260715-k0ivxq [implementer] doc-writer (codex)
RUN-260715-374bd8 running TASK-260715-2rhbnh [analyst] orchestrator (codex)
RUN-260715-4ba468 completed TASK-260715-21fpvo [reviewer] reviewer (codex)
RUN-260715-546f09 completed TASK-260715-21fpvo [implementer] developer (codex)
RUN-260715-7d7b8b completed TASK-260715-2uata8 [implementer] developer (codex)
RUN-260715-a48e9d completed TASK-260715-2uata8 [reviewer] reviewer (codex)
RUN-260715-ac31ff completed TASK-260715-k0ivxq [reviewer] reviewer (codex)
RUN-260715-ef51a5 running TASK-260715-a6fnue [tester] tester (codex)
--- board ---
summary:{"active":[{"id":"EPIC-260715-28gb4e","name":"wordstats-cli","status":"analysis"},{"id":"STORY-260715-1lb262","name":"delivery-documentation-and-verification","status":"development"},{"id":"TASK-260715-a6fnue","name":"verify-wordstats-delivery","status":"development"},{"id":"STORY-260715-34y1fs","name":"orchestration","status":"analysis"},{"id":"TASK-260715-2rhbnh","name":"orchestrate-wordstats-delivery","status":"analysis"}],"blocked":[],"byType":{"bug":{"total":0,"todo":0,"active":0,"done":0,"closed":0,"blocked":0},"epic":{"total":1,"todo":0,"active":1,"done":0,"closed":0,"blocked":0},"story":{"total":4,"todo":0,"active":2,"done":2,"closed":0,"blocked":0},"task":{"total":5,"todo":0,"active":2,"done":3,"closed":0,"blocked":0}}}
===== SAMPLE 15:34:51 (elapsed 327s) =====
--- runs ---
RUN-260715-07faff completed TASK-260715-2uata8 [reviewer] reviewer (codex)
RUN-260715-0cdeaa completed TASK-260715-2uata8 [implementer] developer (codex)
RUN-260715-25bbcb completed TASK-260715-k0ivxq [implementer] doc-writer (codex)
RUN-260715-374bd8 running TASK-260715-2rhbnh [analyst] orchestrator (codex)
RUN-260715-4ba468 completed TASK-260715-21fpvo [reviewer] reviewer (codex)
RUN-260715-546f09 completed TASK-260715-21fpvo [implementer] developer (codex)
RUN-260715-7d7b8b completed TASK-260715-2uata8 [implementer] developer (codex)
RUN-260715-a48e9d completed TASK-260715-2uata8 [reviewer] reviewer (codex)
RUN-260715-ac31ff completed TASK-260715-k0ivxq [reviewer] reviewer (codex)
RUN-260715-ef51a5 running TASK-260715-a6fnue [tester] tester (codex)
--- board ---
summary:{"active":[{"id":"EPIC-260715-28gb4e","name":"wordstats-cli","status":"analysis"},{"id":"STORY-260715-1lb262","name":"delivery-documentation-and-verification","status":"development"},{"id":"TASK-260715-a6fnue","name":"verify-wordstats-delivery","status":"development"},{"id":"STORY-260715-34y1fs","name":"orchestration","status":"analysis"},{"id":"TASK-260715-2rhbnh","name":"orchestrate-wordstats-delivery","status":"analysis"}],"blocked":[],"byType":{"bug":{"total":0,"todo":0,"active":0,"done":0,"closed":0,"blocked":0},"epic":{"total":1,"todo":0,"active":1,"done":0,"closed":0,"blocked":0},"story":{"total":4,"todo":0,"active":2,"done":2,"closed":0,"blocked":0},"task":{"total":5,"todo":0,"active":2,"done":3,"closed":0,"blocked":0}}}
===== SAMPLE 15:35:11 (elapsed 347s) =====
--- runs ---
RUN-260715-07faff completed TASK-260715-2uata8 [reviewer] reviewer (codex)
RUN-260715-0cdeaa completed TASK-260715-2uata8 [implementer] developer (codex)
RUN-260715-25bbcb completed TASK-260715-k0ivxq [implementer] doc-writer (codex)
RUN-260715-374bd8 running TASK-260715-2rhbnh [analyst] orchestrator (codex)
RUN-260715-4ba468 completed TASK-260715-21fpvo [reviewer] reviewer (codex)
RUN-260715-546f09 completed TASK-260715-21fpvo [implementer] developer (codex)
RUN-260715-7d7b8b completed TASK-260715-2uata8 [implementer] developer (codex)
RUN-260715-a48e9d completed TASK-260715-2uata8 [reviewer] reviewer (codex)
RUN-260715-ac31ff completed TASK-260715-k0ivxq [reviewer] reviewer (codex)
RUN-260715-ef51a5 running TASK-260715-a6fnue [tester] tester (codex)
--- board ---
summary:{"active":[{"id":"EPIC-260715-28gb4e","name":"wordstats-cli","status":"analysis"},{"id":"STORY-260715-1lb262","name":"delivery-documentation-and-verification","status":"development"},{"id":"TASK-260715-a6fnue","name":"verify-wordstats-delivery","status":"development"},{"id":"STORY-260715-34y1fs","name":"orchestration","status":"analysis"},{"id":"TASK-260715-2rhbnh","name":"orchestrate-wordstats-delivery","status":"analysis"}],"blocked":[],"byType":{"bug":{"total":0,"todo":0,"active":0,"done":0,"closed":0,"blocked":0},"epic":{"total":1,"todo":0,"active":1,"done":0,"closed":0,"blocked":0},"story":{"total":4,"todo":0,"active":2,"done":2,"closed":0,"blocked":0},"task":{"total":5,"todo":0,"active":2,"done":3,"closed":0,"blocked":0}}}
===== SAMPLE 15:35:32 (elapsed 368s) =====
--- runs ---
RUN-260715-07faff completed TASK-260715-2uata8 [reviewer] reviewer (codex)
RUN-260715-0cdeaa completed TASK-260715-2uata8 [implementer] developer (codex)
RUN-260715-25bbcb completed TASK-260715-k0ivxq [implementer] doc-writer (codex)
RUN-260715-374bd8 running TASK-260715-2rhbnh [analyst] orchestrator (codex)
RUN-260715-4ba468 completed TASK-260715-21fpvo [reviewer] reviewer (codex)
RUN-260715-546f09 completed TASK-260715-21fpvo [implementer] developer (codex)
RUN-260715-7d7b8b completed TASK-260715-2uata8 [implementer] developer (codex)
RUN-260715-a48e9d completed TASK-260715-2uata8 [reviewer] reviewer (codex)
RUN-260715-ac31ff completed TASK-260715-k0ivxq [reviewer] reviewer (codex)
RUN-260715-ef51a5 running TASK-260715-a6fnue [tester] tester (codex)
--- board ---
summary:{"active":[{"id":"EPIC-260715-28gb4e","name":"wordstats-cli","status":"analysis"},{"id":"STORY-260715-1lb262","name":"delivery-documentation-and-verification","status":"development"},{"id":"TASK-260715-a6fnue","name":"verify-wordstats-delivery","status":"development"},{"id":"STORY-260715-34y1fs","name":"orchestration","status":"analysis"},{"id":"TASK-260715-2rhbnh","name":"orchestrate-wordstats-delivery","status":"analysis"}],"blocked":[],"byType":{"bug":{"total":0,"todo":0,"active":0,"done":0,"closed":0,"blocked":0},"epic":{"total":1,"todo":0,"active":1,"done":0,"closed":0,"blocked":0},"story":{"total":4,"todo":0,"active":2,"done":2,"closed":0,"blocked":0},"task":{"total":5,"todo":0,"active":2,"done":3,"closed":0,"blocked":0}}}
===== SAMPLE 15:35:52 (elapsed 388s) =====
--- runs ---
RUN-260715-07faff completed TASK-260715-2uata8 [reviewer] reviewer (codex)
RUN-260715-0cdeaa completed TASK-260715-2uata8 [implementer] developer (codex)
RUN-260715-25bbcb completed TASK-260715-k0ivxq [implementer] doc-writer (codex)
RUN-260715-374bd8 running TASK-260715-2rhbnh [analyst] orchestrator (codex)
RUN-260715-4ba468 completed TASK-260715-21fpvo [reviewer] reviewer (codex)
RUN-260715-546f09 completed TASK-260715-21fpvo [implementer] developer (codex)
RUN-260715-7d7b8b completed TASK-260715-2uata8 [implementer] developer (codex)
RUN-260715-a48e9d completed TASK-260715-2uata8 [reviewer] reviewer (codex)
RUN-260715-ac31ff completed TASK-260715-k0ivxq [reviewer] reviewer (codex)
RUN-260715-ef51a5 running TASK-260715-a6fnue [tester] tester (codex)
--- board ---
summary:{"active":[{"id":"EPIC-260715-28gb4e","name":"wordstats-cli","status":"analysis"},{"id":"STORY-260715-1lb262","name":"delivery-documentation-and-verification","status":"development"},{"id":"TASK-260715-a6fnue","name":"verify-wordstats-delivery","status":"development"},{"id":"STORY-260715-34y1fs","name":"orchestration","status":"analysis"},{"id":"TASK-260715-2rhbnh","name":"orchestrate-wordstats-delivery","status":"analysis"}],"blocked":[],"byType":{"bug":{"total":0,"todo":0,"active":0,"done":0,"closed":0,"blocked":0},"epic":{"total":1,"todo":0,"active":1,"done":0,"closed":0,"blocked":0},"story":{"total":4,"todo":0,"active":2,"done":2,"closed":0,"blocked":0},"task":{"total":5,"todo":0,"active":2,"done":3,"closed":0,"blocked":0}}}
===== SAMPLE 15:36:13 (elapsed 409s) =====
--- runs ---
RUN-260715-07faff completed TASK-260715-2uata8 [reviewer] reviewer (codex)
RUN-260715-0cdeaa completed TASK-260715-2uata8 [implementer] developer (codex)
RUN-260715-25bbcb completed TASK-260715-k0ivxq [implementer] doc-writer (codex)
RUN-260715-374bd8 running TASK-260715-2rhbnh [analyst] orchestrator (codex)
RUN-260715-4ba468 completed TASK-260715-21fpvo [reviewer] reviewer (codex)
RUN-260715-546f09 completed TASK-260715-21fpvo [implementer] developer (codex)
RUN-260715-7d7b8b completed TASK-260715-2uata8 [implementer] developer (codex)
RUN-260715-a48e9d completed TASK-260715-2uata8 [reviewer] reviewer (codex)
RUN-260715-ac31ff completed TASK-260715-k0ivxq [reviewer] reviewer (codex)
RUN-260715-ef51a5 running TASK-260715-a6fnue [tester] tester (codex)
--- board ---
summary:{"active":[{"id":"EPIC-260715-28gb4e","name":"wordstats-cli","status":"analysis"},{"id":"STORY-260715-1lb262","name":"delivery-documentation-and-verification","status":"development"},{"id":"TASK-260715-a6fnue","name":"verify-wordstats-delivery","status":"development"},{"id":"STORY-260715-34y1fs","name":"orchestration","status":"analysis"},{"id":"TASK-260715-2rhbnh","name":"orchestrate-wordstats-delivery","status":"analysis"}],"blocked":[],"byType":{"bug":{"total":0,"todo":0,"active":0,"done":0,"closed":0,"blocked":0},"epic":{"total":1,"todo":0,"active":1,"done":0,"closed":0,"blocked":0},"story":{"total":4,"todo":0,"active":2,"done":2,"closed":0,"blocked":0},"task":{"total":5,"todo":0,"active":2,"done":3,"closed":0,"blocked":0}}}
===== SAMPLE 15:36:33 (elapsed 429s) =====
--- runs ---
RUN-260715-07faff completed TASK-260715-2uata8 [reviewer] reviewer (codex)
RUN-260715-0cdeaa completed TASK-260715-2uata8 [implementer] developer (codex)
RUN-260715-25bbcb completed TASK-260715-k0ivxq [implementer] doc-writer (codex)
RUN-260715-374bd8 running TASK-260715-2rhbnh [analyst] orchestrator (codex)
RUN-260715-4ba468 completed TASK-260715-21fpvo [reviewer] reviewer (codex)
RUN-260715-546f09 completed TASK-260715-21fpvo [implementer] developer (codex)
RUN-260715-7d7b8b completed TASK-260715-2uata8 [implementer] developer (codex)
RUN-260715-a48e9d completed TASK-260715-2uata8 [reviewer] reviewer (codex)
RUN-260715-ac31ff completed TASK-260715-k0ivxq [reviewer] reviewer (codex)
RUN-260715-ef51a5 running TASK-260715-a6fnue [tester] tester (codex)
--- board ---
summary:{"active":[{"id":"EPIC-260715-28gb4e","name":"wordstats-cli","status":"analysis"},{"id":"STORY-260715-1lb262","name":"delivery-documentation-and-verification","status":"development"},{"id":"TASK-260715-a6fnue","name":"verify-wordstats-delivery","status":"development"},{"id":"STORY-260715-34y1fs","name":"orchestration","status":"analysis"},{"id":"TASK-260715-2rhbnh","name":"orchestrate-wordstats-delivery","status":"analysis"}],"blocked":[],"byType":{"bug":{"total":0,"todo":0,"active":0,"done":0,"closed":0,"blocked":0},"epic":{"total":1,"todo":0,"active":1,"done":0,"closed":0,"blocked":0},"story":{"total":4,"todo":0,"active":2,"done":2,"closed":0,"blocked":0},"task":{"total":5,"todo":0,"active":2,"done":3,"closed":0,"blocked":0}}}
WAKE (interval elapsed, root=running)
===== SAMPLE 15:36:50 (elapsed 0s) =====
--- runs ---
RUN-260715-07faff completed TASK-260715-2uata8 [reviewer] reviewer (codex)
RUN-260715-0cdeaa completed TASK-260715-2uata8 [implementer] developer (codex)
RUN-260715-25bbcb completed TASK-260715-k0ivxq [implementer] doc-writer (codex)
RUN-260715-374bd8 running TASK-260715-2rhbnh [analyst] orchestrator (codex)
RUN-260715-4ba468 completed TASK-260715-21fpvo [reviewer] reviewer (codex)
RUN-260715-546f09 completed TASK-260715-21fpvo [implementer] developer (codex)
RUN-260715-7d7b8b completed TASK-260715-2uata8 [implementer] developer (codex)
RUN-260715-a48e9d completed TASK-260715-2uata8 [reviewer] reviewer (codex)
RUN-260715-ac31ff completed TASK-260715-k0ivxq [reviewer] reviewer (codex)
RUN-260715-ef51a5 running TASK-260715-a6fnue [tester] tester (codex)
--- board ---
summary:{"active":[{"id":"EPIC-260715-28gb4e","name":"wordstats-cli","status":"analysis"},{"id":"STORY-260715-1lb262","name":"delivery-documentation-and-verification","status":"development"},{"id":"TASK-260715-a6fnue","name":"verify-wordstats-delivery","status":"development"},{"id":"STORY-260715-34y1fs","name":"orchestration","status":"analysis"},{"id":"TASK-260715-2rhbnh","name":"orchestrate-wordstats-delivery","status":"analysis"}],"blocked":[],"byType":{"bug":{"total":0,"todo":0,"active":0,"done":0,"closed":0,"blocked":0},"epic":{"total":1,"todo":0,"active":1,"done":0,"closed":0,"blocked":0},"story":{"total":4,"todo":0,"active":2,"done":2,"closed":0,"blocked":0},"task":{"total":5,"todo":0,"active":2,"done":3,"closed":0,"blocked":0}}}
===== SAMPLE 15:37:11 (elapsed 21s) =====
--- runs ---
RUN-260715-07faff completed TASK-260715-2uata8 [reviewer] reviewer (codex)
RUN-260715-0cdeaa completed TASK-260715-2uata8 [implementer] developer (codex)
RUN-260715-25bbcb completed TASK-260715-k0ivxq [implementer] doc-writer (codex)
RUN-260715-374bd8 running TASK-260715-2rhbnh [analyst] orchestrator (codex)
RUN-260715-4ba468 completed TASK-260715-21fpvo [reviewer] reviewer (codex)
RUN-260715-546f09 completed TASK-260715-21fpvo [implementer] developer (codex)
RUN-260715-7d7b8b completed TASK-260715-2uata8 [implementer] developer (codex)
RUN-260715-a48e9d completed TASK-260715-2uata8 [reviewer] reviewer (codex)
RUN-260715-ac31ff completed TASK-260715-k0ivxq [reviewer] reviewer (codex)
RUN-260715-ef51a5 running TASK-260715-a6fnue [tester] tester (codex)
--- board ---
summary:{"active":[{"id":"EPIC-260715-28gb4e","name":"wordstats-cli","status":"analysis"},{"id":"STORY-260715-1lb262","name":"delivery-documentation-and-verification","status":"development"},{"id":"TASK-260715-a6fnue","name":"verify-wordstats-delivery","status":"development"},{"id":"STORY-260715-34y1fs","name":"orchestration","status":"analysis"},{"id":"TASK-260715-2rhbnh","name":"orchestrate-wordstats-delivery","status":"analysis"}],"blocked":[],"byType":{"bug":{"total":0,"todo":0,"active":0,"done":0,"closed":0,"blocked":0},"epic":{"total":1,"todo":0,"active":1,"done":0,"closed":0,"blocked":0},"story":{"total":4,"todo":0,"active":2,"done":2,"closed":0,"blocked":0},"task":{"total":5,"todo":0,"active":2,"done":3,"closed":0,"blocked":0}}}
===== SAMPLE 15:37:31 (elapsed 41s) =====
--- runs ---
RUN-260715-07faff completed TASK-260715-2uata8 [reviewer] reviewer (codex)
RUN-260715-0cdeaa completed TASK-260715-2uata8 [implementer] developer (codex)
RUN-260715-25bbcb completed TASK-260715-k0ivxq [implementer] doc-writer (codex)
RUN-260715-374bd8 running TASK-260715-2rhbnh [analyst] orchestrator (codex)
RUN-260715-4ba468 completed TASK-260715-21fpvo [reviewer] reviewer (codex)
RUN-260715-546f09 completed TASK-260715-21fpvo [implementer] developer (codex)
RUN-260715-7d7b8b completed TASK-260715-2uata8 [implementer] developer (codex)
RUN-260715-a48e9d completed TASK-260715-2uata8 [reviewer] reviewer (codex)
RUN-260715-ac31ff completed TASK-260715-k0ivxq [reviewer] reviewer (codex)
RUN-260715-ef51a5 running TASK-260715-a6fnue [tester] tester (codex)
--- board ---
summary:{"active":[{"id":"EPIC-260715-28gb4e","name":"wordstats-cli","status":"analysis"},{"id":"STORY-260715-1lb262","name":"delivery-documentation-and-verification","status":"development"},{"id":"TASK-260715-a6fnue","name":"verify-wordstats-delivery","status":"development"},{"id":"STORY-260715-34y1fs","name":"orchestration","status":"analysis"},{"id":"TASK-260715-2rhbnh","name":"orchestrate-wordstats-delivery","status":"analysis"}],"blocked":[],"byType":{"bug":{"total":0,"todo":0,"active":0,"done":0,"closed":0,"blocked":0},"epic":{"total":1,"todo":0,"active":1,"done":0,"closed":0,"blocked":0},"story":{"total":4,"todo":0,"active":2,"done":2,"closed":0,"blocked":0},"task":{"total":5,"todo":0,"active":2,"done":3,"closed":0,"blocked":0}}}
===== SAMPLE 15:37:52 (elapsed 62s) =====
--- runs ---
RUN-260715-07faff completed TASK-260715-2uata8 [reviewer] reviewer (codex)
RUN-260715-0cdeaa completed TASK-260715-2uata8 [implementer] developer (codex)
RUN-260715-25bbcb completed TASK-260715-k0ivxq [implementer] doc-writer (codex)
RUN-260715-374bd8 running TASK-260715-2rhbnh [analyst] orchestrator (codex)
RUN-260715-4ba468 completed TASK-260715-21fpvo [reviewer] reviewer (codex)
RUN-260715-546f09 completed TASK-260715-21fpvo [implementer] developer (codex)
RUN-260715-7d7b8b completed TASK-260715-2uata8 [implementer] developer (codex)
RUN-260715-a48e9d completed TASK-260715-2uata8 [reviewer] reviewer (codex)
RUN-260715-ac31ff completed TASK-260715-k0ivxq [reviewer] reviewer (codex)
RUN-260715-ef51a5 running TASK-260715-a6fnue [tester] tester (codex)
--- board ---
summary:{"active":[{"id":"EPIC-260715-28gb4e","name":"wordstats-cli","status":"analysis"},{"id":"STORY-260715-1lb262","name":"delivery-documentation-and-verification","status":"development"},{"id":"TASK-260715-a6fnue","name":"verify-wordstats-delivery","status":"development"},{"id":"STORY-260715-34y1fs","name":"orchestration","status":"analysis"},{"id":"TASK-260715-2rhbnh","name":"orchestrate-wordstats-delivery","status":"analysis"}],"blocked":[],"byType":{"bug":{"total":0,"todo":0,"active":0,"done":0,"closed":0,"blocked":0},"epic":{"total":1,"todo":0,"active":1,"done":0,"closed":0,"blocked":0},"story":{"total":4,"todo":0,"active":2,"done":2,"closed":0,"blocked":0},"task":{"total":5,"todo":0,"active":2,"done":3,"closed":0,"blocked":0}}}
===== SAMPLE 15:38:12 (elapsed 82s) =====
--- runs ---
RUN-260715-07faff completed TASK-260715-2uata8 [reviewer] reviewer (codex)
RUN-260715-0cdeaa completed TASK-260715-2uata8 [implementer] developer (codex)
RUN-260715-25bbcb completed TASK-260715-k0ivxq [implementer] doc-writer (codex)
RUN-260715-374bd8 running TASK-260715-2rhbnh [analyst] orchestrator (codex)
RUN-260715-4ba468 completed TASK-260715-21fpvo [reviewer] reviewer (codex)
RUN-260715-546f09 completed TASK-260715-21fpvo [implementer] developer (codex)
RUN-260715-7d7b8b completed TASK-260715-2uata8 [implementer] developer (codex)
RUN-260715-a48e9d completed TASK-260715-2uata8 [reviewer] reviewer (codex)
RUN-260715-ac31ff completed TASK-260715-k0ivxq [reviewer] reviewer (codex)
RUN-260715-ef51a5 running TASK-260715-a6fnue [tester] tester (codex)
--- board ---
summary:{"active":[{"id":"EPIC-260715-28gb4e","name":"wordstats-cli","status":"analysis"},{"id":"STORY-260715-1lb262","name":"delivery-documentation-and-verification","status":"development"},{"id":"TASK-260715-a6fnue","name":"verify-wordstats-delivery","status":"development"},{"id":"STORY-260715-34y1fs","name":"orchestration","status":"analysis"},{"id":"TASK-260715-2rhbnh","name":"orchestrate-wordstats-delivery","status":"analysis"}],"blocked":[],"byType":{"bug":{"total":0,"todo":0,"active":0,"done":0,"closed":0,"blocked":0},"epic":{"total":1,"todo":0,"active":1,"done":0,"closed":0,"blocked":0},"story":{"total":4,"todo":0,"active":2,"done":2,"closed":0,"blocked":0},"task":{"total":5,"todo":0,"active":2,"done":3,"closed":0,"blocked":0}}}
===== SAMPLE 15:38:32 (elapsed 102s) =====
--- runs ---
RUN-260715-07faff completed TASK-260715-2uata8 [reviewer] reviewer (codex)
RUN-260715-0cdeaa completed TASK-260715-2uata8 [implementer] developer (codex)
RUN-260715-25bbcb completed TASK-260715-k0ivxq [implementer] doc-writer (codex)
RUN-260715-374bd8 running TASK-260715-2rhbnh [analyst] orchestrator (codex)
RUN-260715-4ba468 completed TASK-260715-21fpvo [reviewer] reviewer (codex)
RUN-260715-546f09 completed TASK-260715-21fpvo [implementer] developer (codex)
RUN-260715-7d7b8b completed TASK-260715-2uata8 [implementer] developer (codex)
RUN-260715-a48e9d completed TASK-260715-2uata8 [reviewer] reviewer (codex)
RUN-260715-ac31ff completed TASK-260715-k0ivxq [reviewer] reviewer (codex)
RUN-260715-ef51a5 running TASK-260715-a6fnue [tester] tester (codex)
--- board ---
summary:{"active":[{"id":"EPIC-260715-28gb4e","name":"wordstats-cli","status":"analysis"},{"id":"STORY-260715-1lb262","name":"delivery-documentation-and-verification","status":"development"},{"id":"TASK-260715-a6fnue","name":"verify-wordstats-delivery","status":"development"},{"id":"STORY-260715-34y1fs","name":"orchestration","status":"analysis"},{"id":"TASK-260715-2rhbnh","name":"orchestrate-wordstats-delivery","status":"analysis"}],"blocked":[],"byType":{"bug":{"total":0,"todo":0,"active":0,"done":0,"closed":0,"blocked":0},"epic":{"total":1,"todo":0,"active":1,"done":0,"closed":0,"blocked":0},"story":{"total":4,"todo":0,"active":2,"done":2,"closed":0,"blocked":0},"task":{"total":5,"todo":0,"active":2,"done":3,"closed":0,"blocked":0}}}
===== SAMPLE 15:38:53 (elapsed 123s) =====
--- runs ---
RUN-260715-07faff completed TASK-260715-2uata8 [reviewer] reviewer (codex)
RUN-260715-0cdeaa completed TASK-260715-2uata8 [implementer] developer (codex)
RUN-260715-25bbcb completed TASK-260715-k0ivxq [implementer] doc-writer (codex)
RUN-260715-374bd8 running TASK-260715-2rhbnh [analyst] orchestrator (codex)
RUN-260715-4ba468 completed TASK-260715-21fpvo [reviewer] reviewer (codex)
RUN-260715-546f09 completed TASK-260715-21fpvo [implementer] developer (codex)
RUN-260715-7d7b8b completed TASK-260715-2uata8 [implementer] developer (codex)
RUN-260715-a48e9d completed TASK-260715-2uata8 [reviewer] reviewer (codex)
RUN-260715-ac31ff completed TASK-260715-k0ivxq [reviewer] reviewer (codex)
RUN-260715-ef51a5 running TASK-260715-a6fnue [tester] tester (codex)
--- board ---
summary:{"active":[{"id":"EPIC-260715-28gb4e","name":"wordstats-cli","status":"analysis"},{"id":"STORY-260715-1lb262","name":"delivery-documentation-and-verification","status":"development"},{"id":"TASK-260715-a6fnue","name":"verify-wordstats-delivery","status":"development"},{"id":"STORY-260715-34y1fs","name":"orchestration","status":"analysis"},{"id":"TASK-260715-2rhbnh","name":"orchestrate-wordstats-delivery","status":"analysis"}],"blocked":[],"byType":{"bug":{"total":0,"todo":0,"active":0,"done":0,"closed":0,"blocked":0},"epic":{"total":1,"todo":0,"active":1,"done":0,"closed":0,"blocked":0},"story":{"total":4,"todo":0,"active":2,"done":2,"closed":0,"blocked":0},"task":{"total":5,"todo":0,"active":2,"done":3,"closed":0,"blocked":0}}}
===== SAMPLE 15:39:13 (elapsed 143s) =====
--- runs ---
RUN-260715-07faff completed TASK-260715-2uata8 [reviewer] reviewer (codex)
RUN-260715-0cdeaa completed TASK-260715-2uata8 [implementer] developer (codex)
RUN-260715-25bbcb completed TASK-260715-k0ivxq [implementer] doc-writer (codex)
RUN-260715-374bd8 running TASK-260715-2rhbnh [analyst] orchestrator (codex)
RUN-260715-4ba468 completed TASK-260715-21fpvo [reviewer] reviewer (codex)
RUN-260715-546f09 completed TASK-260715-21fpvo [implementer] developer (codex)
RUN-260715-7d7b8b completed TASK-260715-2uata8 [implementer] developer (codex)
RUN-260715-a48e9d completed TASK-260715-2uata8 [reviewer] reviewer (codex)
RUN-260715-ac31ff completed TASK-260715-k0ivxq [reviewer] reviewer (codex)
RUN-260715-ef51a5 running TASK-260715-a6fnue [tester] tester (codex)
--- board ---
summary:{"active":[{"id":"EPIC-260715-28gb4e","name":"wordstats-cli","status":"analysis"},{"id":"STORY-260715-1lb262","name":"delivery-documentation-and-verification","status":"development"},{"id":"TASK-260715-a6fnue","name":"verify-wordstats-delivery","status":"development"},{"id":"STORY-260715-34y1fs","name":"orchestration","status":"analysis"},{"id":"TASK-260715-2rhbnh","name":"orchestrate-wordstats-delivery","status":"analysis"}],"blocked":[],"byType":{"bug":{"total":0,"todo":0,"active":0,"done":0,"closed":0,"blocked":0},"epic":{"total":1,"todo":0,"active":1,"done":0,"closed":0,"blocked":0},"story":{"total":4,"todo":0,"active":2,"done":2,"closed":0,"blocked":0},"task":{"total":5,"todo":0,"active":2,"done":3,"closed":0,"blocked":0}}}
===== SAMPLE 15:39:34 (elapsed 164s) =====
--- runs ---
RUN-260715-07faff completed TASK-260715-2uata8 [reviewer] reviewer (codex)
RUN-260715-0cdeaa completed TASK-260715-2uata8 [implementer] developer (codex)
RUN-260715-25bbcb completed TASK-260715-k0ivxq [implementer] doc-writer (codex)
RUN-260715-374bd8 running TASK-260715-2rhbnh [analyst] orchestrator (codex)
RUN-260715-4ba468 completed TASK-260715-21fpvo [reviewer] reviewer (codex)
RUN-260715-546f09 completed TASK-260715-21fpvo [implementer] developer (codex)
RUN-260715-7d7b8b completed TASK-260715-2uata8 [implementer] developer (codex)
RUN-260715-a48e9d completed TASK-260715-2uata8 [reviewer] reviewer (codex)
RUN-260715-ac31ff completed TASK-260715-k0ivxq [reviewer] reviewer (codex)
RUN-260715-ef51a5 running TASK-260715-a6fnue [tester] tester (codex)
--- board ---
summary:{"active":[{"id":"EPIC-260715-28gb4e","name":"wordstats-cli","status":"analysis"},{"id":"STORY-260715-1lb262","name":"delivery-documentation-and-verification","status":"development"},{"id":"TASK-260715-a6fnue","name":"verify-wordstats-delivery","status":"development"},{"id":"STORY-260715-34y1fs","name":"orchestration","status":"analysis"},{"id":"TASK-260715-2rhbnh","name":"orchestrate-wordstats-delivery","status":"analysis"}],"blocked":[],"byType":{"bug":{"total":0,"todo":0,"active":0,"done":0,"closed":0,"blocked":0},"epic":{"total":1,"todo":0,"active":1,"done":0,"closed":0,"blocked":0},"story":{"total":4,"todo":0,"active":2,"done":2,"closed":0,"blocked":0},"task":{"total":5,"todo":0,"active":2,"done":3,"closed":0,"blocked":0}}}
===== SAMPLE 15:39:54 (elapsed 184s) =====
--- runs ---
RUN-260715-07faff completed TASK-260715-2uata8 [reviewer] reviewer (codex)
RUN-260715-0cdeaa completed TASK-260715-2uata8 [implementer] developer (codex)
RUN-260715-25bbcb completed TASK-260715-k0ivxq [implementer] doc-writer (codex)
RUN-260715-374bd8 running TASK-260715-2rhbnh [analyst] orchestrator (codex)
RUN-260715-4ba468 completed TASK-260715-21fpvo [reviewer] reviewer (codex)
RUN-260715-546f09 completed TASK-260715-21fpvo [implementer] developer (codex)
RUN-260715-7d7b8b completed TASK-260715-2uata8 [implementer] developer (codex)
RUN-260715-a48e9d completed TASK-260715-2uata8 [reviewer] reviewer (codex)
RUN-260715-ac31ff completed TASK-260715-k0ivxq [reviewer] reviewer (codex)
RUN-260715-ef51a5 running TASK-260715-a6fnue [tester] tester (codex)
--- board ---
summary:{"active":[{"id":"EPIC-260715-28gb4e","name":"wordstats-cli","status":"analysis"},{"id":"STORY-260715-1lb262","name":"delivery-documentation-and-verification","status":"development"},{"id":"TASK-260715-a6fnue","name":"verify-wordstats-delivery","status":"development"},{"id":"STORY-260715-34y1fs","name":"orchestration","status":"analysis"},{"id":"TASK-260715-2rhbnh","name":"orchestrate-wordstats-delivery","status":"analysis"}],"blocked":[],"byType":{"bug":{"total":0,"todo":0,"active":0,"done":0,"closed":0,"blocked":0},"epic":{"total":1,"todo":0,"active":1,"done":0,"closed":0,"blocked":0},"story":{"total":4,"todo":0,"active":2,"done":2,"closed":0,"blocked":0},"task":{"total":5,"todo":0,"active":2,"done":3,"closed":0,"blocked":0}}}
===== SAMPLE 15:40:14 (elapsed 204s) =====
--- runs ---
RUN-260715-07faff completed TASK-260715-2uata8 [reviewer] reviewer (codex)
RUN-260715-0cdeaa completed TASK-260715-2uata8 [implementer] developer (codex)
RUN-260715-25bbcb completed TASK-260715-k0ivxq [implementer] doc-writer (codex)
RUN-260715-374bd8 running TASK-260715-2rhbnh [analyst] orchestrator (codex)
RUN-260715-4ba468 completed TASK-260715-21fpvo [reviewer] reviewer (codex)
RUN-260715-546f09 completed TASK-260715-21fpvo [implementer] developer (codex)
RUN-260715-7d7b8b completed TASK-260715-2uata8 [implementer] developer (codex)
RUN-260715-a48e9d completed TASK-260715-2uata8 [reviewer] reviewer (codex)
RUN-260715-ac31ff completed TASK-260715-k0ivxq [reviewer] reviewer (codex)
RUN-260715-ef51a5 running TASK-260715-a6fnue [tester] tester (codex)
--- board ---
summary:{"active":[{"id":"EPIC-260715-28gb4e","name":"wordstats-cli","status":"analysis"},{"id":"STORY-260715-1lb262","name":"delivery-documentation-and-verification","status":"development"},{"id":"TASK-260715-a6fnue","name":"verify-wordstats-delivery","status":"development"},{"id":"STORY-260715-34y1fs","name":"orchestration","status":"analysis"},{"id":"TASK-260715-2rhbnh","name":"orchestrate-wordstats-delivery","status":"analysis"}],"blocked":[],"byType":{"bug":{"total":0,"todo":0,"active":0,"done":0,"closed":0,"blocked":0},"epic":{"total":1,"todo":0,"active":1,"done":0,"closed":0,"blocked":0},"story":{"total":4,"todo":0,"active":2,"done":2,"closed":0,"blocked":0},"task":{"total":5,"todo":0,"active":2,"done":3,"closed":0,"blocked":0}}}
===== SAMPLE 15:40:35 (elapsed 225s) =====
--- runs ---
RUN-260715-07faff completed TASK-260715-2uata8 [reviewer] reviewer (codex)
RUN-260715-0cdeaa completed TASK-260715-2uata8 [implementer] developer (codex)
RUN-260715-25bbcb completed TASK-260715-k0ivxq [implementer] doc-writer (codex)
RUN-260715-374bd8 running TASK-260715-2rhbnh [analyst] orchestrator (codex)
RUN-260715-4ba468 completed TASK-260715-21fpvo [reviewer] reviewer (codex)
RUN-260715-546f09 completed TASK-260715-21fpvo [implementer] developer (codex)
RUN-260715-7d7b8b completed TASK-260715-2uata8 [implementer] developer (codex)
RUN-260715-a48e9d completed TASK-260715-2uata8 [reviewer] reviewer (codex)
RUN-260715-ac31ff completed TASK-260715-k0ivxq [reviewer] reviewer (codex)
RUN-260715-ef51a5 running TASK-260715-a6fnue [tester] tester (codex)
--- board ---
summary:{"active":[{"id":"EPIC-260715-28gb4e","name":"wordstats-cli","status":"analysis"},{"id":"STORY-260715-1lb262","name":"delivery-documentation-and-verification","status":"development"},{"id":"TASK-260715-a6fnue","name":"verify-wordstats-delivery","status":"development"},{"id":"STORY-260715-34y1fs","name":"orchestration","status":"analysis"},{"id":"TASK-260715-2rhbnh","name":"orchestrate-wordstats-delivery","status":"analysis"}],"blocked":[],"byType":{"bug":{"total":0,"todo":0,"active":0,"done":0,"closed":0,"blocked":0},"epic":{"total":1,"todo":0,"active":1,"done":0,"closed":0,"blocked":0},"story":{"total":4,"todo":0,"active":2,"done":2,"closed":0,"blocked":0},"task":{"total":5,"todo":0,"active":2,"done":3,"closed":0,"blocked":0}}}
===== SAMPLE 15:40:55 (elapsed 245s) =====
--- runs ---
RUN-260715-07faff completed TASK-260715-2uata8 [reviewer] reviewer (codex)
RUN-260715-0cdeaa completed TASK-260715-2uata8 [implementer] developer (codex)
RUN-260715-25bbcb completed TASK-260715-k0ivxq [implementer] doc-writer (codex)
RUN-260715-374bd8 running TASK-260715-2rhbnh [analyst] orchestrator (codex)
RUN-260715-4ba468 completed TASK-260715-21fpvo [reviewer] reviewer (codex)
RUN-260715-546f09 completed TASK-260715-21fpvo [implementer] developer (codex)
RUN-260715-7d7b8b completed TASK-260715-2uata8 [implementer] developer (codex)
RUN-260715-a48e9d completed TASK-260715-2uata8 [reviewer] reviewer (codex)
RUN-260715-ac31ff completed TASK-260715-k0ivxq [reviewer] reviewer (codex)
RUN-260715-ef51a5 running TASK-260715-a6fnue [tester] tester (codex)
--- board ---
summary:{"active":[{"id":"EPIC-260715-28gb4e","name":"wordstats-cli","status":"analysis"},{"id":"STORY-260715-1lb262","name":"delivery-documentation-and-verification","status":"development"},{"id":"TASK-260715-a6fnue","name":"verify-wordstats-delivery","status":"development"},{"id":"STORY-260715-34y1fs","name":"orchestration","status":"analysis"},{"id":"TASK-260715-2rhbnh","name":"orchestrate-wordstats-delivery","status":"analysis"}],"blocked":[],"byType":{"bug":{"total":0,"todo":0,"active":0,"done":0,"closed":0,"blocked":0},"epic":{"total":1,"todo":0,"active":1,"done":0,"closed":0,"blocked":0},"story":{"total":4,"todo":0,"active":2,"done":2,"closed":0,"blocked":0},"task":{"total":5,"todo":0,"active":2,"done":3,"closed":0,"blocked":0}}}
===== SAMPLE 15:41:15 (elapsed 265s) =====
--- runs ---
RUN-260715-07faff completed TASK-260715-2uata8 [reviewer] reviewer (codex)
RUN-260715-0cdeaa completed TASK-260715-2uata8 [implementer] developer (codex)
RUN-260715-25bbcb completed TASK-260715-k0ivxq [implementer] doc-writer (codex)
RUN-260715-374bd8 running TASK-260715-2rhbnh [analyst] orchestrator (codex)
RUN-260715-4ba468 completed TASK-260715-21fpvo [reviewer] reviewer (codex)
RUN-260715-546f09 completed TASK-260715-21fpvo [implementer] developer (codex)
RUN-260715-7d7b8b completed TASK-260715-2uata8 [implementer] developer (codex)
RUN-260715-a48e9d completed TASK-260715-2uata8 [reviewer] reviewer (codex)
RUN-260715-ac31ff completed TASK-260715-k0ivxq [reviewer] reviewer (codex)
RUN-260715-ef51a5 running TASK-260715-a6fnue [tester] tester (codex)
--- board ---
summary:{"active":[{"id":"EPIC-260715-28gb4e","name":"wordstats-cli","status":"analysis"},{"id":"STORY-260715-1lb262","name":"delivery-documentation-and-verification","status":"development"},{"id":"TASK-260715-a6fnue","name":"verify-wordstats-delivery","status":"development"},{"id":"STORY-260715-34y1fs","name":"orchestration","status":"analysis"},{"id":"TASK-260715-2rhbnh","name":"orchestrate-wordstats-delivery","status":"analysis"}],"blocked":[],"byType":{"bug":{"total":0,"todo":0,"active":0,"done":0,"closed":0,"blocked":0},"epic":{"total":1,"todo":0,"active":1,"done":0,"closed":0,"blocked":0},"story":{"total":4,"todo":0,"active":2,"done":2,"closed":0,"blocked":0},"task":{"total":5,"todo":0,"active":2,"done":3,"closed":0,"blocked":0}}}
===== SAMPLE 15:41:36 (elapsed 286s) =====
--- runs ---
RUN-260715-07faff completed TASK-260715-2uata8 [reviewer] reviewer (codex)
RUN-260715-0cdeaa completed TASK-260715-2uata8 [implementer] developer (codex)
RUN-260715-25bbcb completed TASK-260715-k0ivxq [implementer] doc-writer (codex)
RUN-260715-374bd8 running TASK-260715-2rhbnh [analyst] orchestrator (codex)
RUN-260715-4ba468 completed TASK-260715-21fpvo [reviewer] reviewer (codex)
RUN-260715-546f09 completed TASK-260715-21fpvo [implementer] developer (codex)
RUN-260715-7d7b8b completed TASK-260715-2uata8 [implementer] developer (codex)
RUN-260715-a48e9d completed TASK-260715-2uata8 [reviewer] reviewer (codex)
RUN-260715-ac31ff completed TASK-260715-k0ivxq [reviewer] reviewer (codex)
RUN-260715-ef51a5 running TASK-260715-a6fnue [tester] tester (codex)
--- board ---
summary:{"active":[{"id":"EPIC-260715-28gb4e","name":"wordstats-cli","status":"analysis"},{"id":"STORY-260715-1lb262","name":"delivery-documentation-and-verification","status":"development"},{"id":"TASK-260715-a6fnue","name":"verify-wordstats-delivery","status":"development"},{"id":"STORY-260715-34y1fs","name":"orchestration","status":"analysis"},{"id":"TASK-260715-2rhbnh","name":"orchestrate-wordstats-delivery","status":"analysis"}],"blocked":[],"byType":{"bug":{"total":0,"todo":0,"active":0,"done":0,"closed":0,"blocked":0},"epic":{"total":1,"todo":0,"active":1,"done":0,"closed":0,"blocked":0},"story":{"total":4,"todo":0,"active":2,"done":2,"closed":0,"blocked":0},"task":{"total":5,"todo":0,"active":2,"done":3,"closed":0,"blocked":0}}}
===== SAMPLE 15:41:56 (elapsed 306s) =====
--- runs ---
RUN-260715-07faff completed TASK-260715-2uata8 [reviewer] reviewer (codex)
RUN-260715-0cdeaa completed TASK-260715-2uata8 [implementer] developer (codex)
RUN-260715-25bbcb completed TASK-260715-k0ivxq [implementer] doc-writer (codex)
RUN-260715-374bd8 failed TASK-260715-2rhbnh [analyst] orchestrator (codex)
RUN-260715-4ba468 completed TASK-260715-21fpvo [reviewer] reviewer (codex)
RUN-260715-546f09 completed TASK-260715-21fpvo [implementer] developer (codex)
RUN-260715-7d7b8b completed TASK-260715-2uata8 [implementer] developer (codex)
RUN-260715-a48e9d completed TASK-260715-2uata8 [reviewer] reviewer (codex)
RUN-260715-ac31ff completed TASK-260715-k0ivxq [reviewer] reviewer (codex)
RUN-260715-ef51a5 running TASK-260715-a6fnue [tester] tester (codex)
--- board ---
summary:{"active":[{"id":"EPIC-260715-28gb4e","name":"wordstats-cli","status":"analysis"},{"id":"STORY-260715-1lb262","name":"delivery-documentation-and-verification","status":"development"},{"id":"TASK-260715-a6fnue","name":"verify-wordstats-delivery","status":"development"},{"id":"STORY-260715-34y1fs","name":"orchestration","status":"analysis"},{"id":"TASK-260715-2rhbnh","name":"orchestrate-wordstats-delivery","status":"analysis"}],"blocked":[],"byType":{"bug":{"total":0,"todo":0,"active":0,"done":0,"closed":0,"blocked":0},"epic":{"total":1,"todo":0,"active":1,"done":0,"closed":0,"blocked":0},"story":{"total":4,"todo":0,"active":2,"done":2,"closed":0,"blocked":0},"task":{"total":5,"todo":0,"active":2,"done":3,"closed":0,"blocked":0}}}
ROOT TERMINAL: failed
